This is pdfTeX, Version 3.14159265-2.6-1.40.18 (TeX Live 2017/Debian) (preloaded format=pdflatex 2018.8.28)  27 JUN 2020 21:59
entering extended mode
 restricted \write18 enabled.
 %&-line parsing enabled.
**main.tex
(./main.tex
LaTeX2e <2017-04-15>
Babel <3.18> and hyphenation patterns for 84 language(s) loaded.
(./MastersDoctoralThesis.cls
Document Class: MastersDoctoralThesis 2016/03/25 v1.4 LaTeXTemplates.com
(/usr/share/texlive/texmf-dist/tex/latex/etoolbox/etoolbox.sty
Package: etoolbox 2018/02/11 v2.5e e-TeX tools for LaTeX (JAW)
\etb@tempcnta=\count79
)
(/usr/share/texlive/texmf-dist/tex/latex/l3packages/xparse/xparse.sty
(/usr/share/texlive/texmf-dist/tex/latex/l3kernel/expl3.sty
Package: expl3 2018/02/21 L3 programming layer (loader) 

(/usr/share/texlive/texmf-dist/tex/latex/l3kernel/expl3-code.tex
Package: expl3 2018/02/21 L3 programming layer (code)
\c_max_int=\count80
\l_tmpa_int=\count81
\l_tmpb_int=\count82
\g_tmpa_int=\count83
\g_tmpb_int=\count84
\g__intarray_font_int=\count85
\g__prg_map_int=\count86
\c_log_iow=\count87
\l_iow_line_count_int=\count88
\l__iow_line_target_int=\count89
\l__iow_one_indent_int=\count90
\l__iow_indent_int=\count91
\c_zero_dim=\dimen102
\c_max_dim=\dimen103
\l_tmpa_dim=\dimen104
\l_tmpb_dim=\dimen105
\g_tmpa_dim=\dimen106
\g_tmpb_dim=\dimen107
\c_zero_skip=\skip41
\c_max_skip=\skip42
\l_tmpa_skip=\skip43
\l_tmpb_skip=\skip44
\g_tmpa_skip=\skip45
\g_tmpb_skip=\skip46
\c_zero_muskip=\muskip10
\c_max_muskip=\muskip11
\l_tmpa_muskip=\muskip12
\l_tmpb_muskip=\muskip13
\g_tmpa_muskip=\muskip14
\g_tmpb_muskip=\muskip15
\l_keys_choice_int=\count92
\c__fp_leading_shift_int=\count93
\c__fp_middle_shift_int=\count94
\c__fp_trailing_shift_int=\count95
\c__fp_big_leading_shift_int=\count96
\c__fp_big_middle_shift_int=\count97
\c__fp_big_trailing_shift_int=\count98
\c__fp_Bigg_leading_shift_int=\count99
\c__fp_Bigg_middle_shift_int=\count100
\c__fp_Bigg_trailing_shift_int=\count101
\c__fp_rand_size_int=\count102
\c__fp_rand_four_int=\count103
\c__fp_rand_eight_int=\count104
\l__sort_length_int=\count105
\l__sort_min_int=\count106
\l__sort_top_int=\count107
\l__sort_max_int=\count108
\l__sort_true_max_int=\count109
\l__sort_block_int=\count110
\l__sort_begin_int=\count111
\l__sort_end_int=\count112
\l__sort_A_int=\count113
\l__sort_B_int=\count114
\l__sort_C_int=\count115
\l__tl_build_start_index_int=\count116
\l__tl_build_index_int=\count117
\l__tl_analysis_normal_int=\count118
\l__tl_analysis_index_int=\count119
\l__tl_analysis_nesting_int=\count120
\l__tl_analysis_type_int=\count121
\l__regex_internal_a_int=\count122
\l__regex_internal_b_int=\count123
\l__regex_internal_c_int=\count124
\l__regex_balance_int=\count125
\l__regex_group_level_int=\count126
\l__regex_mode_int=\count127
\c__regex_cs_in_class_mode_int=\count128
\c__regex_cs_mode_int=\count129
\l__regex_catcodes_int=\count130
\l__regex_default_catcodes_int=\count131
\c__regex_catcode_D_int=\count132
\c__regex_catcode_S_int=\count133
\c__regex_catcode_L_int=\count134
\c__regex_catcode_O_int=\count135
\c__regex_catcode_A_int=\count136
\c__regex_all_catcodes_int=\count137
\l__regex_show_lines_int=\count138
\l__regex_min_state_int=\count139
\l__regex_max_state_int=\count140
\l__regex_left_state_int=\count141
\l__regex_right_state_int=\count142
\l__regex_capturing_group_int=\count143
\l__regex_min_pos_int=\count144
\l__regex_max_pos_int=\count145
\l__regex_curr_pos_int=\count146
\l__regex_start_pos_int=\count147
\l__regex_success_pos_int=\count148
\l__regex_curr_char_int=\count149
\l__regex_curr_catcode_int=\count150
\l__regex_last_char_int=\count151
\l__regex_case_changed_char_int=\count152
\l__regex_curr_state_int=\count153
\l__regex_step_int=\count154
\l__regex_min_active_int=\count155
\l__regex_max_active_int=\count156
\l__regex_replacement_csnames_int=\count157
\l__regex_match_count_int=\count158
\l__regex_min_submatch_int=\count159
\l__regex_submatch_int=\count160
\l__regex_zeroth_submatch_int=\count161
\g__regex_trace_regex_int=\count162
\c_empty_box=\box26
\l_tmpa_box=\box27
\l_tmpb_box=\box28
\g_tmpa_box=\box29
\g_tmpb_box=\box30
\l__box_top_dim=\dimen108
\l__box_bottom_dim=\dimen109
\l__box_left_dim=\dimen110
\l__box_right_dim=\dimen111
\l__box_top_new_dim=\dimen112
\l__box_bottom_new_dim=\dimen113
\l__box_left_new_dim=\dimen114
\l__box_right_new_dim=\dimen115
\l__box_internal_box=\box31
\l__coffin_internal_box=\box32
\l__coffin_internal_dim=\dimen116
\l__coffin_offset_x_dim=\dimen117
\l__coffin_offset_y_dim=\dimen118
\l__coffin_x_dim=\dimen119
\l__coffin_y_dim=\dimen120
\l__coffin_x_prime_dim=\dimen121
\l__coffin_y_prime_dim=\dimen122
\c_empty_coffin=\box33
\l__coffin_aligned_coffin=\box34
\l__coffin_aligned_internal_coffin=\box35
\l_tmpa_coffin=\box36
\l_tmpb_coffin=\box37
\l__coffin_display_coffin=\box38
\l__coffin_display_coord_coffin=\box39
\l__coffin_display_pole_coffin=\box40
\l__coffin_display_offset_dim=\dimen123
\l__coffin_display_x_dim=\dimen124
\l__coffin_display_y_dim=\dimen125
\l__coffin_bounding_shift_dim=\dimen126
\l__coffin_left_corner_dim=\dimen127
\l__coffin_right_corner_dim=\dimen128
\l__coffin_bottom_corner_dim=\dimen129
\l__coffin_top_corner_dim=\dimen130
\l__coffin_scaled_total_height_dim=\dimen131
\l__coffin_scaled_width_dim=\dimen132
)
(/usr/share/texlive/texmf-dist/tex/latex/l3kernel/l3pdfmode.def
File: l3pdfmode.def 2017/03/18 v L3 Experimental driver: PDF mode
\l__driver_color_stack_int=\count163
\l__driver_tmp_box=\box41
))
Package: xparse 2018/02/21 L3 Experimental document command parser
\l__xparse_current_arg_int=\count164
\g__xparse_grabber_int=\count165
\l__xparse_m_args_int=\count166
\l__xparse_mandatory_args_int=\count167
\l__xparse_v_nesting_int=\count168
)
(/usr/share/texlive/texmf-dist/tex/latex/base/book.cls
Document Class: book 2014/09/29 v1.4h Standard LaTeX document class
(/usr/share/texlive/texmf-dist/tex/latex/base/bk12.clo
File: bk12.clo 2014/09/29 v1.4h Standard LaTeX file (size option)
)
\c@part=\count169
\c@chapter=\count170
\c@section=\count171
\c@subsection=\count172
\c@subsubsection=\count173
\c@paragraph=\count174
\c@subparagraph=\count175
\c@figure=\count176
\c@table=\count177
\abovecaptionskip=\skip47
\belowcaptionskip=\skip48
\bibindent=\dimen133
)
.................................................
. LaTeX info: "xparse/define-command"
. 
. Defining command \addchap with sig. ' s o m ' on line 134.
.................................................
.................................................
. LaTeX info: "xparse/define-command"
. 
. Defining command \addsec with sig. ' s o m ' on line 149.
.................................................

(/usr/share/texlive/texmf-dist/tex/generic/babel/babel.sty
Package: babel 2018/02/14 3.18 The Babel package

(/usr/share/texlive/texmf-dist/tex/generic/babel/switch.def
File: switch.def 2018/02/14 3.18 Babel switching mechanism
)
(/usr/share/texlive/texmf-dist/tex/generic/babel-english/english.ldf
Language: english 2017/06/06 v3.3r English support from the babel system

(/usr/share/texlive/texmf-dist/tex/generic/babel/babel.def
File: babel.def 2018/02/14 3.18 Babel common definitions
\babel@savecnt=\count178
\U@D=\dimen134

(/usr/share/texlive/texmf-dist/tex/generic/babel/txtbabel.def)
\bbl@dirlevel=\count179
)
\l@canadian = a dialect from \language\l@american 
\l@australian = a dialect from \language\l@british 
\l@newzealand = a dialect from \language\l@british 
))
(/usr/share/texlive/texmf-dist/tex/latex/koma-script/scrbase.sty
Package: scrbase 2017/09/07 v3.24 KOMA-Script package (KOMA-Script-independent 
basics and keyval usage)

(/usr/share/texlive/texmf-dist/tex/latex/graphics/keyval.sty
Package: keyval 2014/10/28 v1.15 key=value parser (DPC)
\KV@toks@=\toks14
)
(/usr/share/texlive/texmf-dist/tex/latex/koma-script/scrlfile.sty
Package: scrlfile 2017/09/07 v3.24 KOMA-Script package (loading files)
))
(/usr/share/texlive/texmf-dist/tex/latex/koma-script/scrhack.sty
Package: scrhack 2017/09/07 v3.24 KOMA-Script package 

(/usr/share/texlive/texmf-dist/tex/latex/koma-script/scrkbase.sty
Package: scrkbase 2017/09/07 v3.24 KOMA-Script package (KOMA-Script-dependent b
asics and keyval usage)
)
(/usr/share/texlive/texmf-dist/tex/latex/xpatch/xpatch.sty
Package: xpatch 2012/10/02 v0.3 Extending etoolbox patching commands
.................................................
. LaTeX info: "xparse/define-command"
. 
. Defining command \xpatchcmd with sig. '' on line 125.
.................................................
.................................................
. LaTeX info: "xparse/define-command"
. 
. Defining command \xpretocmd with sig. '' on line 126.
.................................................
.................................................
. LaTeX info: "xparse/define-command"
. 
. Defining command \xapptocmd with sig. '' on line 127.
.................................................
.................................................
. LaTeX info: "xparse/define-command"
. 
. Defining command \xshowcmd with sig. '' on line 128.
.................................................
.................................................
. LaTeX info: "xparse/define-command"
. 
. Defining command \xpatchbibmacro with sig. 'm' on line 131.
.................................................
.................................................
. LaTeX info: "xparse/define-command"
. 
. Defining command \xpretobibmacro with sig. 'm' on line 133.
.................................................
.................................................
. LaTeX info: "xparse/define-command"
. 
. Defining command \xapptobibmacro with sig. 'm' on line 135.
.................................................
.................................................
. LaTeX info: "xparse/define-command"
. 
. Defining command \xshowbibmacro with sig. 'm' on line 137.
.................................................
.................................................
. LaTeX info: "xparse/define-command"
. 
. Defining command \xpatchfieldformat with sig. 'O{*}m' on line 139.
.................................................
.................................................
. LaTeX info: "xparse/define-command"
. 
. Defining command \xpretofieldformat with sig. 'O{*}m' on line 141.
.................................................
.................................................
. LaTeX info: "xparse/define-command"
. 
. Defining command \xapptofieldformat with sig. 'O{*}m' on line 143.
.................................................
.................................................
. LaTeX info: "xparse/define-command"
. 
. Defining command \xshowfieldformat with sig. 'O{*}m' on line 145.
.................................................
.................................................
. LaTeX info: "xparse/define-command"
. 
. Defining command \xpatchnameformat with sig. 'O{*}m' on line 147.
.................................................
.................................................
. LaTeX info: "xparse/define-command"
. 
. Defining command \xpretonameformat with sig. 'O{*}m' on line 149.
.................................................
.................................................
. LaTeX info: "xparse/define-command"
. 
. Defining command \xapptonameformat with sig. 'O{*}m' on line 151.
.................................................
.................................................
. LaTeX info: "xparse/define-command"
. 
. Defining command \xshownameformat with sig. 'O{*}m' on line 153.
.................................................
.................................................
. LaTeX info: "xparse/define-command"
. 
. Defining command \xpatchlistformat with sig. 'O{*}m' on line 155.
.................................................
.................................................
. LaTeX info: "xparse/define-command"
. 
. Defining command \xpretolistformat with sig. 'O{*}m' on line 157.
.................................................
.................................................
. LaTeX info: "xparse/define-command"
. 
. Defining command \xapptolistformat with sig. 'O{*}m' on line 159.
.................................................
.................................................
. LaTeX info: "xparse/define-command"
. 
. Defining command \xshowlistformat with sig. 'O{*}m' on line 161.
.................................................
.................................................
. LaTeX info: "xparse/define-command"
. 
. Defining command \xpatchindexfieldformat with sig. 'O{*}m' on line 163.
.................................................
.................................................
. LaTeX info: "xparse/define-command"
. 
. Defining command \xpretoindexfieldformat with sig. 'O{*}m' on line 165.
.................................................
.................................................
. LaTeX info: "xparse/define-command"
. 
. Defining command \xapptoindexfieldformat with sig. 'O{*}m' on line 167.
.................................................
.................................................
. LaTeX info: "xparse/define-command"
. 
. Defining command \xshowindexfieldformat with sig. 'O{*}m' on line 169.
.................................................
.................................................
. LaTeX info: "xparse/define-command"
. 
. Defining command \xpatchindexnameformat with sig. 'O{*}m' on line 171.
.................................................
.................................................
. LaTeX info: "xparse/define-command"
. 
. Defining command \xpretoindexnameformat with sig. 'O{*}m' on line 173.
.................................................
.................................................
. LaTeX info: "xparse/define-command"
. 
. Defining command \xapptoindexnameformat with sig. 'O{*}m' on line 175.
.................................................
.................................................
. LaTeX info: "xparse/define-command"
. 
. Defining command \xshowindexnameformat with sig. 'O{*}m' on line 177.
.................................................
.................................................
. LaTeX info: "xparse/define-command"
. 
. Defining command \xpatchindexlistformat with sig. 'O{*}m' on line 179.
.................................................
.................................................
. LaTeX info: "xparse/define-command"
. 
. Defining command \xpretoindexlistformat with sig. 'O{*}m' on line 181.
.................................................
.................................................
. LaTeX info: "xparse/define-command"
. 
. Defining command \xappindextolistformat with sig. 'O{*}m' on line 183.
.................................................
.................................................
. LaTeX info: "xparse/define-command"
. 
. Defining command \xshowindexlistformat with sig. 'O{*}m' on line 185.
.................................................
.................................................
. LaTeX info: "xparse/define-command"
. 
. Defining command \xpatchbibdriver with sig. 'm' on line 187.
.................................................
.................................................
. LaTeX info: "xparse/define-command"
. 
. Defining command \xpretobibdriver with sig. 'm' on line 189.
.................................................
.................................................
. LaTeX info: "xparse/define-command"
. 
. Defining command \xapptobibdriver with sig. 'm' on line 191.
.................................................
.................................................
. LaTeX info: "xparse/define-command"
. 
. Defining command \xshowbibdriver with sig. 'm' on line 193.
.................................................
))
(/usr/share/texlive/texmf-dist/tex/latex/setspace/setspace.sty
Package: setspace 2011/12/19 v6.7a set line spacing
)
Package scrhack Info: loading setspace hack on input line 162.

(/usr/share/texlive/texmf-dist/tex/latex/koma-script/setspace.hak
File: setspace.hak 2017/09/07 v3.24 KOMA-Script package (hacking package setspa
ce)
)
(/usr/share/texlive/texmf-dist/tex/latex/tools/longtable.sty
Package: longtable 2014/10/28 v4.11 Multi-page Table package (DPC)
\LTleft=\skip49
\LTright=\skip50
\LTpre=\skip51
\LTpost=\skip52
\LTchunksize=\count180
\LTcapwidth=\dimen135
\LT@head=\box42
\LT@firsthead=\box43
\LT@foot=\box44
\LT@lastfoot=\box45
\LT@cols=\count181
\LT@rows=\count182
\c@LT@tables=\count183
\c@LT@chunks=\count184
\LT@p@ftn=\toks15
)
(/usr/share/texlive/texmf-dist/tex/latex/siunitx/siunitx.sty
Package: siunitx 2017/11/26 v2.7k A comprehensive (SI) units package

(/usr/share/texlive/texmf-dist/tex/latex/amsmath/amstext.sty
Package: amstext 2000/06/29 v2.01 AMS text

(/usr/share/texlive/texmf-dist/tex/latex/amsmath/amsgen.sty
File: amsgen.sty 1999/11/30 v2.0 generic functions
\@emptytoks=\toks16
\ex@=\dimen136
))
(/usr/share/texlive/texmf-dist/tex/latex/tools/array.sty
Package: array 2016/10/06 v2.4d Tabular extension package (FMi)
\col@sep=\dimen137
\extrarowheight=\dimen138
\NC@list=\toks17
\extratabsurround=\skip53
\backup@length=\skip54
)
(/usr/share/texlive/texmf-dist/tex/latex/l3packages/l3keys2e/l3keys2e.sty
Package: l3keys2e 2018/02/21 LaTeX2e option processing using LaTeX3 keys
)
\l__siunitx_tmp_box=\box46
\l__siunitx_tmp_dim=\dimen139
\l__siunitx_tmp_int=\count185
\l__siunitx_number_mantissa_length_int=\count186
\l__siunitx_number_uncert_length_int=\count187
\l__siunitx_round_int=\count188
\l__siunitx_process_decimal_int=\count189
\l__siunitx_process_uncertainty_int=\count190
\l__siunitx_process_fixed_int=\count191
\l__siunitx_process_integer_min_int=\count192
\l__siunitx_process_precision_int=\count193
\l__siunitx_group_min_int=\count194
\l__siunitx_angle_marker_box=\box47
\l__siunitx_angle_unit_box=\box48
\l__siunitx_angle_marker_dim=\dimen140
\l__siunitx_angle_unit_dim=\dimen141
\l__siunitx_unit_int=\count195
\l__siunitx_unit_denominator_int=\count196
\l__siunitx_unit_numerator_int=\count197
\l__siunitx_unit_prefix_int=\count198
\l__siunitx_unit_prefix_base_int=\count199
\l__siunitx_unit_prefix_gram_int=\count266
\l__siunitx_number_product_int=\count267
\c__siunitx_one_fill_skip=\skip55
\l__siunitx_table_unit_align_skip=\skip56
\l__siunitx_table_exponent_dim=\dimen142
\l__siunitx_table_integer_dim=\dimen143
\l__siunitx_table_mantissa_dim=\dimen144
\l__siunitx_table_marker_dim=\dimen145
\l__siunitx_table_result_dim=\dimen146
\l__siunitx_table_uncert_dim=\dimen147
\l__siunitx_table_fill_pre_dim=\dimen148
\l__siunitx_table_fill_post_dim=\dimen149
\l__siunitx_table_fill_mid_dim=\dimen150
\l__siunitx_table_pre_box=\box49
\l__siunitx_table_post_box=\box50
\l__siunitx_table_mantissa_box=\box51
\l__siunitx_table_result_box=\box52
\l__siunitx_table_number_align_skip=\skip57
\l__siunitx_table_text_align_skip=\skip58
.................................................
. LaTeX info: "xparse/define-command"
. 
. Defining command \DeclareBinaryPrefix with sig. 'mmm' on line 7250.
.................................................
.................................................
. LaTeX info: "xparse/define-command"
. 
. Defining command \DeclareSIPostPower with sig. 'mm' on line 7253.
.................................................
.................................................
. LaTeX info: "xparse/define-command"
. 
. Defining command \DeclareSIPrefix with sig. 'mmm' on line 7256.
.................................................
.................................................
. LaTeX info: "xparse/define-command"
. 
. Defining command \DeclareSIPrePower with sig. 'mm' on line 7259.
.................................................
.................................................
. LaTeX info: "xparse/define-command"
. 
. Defining command \DeclareSIQualifier with sig. 'mm' on line 7262.
.................................................
.................................................
. LaTeX info: "xparse/define-command"
. 
. Defining command \DeclareSIUnit with sig. 'O{}mm' on line 7265.
.................................................
.................................................
. LaTeX info: "xparse/define-command"
. 
. Defining command \DeclareSIUnitWithOptions with sig. 'mmm' on line 7268.
.................................................
.................................................
. LaTeX info: "xparse/define-command"
. 
. Defining command \ang with sig. 'o>{\SplitArgument {2}{;}}m' on line 7283.
.................................................
.................................................
. LaTeX info: "xparse/define-command"
. 
. Defining command \num with sig. 'om' on line 7292.
.................................................
.................................................
. LaTeX info: "xparse/define-command"
. 
. Defining command \numlist with sig. 'o>{\SplitList {;}}m' on line 7301.
.................................................
.................................................
. LaTeX info: "xparse/define-command"
. 
. Defining command \numrange with sig. 'omm' on line 7310.
.................................................
.................................................
. LaTeX info: "xparse/define-command"
. 
. Defining command \SIlist with sig. 'o>{\SplitList {;}}mm' on line 7322.
.................................................
.................................................
. LaTeX info: "xparse/define-command"
. 
. Defining command \SIrange with sig. 'ommm' on line 7334.
.................................................
.................................................
. LaTeX info: "xparse/define-command"
. 
. Defining command \SI with sig. 'omom' on line 7346.
.................................................
.................................................
. LaTeX info: "xparse/define-command"
. 
. Defining command \sisetup with sig. 'm' on line 7349.
.................................................
.................................................
. LaTeX info: "xparse/define-command"
. 
. Defining command \tablenum with sig. 'om' on line 7364.
.................................................
.................................................
. LaTeX info: "xparse/define-command"
. 
. Defining command \si with sig. 'om' on line 7376.
.................................................
.................................................
. LaTeX info: "xparse/define-command"
. 
. Defining command \numInBookmark with sig. 'om' on line 7423.
.................................................
.................................................
. LaTeX info: "xparse/define-command"
. 
. Defining command \numrangeInBookmark with sig. 'omm' on line 7425.
.................................................
.................................................
. LaTeX info: "xparse/define-command"
. 
. Defining command \SIInBookmark with sig. 'omom' on line 7427.
.................................................
.................................................
. LaTeX info: "xparse/define-command"
. 
. Defining command \SIlistInBookmark with sig. 'omm' on line 7429.
.................................................
.................................................
. LaTeX info: "xparse/define-command"
. 
. Defining command \SIrangeInBookmark with sig. 'ommm' on line 7431.
.................................................
.................................................
. LaTeX info: "xparse/define-command"
. 
. Defining command \siInBookmark with sig. 'om' on line 7432.
.................................................
\g__file_internal_ior=\read1

(/usr/share/texlive/texmf-dist/tex/latex/translator/translator.sty
Package: translator 2018/01/04 v1.12 Easy translation of strings in LaTeX
))
(/usr/share/texlive/texmf-dist/tex/latex/graphics/graphicx.sty
Package: graphicx 2017/06/01 v1.1a Enhanced LaTeX Graphics (DPC,SPQR)

(/usr/share/texlive/texmf-dist/tex/latex/graphics/graphics.sty
Package: graphics 2017/06/25 v1.2c Standard LaTeX Graphics (DPC,SPQR)

(/usr/share/texlive/texmf-dist/tex/latex/graphics/trig.sty
Package: trig 2016/01/03 v1.10 sin cos tan (DPC)
)
(/usr/share/texlive/texmf-dist/tex/latex/graphics-cfg/graphics.cfg
File: graphics.cfg 2016/06/04 v1.11 sample graphics configuration
)
Package graphics Info: Driver file: pdftex.def on input line 99.

(/usr/share/texlive/texmf-dist/tex/latex/graphics-def/pdftex.def
File: pdftex.def 2018/01/08 v1.0l Graphics/color driver for pdftex
))
\Gin@req@height=\dimen151
\Gin@req@width=\dimen152
)
(/usr/share/texlive/texmf-dist/tex/latex/booktabs/booktabs.sty
Package: booktabs 2016/04/27 v1.618033 publication quality tables
\heavyrulewidth=\dimen153
\lightrulewidth=\dimen154
\cmidrulewidth=\dimen155
\belowrulesep=\dimen156
\belowbottomsep=\dimen157
\aboverulesep=\dimen158
\abovetopsep=\dimen159
\cmidrulesep=\dimen160
\cmidrulekern=\dimen161
\defaultaddspace=\dimen162
\@cmidla=\count268
\@cmidlb=\count269
\@aboverulesep=\dimen163
\@belowrulesep=\dimen164
\@thisruleclass=\count270
\@lastruleclass=\count271
\@thisrulewidth=\dimen165
)
(/usr/share/texlive/texmf-dist/tex/latex/caption/caption.sty
Package: caption 2016/02/21 v3.3-144 Customizing captions (AR)

(/usr/share/texlive/texmf-dist/tex/latex/caption/caption3.sty
Package: caption3 2016/05/22 v1.7-166 caption3 kernel (AR)
Package caption3 Info: TeX engine: e-TeX on input line 67.
\captionmargin=\dimen166
\captionmargin@=\dimen167
\captionwidth=\dimen168
\caption@tempdima=\dimen169
\caption@indent=\dimen170
\caption@parindent=\dimen171
\caption@hangindent=\dimen172
)
\c@ContinuedFloat=\count272
Package caption Info: longtable package is loaded.

(/usr/share/texlive/texmf-dist/tex/latex/caption/ltcaption.sty
Package: ltcaption 2013/06/09 v1.4-94 longtable captions (AR)
))
(/usr/share/texlive/texmf-dist/tex/latex/geometry/geometry.sty
Package: geometry 2010/09/12 v5.6 Page Geometry

(/usr/share/texlive/texmf-dist/tex/generic/oberdiek/ifpdf.sty
Package: ifpdf 2017/03/15 v3.2 Provides the ifpdf switch
)
(/usr/share/texlive/texmf-dist/tex/generic/oberdiek/ifvtex.sty
Package: ifvtex 2016/05/16 v1.6 Detect VTeX and its facilities (HO)
Package ifvtex Info: VTeX not detected.
)
(/usr/share/texlive/texmf-dist/tex/generic/ifxetex/ifxetex.sty
Package: ifxetex 2010/09/12 v0.6 Provides ifxetex conditional
)
\Gm@cnth=\count273
\Gm@cntv=\count274
\c@Gm@tempcnt=\count275
\Gm@bindingoffset=\dimen173
\Gm@wd@mp=\dimen174
\Gm@odd@mp=\dimen175
\Gm@even@mp=\dimen176
\Gm@layoutwidth=\dimen177
\Gm@layoutheight=\dimen178
\Gm@layouthoffset=\dimen179
\Gm@layoutvoffset=\dimen180
\Gm@dimlist=\toks18
)
(/usr/share/texlive/texmf-dist/tex/latex/koma-script/scrlayer-scrpage.sty
Package: scrlayer-scrpage 2017/09/07 v3.24 KOMA-Script package (end user interf
ace for scrlayer)

(/usr/share/texlive/texmf-dist/tex/latex/koma-script/scrlayer.sty
Package: scrlayer 2017/09/07 v3.24 KOMA-Script package (defining layers and pag
e styles)
\footheight=\skip59
Package scrlayer Info: patching LaTeX kernel macro \pagestyle on input line 199
7.
)
Package scrbase Info: Unknown processing state.
(scrbase)             Processing option `markcase=used'
(scrbase)             of member `.scrlayer-scrpage.sty' of family
(scrbase)             `KOMA' doesn't set
(scrbase)             a valid state. This will be interpreted
(scrbase)             as \FamilyKeyStateProcessed on input line 717.
)
Package scrlayer-scrpage Info: auto-selection of `pagestyleset=standard'.

1: chapter
1: chapter
1: section
.................................................
. LaTeX info: "xparse/define-environment"
. 
. Defining environment 'abbreviations' with sig. ' m ' on line 351.
.................................................
.................................................
. LaTeX info: "xparse/define-environment"
. 
. Defining environment 'constants' with sig. ' m ' on line 369.
.................................................
.................................................
. LaTeX info: "xparse/define-environment"
. 
. Defining environment 'symbols' with sig. ' m ' on line 387.
.................................................
.................................................
. LaTeX info: "xparse/define-environment"
. 
. Defining environment 'acknowledgements' with sig. '' on line 405.
.................................................
) (/usr/share/texlive/texmf-dist/tex/latex/base/inputenc.sty
Package: inputenc 2015/03/17 v1.2c Input encoding file
\inpenc@prehook=\toks19
\inpenc@posthook=\toks20

(/usr/share/texlive/texmf-dist/tex/latex/base/utf8.def
File: utf8.def 2017/01/28 v1.1t UTF-8 support for inputenc
Now handling font encoding OML ...
... no UTF-8 mapping file for font encoding OML
Now handling font encoding T1 ...
... processing UTF-8 mapping file for font encoding T1

(/usr/share/texlive/texmf-dist/tex/latex/base/t1enc.dfu
File: t1enc.dfu 2017/01/28 v1.1t UTF-8 support for inputenc
   defining Unicode char U+00A0 (decimal 160)
   defining Unicode char U+00A1 (decimal 161)
   defining Unicode char U+00A3 (decimal 163)
   defining Unicode char U+00AB (decimal 171)
   defining Unicode char U+00AD (decimal 173)
   defining Unicode char U+00BB (decimal 187)
   defining Unicode char U+00BF (decimal 191)
   defining Unicode char U+00C0 (decimal 192)
   defining Unicode char U+00C1 (decimal 193)
   defining Unicode char U+00C2 (decimal 194)
   defining Unicode char U+00C3 (decimal 195)
   defining Unicode char U+00C4 (decimal 196)
   defining Unicode char U+00C5 (decimal 197)
   defining Unicode char U+00C6 (decimal 198)
   defining Unicode char U+00C7 (decimal 199)
   defining Unicode char U+00C8 (decimal 200)
   defining Unicode char U+00C9 (decimal 201)
   defining Unicode char U+00CA (decimal 202)
   defining Unicode char U+00CB (decimal 203)
   defining Unicode char U+00CC (decimal 204)
   defining Unicode char U+00CD (decimal 205)
   defining Unicode char U+00CE (decimal 206)
   defining Unicode char U+00CF (decimal 207)
   defining Unicode char U+00D0 (decimal 208)
   defining Unicode char U+00D1 (decimal 209)
   defining Unicode char U+00D2 (decimal 210)
   defining Unicode char U+00D3 (decimal 211)
   defining Unicode char U+00D4 (decimal 212)
   defining Unicode char U+00D5 (decimal 213)
   defining Unicode char U+00D6 (decimal 214)
   defining Unicode char U+00D8 (decimal 216)
   defining Unicode char U+00D9 (decimal 217)
   defining Unicode char U+00DA (decimal 218)
   defining Unicode char U+00DB (decimal 219)
   defining Unicode char U+00DC (decimal 220)
   defining Unicode char U+00DD (decimal 221)
   defining Unicode char U+00DE (decimal 222)
   defining Unicode char U+00DF (decimal 223)
   defining Unicode char U+00E0 (decimal 224)
   defining Unicode char U+00E1 (decimal 225)
   defining Unicode char U+00E2 (decimal 226)
   defining Unicode char U+00E3 (decimal 227)
   defining Unicode char U+00E4 (decimal 228)
   defining Unicode char U+00E5 (decimal 229)
   defining Unicode char U+00E6 (decimal 230)
   defining Unicode char U+00E7 (decimal 231)
   defining Unicode char U+00E8 (decimal 232)
   defining Unicode char U+00E9 (decimal 233)
   defining Unicode char U+00EA (decimal 234)
   defining Unicode char U+00EB (decimal 235)
   defining Unicode char U+00EC (decimal 236)
   defining Unicode char U+00ED (decimal 237)
   defining Unicode char U+00EE (decimal 238)
   defining Unicode char U+00EF (decimal 239)
   defining Unicode char U+00F0 (decimal 240)
   defining Unicode char U+00F1 (decimal 241)
   defining Unicode char U+00F2 (decimal 242)
   defining Unicode char U+00F3 (decimal 243)
   defining Unicode char U+00F4 (decimal 244)
   defining Unicode char U+00F5 (decimal 245)
   defining Unicode char U+00F6 (decimal 246)
   defining Unicode char U+00F8 (decimal 248)
   defining Unicode char U+00F9 (decimal 249)
   defining Unicode char U+00FA (decimal 250)
   defining Unicode char U+00FB (decimal 251)
   defining Unicode char U+00FC (decimal 252)
   defining Unicode char U+00FD (decimal 253)
   defining Unicode char U+00FE (decimal 254)
   defining Unicode char U+00FF (decimal 255)
   defining Unicode char U+0100 (decimal 256)
   defining Unicode char U+0101 (decimal 257)
   defining Unicode char U+0102 (decimal 258)
   defining Unicode char U+0103 (decimal 259)
   defining Unicode char U+0104 (decimal 260)
   defining Unicode char U+0105 (decimal 261)
   defining Unicode char U+0106 (decimal 262)
   defining Unicode char U+0107 (decimal 263)
   defining Unicode char U+0108 (decimal 264)
   defining Unicode char U+0109 (decimal 265)
   defining Unicode char U+010A (decimal 266)
   defining Unicode char U+010B (decimal 267)
   defining Unicode char U+010C (decimal 268)
   defining Unicode char U+010D (decimal 269)
   defining Unicode char U+010E (decimal 270)
   defining Unicode char U+010F (decimal 271)
   defining Unicode char U+0110 (decimal 272)
   defining Unicode char U+0111 (decimal 273)
   defining Unicode char U+0112 (decimal 274)
   defining Unicode char U+0113 (decimal 275)
   defining Unicode char U+0114 (decimal 276)
   defining Unicode char U+0115 (decimal 277)
   defining Unicode char U+0116 (decimal 278)
   defining Unicode char U+0117 (decimal 279)
   defining Unicode char U+0118 (decimal 280)
   defining Unicode char U+0119 (decimal 281)
   defining Unicode char U+011A (decimal 282)
   defining Unicode char U+011B (decimal 283)
   defining Unicode char U+011C (decimal 284)
   defining Unicode char U+011D (decimal 285)
   defining Unicode char U+011E (decimal 286)
   defining Unicode char U+011F (decimal 287)
   defining Unicode char U+0120 (decimal 288)
   defining Unicode char U+0121 (decimal 289)
   defining Unicode char U+0122 (decimal 290)
   defining Unicode char U+0123 (decimal 291)
   defining Unicode char U+0124 (decimal 292)
   defining Unicode char U+0125 (decimal 293)
   defining Unicode char U+0128 (decimal 296)
   defining Unicode char U+0129 (decimal 297)
   defining Unicode char U+012A (decimal 298)
   defining Unicode char U+012B (decimal 299)
   defining Unicode char U+012C (decimal 300)
   defining Unicode char U+012D (decimal 301)
   defining Unicode char U+012E (decimal 302)
   defining Unicode char U+012F (decimal 303)
   defining Unicode char U+0130 (decimal 304)
   defining Unicode char U+0131 (decimal 305)
   defining Unicode char U+0132 (decimal 306)
   defining Unicode char U+0133 (decimal 307)
   defining Unicode char U+0134 (decimal 308)
   defining Unicode char U+0135 (decimal 309)
   defining Unicode char U+0136 (decimal 310)
   defining Unicode char U+0137 (decimal 311)
   defining Unicode char U+0139 (decimal 313)
   defining Unicode char U+013A (decimal 314)
   defining Unicode char U+013B (decimal 315)
   defining Unicode char U+013C (decimal 316)
   defining Unicode char U+013D (decimal 317)
   defining Unicode char U+013E (decimal 318)
   defining Unicode char U+0141 (decimal 321)
   defining Unicode char U+0142 (decimal 322)
   defining Unicode char U+0143 (decimal 323)
   defining Unicode char U+0144 (decimal 324)
   defining Unicode char U+0145 (decimal 325)
   defining Unicode char U+0146 (decimal 326)
   defining Unicode char U+0147 (decimal 327)
   defining Unicode char U+0148 (decimal 328)
   defining Unicode char U+014A (decimal 330)
   defining Unicode char U+014B (decimal 331)
   defining Unicode char U+014C (decimal 332)
   defining Unicode char U+014D (decimal 333)
   defining Unicode char U+014E (decimal 334)
   defining Unicode char U+014F (decimal 335)
   defining Unicode char U+0150 (decimal 336)
   defining Unicode char U+0151 (decimal 337)
   defining Unicode char U+0152 (decimal 338)
   defining Unicode char U+0153 (decimal 339)
   defining Unicode char U+0154 (decimal 340)
   defining Unicode char U+0155 (decimal 341)
   defining Unicode char U+0156 (decimal 342)
   defining Unicode char U+0157 (decimal 343)
   defining Unicode char U+0158 (decimal 344)
   defining Unicode char U+0159 (decimal 345)
   defining Unicode char U+015A (decimal 346)
   defining Unicode char U+015B (decimal 347)
   defining Unicode char U+015C (decimal 348)
   defining Unicode char U+015D (decimal 349)
   defining Unicode char U+015E (decimal 350)
   defining Unicode char U+015F (decimal 351)
   defining Unicode char U+0160 (decimal 352)
   defining Unicode char U+0161 (decimal 353)
   defining Unicode char U+0162 (decimal 354)
   defining Unicode char U+0163 (decimal 355)
   defining Unicode char U+0164 (decimal 356)
   defining Unicode char U+0165 (decimal 357)
   defining Unicode char U+0168 (decimal 360)
   defining Unicode char U+0169 (decimal 361)
   defining Unicode char U+016A (decimal 362)
   defining Unicode char U+016B (decimal 363)
   defining Unicode char U+016C (decimal 364)
   defining Unicode char U+016D (decimal 365)
   defining Unicode char U+016E (decimal 366)
   defining Unicode char U+016F (decimal 367)
   defining Unicode char U+0170 (decimal 368)
   defining Unicode char U+0171 (decimal 369)
   defining Unicode char U+0172 (decimal 370)
   defining Unicode char U+0173 (decimal 371)
   defining Unicode char U+0174 (decimal 372)
   defining Unicode char U+0175 (decimal 373)
   defining Unicode char U+0176 (decimal 374)
   defining Unicode char U+0177 (decimal 375)
   defining Unicode char U+0178 (decimal 376)
   defining Unicode char U+0179 (decimal 377)
   defining Unicode char U+017A (decimal 378)
   defining Unicode char U+017B (decimal 379)
   defining Unicode char U+017C (decimal 380)
   defining Unicode char U+017D (decimal 381)
   defining Unicode char U+017E (decimal 382)
   defining Unicode char U+01CD (decimal 461)
   defining Unicode char U+01CE (decimal 462)
   defining Unicode char U+01CF (decimal 463)
   defining Unicode char U+01D0 (decimal 464)
   defining Unicode char U+01D1 (decimal 465)
   defining Unicode char U+01D2 (decimal 466)
   defining Unicode char U+01D3 (decimal 467)
   defining Unicode char U+01D4 (decimal 468)
   defining Unicode char U+01E2 (decimal 482)
   defining Unicode char U+01E3 (decimal 483)
   defining Unicode char U+01E6 (decimal 486)
   defining Unicode char U+01E7 (decimal 487)
   defining Unicode char U+01E8 (decimal 488)
   defining Unicode char U+01E9 (decimal 489)
   defining Unicode char U+01EA (decimal 490)
   defining Unicode char U+01EB (decimal 491)
   defining Unicode char U+01F0 (decimal 496)
   defining Unicode char U+01F4 (decimal 500)
   defining Unicode char U+01F5 (decimal 501)
   defining Unicode char U+0218 (decimal 536)
   defining Unicode char U+0219 (decimal 537)
   defining Unicode char U+021A (decimal 538)
   defining Unicode char U+021B (decimal 539)
   defining Unicode char U+0232 (decimal 562)
   defining Unicode char U+0233 (decimal 563)
   defining Unicode char U+1E02 (decimal 7682)
   defining Unicode char U+1E03 (decimal 7683)
   defining Unicode char U+200C (decimal 8204)
   defining Unicode char U+2010 (decimal 8208)
   defining Unicode char U+2011 (decimal 8209)
   defining Unicode char U+2012 (decimal 8210)
   defining Unicode char U+2013 (decimal 8211)
   defining Unicode char U+2014 (decimal 8212)
   defining Unicode char U+2015 (decimal 8213)
   defining Unicode char U+2018 (decimal 8216)
   defining Unicode char U+2019 (decimal 8217)
   defining Unicode char U+201A (decimal 8218)
   defining Unicode char U+201C (decimal 8220)
   defining Unicode char U+201D (decimal 8221)
   defining Unicode char U+201E (decimal 8222)
   defining Unicode char U+2030 (decimal 8240)
   defining Unicode char U+2031 (decimal 8241)
   defining Unicode char U+2039 (decimal 8249)
   defining Unicode char U+203A (decimal 8250)
   defining Unicode char U+2423 (decimal 9251)
   defining Unicode char U+1E20 (decimal 7712)
   defining Unicode char U+1E21 (decimal 7713)
)
Now handling font encoding OT1 ...
... processing UTF-8 mapping file for font encoding OT1

(/usr/share/texlive/texmf-dist/tex/latex/base/ot1enc.dfu
File: ot1enc.dfu 2017/01/28 v1.1t UTF-8 support for inputenc
   defining Unicode char U+00A0 (decimal 160)
   defining Unicode char U+00A1 (decimal 161)
   defining Unicode char U+00A3 (decimal 163)
   defining Unicode char U+00AD (decimal 173)
   defining Unicode char U+00B8 (decimal 184)
   defining Unicode char U+00BF (decimal 191)
   defining Unicode char U+00C5 (decimal 197)
   defining Unicode char U+00C6 (decimal 198)
   defining Unicode char U+00D8 (decimal 216)
   defining Unicode char U+00DF (decimal 223)
   defining Unicode char U+00E6 (decimal 230)
   defining Unicode char U+00EC (decimal 236)
   defining Unicode char U+00ED (decimal 237)
   defining Unicode char U+00EE (decimal 238)
   defining Unicode char U+00EF (decimal 239)
   defining Unicode char U+00F8 (decimal 248)
   defining Unicode char U+0131 (decimal 305)
   defining Unicode char U+0141 (decimal 321)
   defining Unicode char U+0142 (decimal 322)
   defining Unicode char U+0152 (decimal 338)
   defining Unicode char U+0153 (decimal 339)
   defining Unicode char U+0174 (decimal 372)
   defining Unicode char U+0175 (decimal 373)
   defining Unicode char U+0176 (decimal 374)
   defining Unicode char U+0177 (decimal 375)
   defining Unicode char U+0218 (decimal 536)
   defining Unicode char U+0219 (decimal 537)
   defining Unicode char U+021A (decimal 538)
   defining Unicode char U+021B (decimal 539)
   defining Unicode char U+2013 (decimal 8211)
   defining Unicode char U+2014 (decimal 8212)
   defining Unicode char U+2018 (decimal 8216)
   defining Unicode char U+2019 (decimal 8217)
   defining Unicode char U+201C (decimal 8220)
   defining Unicode char U+201D (decimal 8221)
)
Now handling font encoding OMS ...
... processing UTF-8 mapping file for font encoding OMS

(/usr/share/texlive/texmf-dist/tex/latex/base/omsenc.dfu
File: omsenc.dfu 2017/01/28 v1.1t UTF-8 support for inputenc
   defining Unicode char U+00A7 (decimal 167)
   defining Unicode char U+00B6 (decimal 182)
   defining Unicode char U+00B7 (decimal 183)
   defining Unicode char U+2020 (decimal 8224)
   defining Unicode char U+2021 (decimal 8225)
   defining Unicode char U+2022 (decimal 8226)
)
Now handling font encoding OMX ...
... no UTF-8 mapping file for font encoding OMX
Now handling font encoding U ...
... no UTF-8 mapping file for font encoding U
   defining Unicode char U+00A9 (decimal 169)
   defining Unicode char U+00AA (decimal 170)
   defining Unicode char U+00AE (decimal 174)
   defining Unicode char U+00BA (decimal 186)
   defining Unicode char U+02C6 (decimal 710)
   defining Unicode char U+02DC (decimal 732)
   defining Unicode char U+200C (decimal 8204)
   defining Unicode char U+2026 (decimal 8230)
   defining Unicode char U+2122 (decimal 8482)
   defining Unicode char U+2423 (decimal 9251)
))
(/usr/share/texlive/texmf-dist/tex/latex/base/fontenc.sty
Package: fontenc 2017/04/05 v2.0i Standard LaTeX package

(/usr/share/texlive/texmf-dist/tex/latex/base/t1enc.def
File: t1enc.def 2017/04/05 v2.0i Standard LaTeX file
LaTeX Font Info:    Redeclaring font encoding T1 on input line 48.
))
(/usr/share/texlive/texmf-dist/tex/latex/amsmath/amsmath.sty
Package: amsmath 2017/09/02 v2.17a AMS math features
\@mathmargin=\skip60

For additional information on amsmath, use the `?' option.
(/usr/share/texlive/texmf-dist/tex/latex/amsmath/amsbsy.sty
Package: amsbsy 1999/11/29 v1.2d Bold Symbols
\pmbraise@=\dimen181
)
(/usr/share/texlive/texmf-dist/tex/latex/amsmath/amsopn.sty
Package: amsopn 2016/03/08 v2.02 operator names
)
\inf@bad=\count276
LaTeX Info: Redefining \frac on input line 213.
\uproot@=\count277
\leftroot@=\count278
LaTeX Info: Redefining \overline on input line 375.
\classnum@=\count279
\DOTSCASE@=\count280
LaTeX Info: Redefining \ldots on input line 472.
LaTeX Info: Redefining \dots on input line 475.
LaTeX Info: Redefining \cdots on input line 596.
\Mathstrutbox@=\box53
\strutbox@=\box54
\big@size=\dimen182
LaTeX Font Info:    Redeclaring font encoding OML on input line 712.
LaTeX Font Info:    Redeclaring font encoding OMS on input line 713.
\macc@depth=\count281
\c@MaxMatrixCols=\count282
\dotsspace@=\muskip16
\c@parentequation=\count283
\dspbrk@lvl=\count284
\tag@help=\toks21
\row@=\count285
\column@=\count286
\maxfields@=\count287
\andhelp@=\toks22
\eqnshift@=\dimen183
\alignsep@=\dimen184
\tagshift@=\dimen185
\tagwidth@=\dimen186
\totwidth@=\dimen187
\lineht@=\dimen188
\@envbody=\toks23
\multlinegap=\skip61
\multlinetaggap=\skip62
\mathdisplay@stack=\toks24
LaTeX Info: Redefining \[ on input line 2817.
LaTeX Info: Redefining \] on input line 2818.
)
(/usr/share/texlive/texmf-dist/tex/latex/psnfss/palatino.sty
Package: palatino 2005/04/12 PSNFSS-v9.2a (SPQR) 
)
(/usr/share/texlive/texmf-dist/tex/latex/comment/comment.sty
\CommentStream=\write3

Excluding comment 'comment')
(/usr/share/texlive/texmf-dist/tex/latex/caption/subcaption.sty
Package: subcaption 2016/05/22 v1.1-161 Sub-captions (AR)
\c@subfigure=\count288
\c@subtable=\count289
)
(/usr/share/texlive/texmf-dist/tex/latex/subfigure/subfigure.sty
Package: subfigure 2002/03/15 v2.1.5 subfigure package
\subfigtopskip=\skip63
\subfigcapskip=\skip64
\subfigcaptopadj=\dimen189
\subfigbottomskip=\skip65
\subfigcapmargin=\dimen190
\subfiglabelskip=\skip66


! LaTeX Error: Command \c@subfigure already defined.
               Or name \end... illegal, see p.192 of the manual.

See the LaTeX manual or LaTeX Companion for explanation.
Type  H <return>  for immediate help.
 ...                                              
                                                  
l.113 \newcounter{subfigure}
                            [figure]
? 

! LaTeX Error: Command \l@subfigure already defined.
               Or name \end... illegal, see p.192 of the manual.

See the LaTeX manual or LaTeX Companion for explanation.
Type  H <return>  for immediate help.
 ...                                              
                                                  
l.123 ...xxxline{\ext@subfigure}{2}{3.8em}{2.5em}}
                                                  
? 
\c@lofdepth=\count290

! LaTeX Error: Command \c@subtable already defined.
               Or name \end... illegal, see p.192 of the manual.

See the LaTeX manual or LaTeX Companion for explanation.
Type  H <return>  for immediate help.
 ...                                              
                                                  
l.126 \newcounter{subtable}
                           [table]
? 

! LaTeX Error: Command \l@subtable already defined.
               Or name \end... illegal, see p.192 of the manual.

See the LaTeX manual or LaTeX Companion for explanation.
Type  H <return>  for immediate help.
 ...                                              
                                                  
l.136 ...dxxxline{\ext@subtable}{2}{3.8em}{2.5em}}
                                                  
? 
\c@lotdepth=\count291
****************************************
* Local config file subfigure.cfg used *
****************************************
(/usr/share/texlive/texmf-dist/tex/latex/subfigure/subfigure.cfg)
\subfig@top=\skip67
\subfig@bottom=\skip68


! LaTeX Error: Command \subref already defined.
               Or name \end... illegal, see p.192 of the manual.

See the LaTeX manual or LaTeX Companion for explanation.
Type  H <return>  for immediate help.
 ...                                              
                                                  
l.413   \ref{sub@#1}}
                     
? 
) (/usr/share/texlive/texmf-dist/tex/latex/appendix/appendix.sty
Package: appendix 2009/09/02 v1.2b extra appendix facilities
\c@@pps=\count292
\c@@ppsavesec=\count293
\c@@ppsaveapp=\count294
)
(/usr/share/texlive/texmf-dist/tex/latex/graphics/rotating.sty
Package: rotating 2016/08/11 v2.16d rotated objects in LaTeX

(/usr/share/texlive/texmf-dist/tex/latex/base/ifthen.sty
Package: ifthen 2014/09/29 v1.1c Standard LaTeX ifthen package (DPC)
)
\c@r@tfl@t=\count295
\rotFPtop=\skip69
\rotFPbot=\skip70
\rot@float@box=\box55
\rot@mess@toks=\toks25
)
(/usr/share/texmf/tex/latex/CJK/CJK.sty
Package: CJK 2015/04/18 4.8.4

(/usr/share/texmf/tex/latex/CJK/mule/MULEenc.sty
Package: MULEenc 2015/04/18 4.8.4
)
(/usr/share/texmf/tex/latex/CJK/CJK.enc
File: CJK.enc 2015/04/18 4.8.4
Now handling font encoding C00 ...
... no UTF-8 mapping file for font encoding C00
Now handling font encoding C05 ...
... no UTF-8 mapping file for font encoding C05
Now handling font encoding C09 ...
... no UTF-8 mapping file for font encoding C09
Now handling font encoding C10 ...
... no UTF-8 mapping file for font encoding C10
Now handling font encoding C20 ...
... no UTF-8 mapping file for font encoding C20
Now handling font encoding C19 ...
... no UTF-8 mapping file for font encoding C19
Now handling font encoding C40 ...
... no UTF-8 mapping file for font encoding C40
Now handling font encoding C42 ...
... no UTF-8 mapping file for font encoding C42
Now handling font encoding C43 ...
... no UTF-8 mapping file for font encoding C43
Now handling font encoding C50 ...
... no UTF-8 mapping file for font encoding C50
Now handling font encoding C52 ...
... no UTF-8 mapping file for font encoding C52
Now handling font encoding C49 ...
... no UTF-8 mapping file for font encoding C49
Now handling font encoding C60 ...
... no UTF-8 mapping file for font encoding C60
Now handling font encoding C61 ...
... no UTF-8 mapping file for font encoding C61
Now handling font encoding C63 ...
... no UTF-8 mapping file for font encoding C63
Now handling font encoding C64 ...
... no UTF-8 mapping file for font encoding C64
Now handling font encoding C65 ...
... no UTF-8 mapping file for font encoding C65
Now handling font encoding C70 ...
... no UTF-8 mapping file for font encoding C70
Now handling font encoding C31 ...
... no UTF-8 mapping file for font encoding C31
Now handling font encoding C32 ...
... no UTF-8 mapping file for font encoding C32
Now handling font encoding C33 ...
... no UTF-8 mapping file for font encoding C33
Now handling font encoding C34 ...
... no UTF-8 mapping file for font encoding C34
Now handling font encoding C35 ...
... no UTF-8 mapping file for font encoding C35
Now handling font encoding C36 ...
... no UTF-8 mapping file for font encoding C36
Now handling font encoding C37 ...
... no UTF-8 mapping file for font encoding C37
Now handling font encoding C80 ...
... no UTF-8 mapping file for font encoding C80
Now handling font encoding C81 ...
... no UTF-8 mapping file for font encoding C81
Now handling font encoding C01 ...
... no UTF-8 mapping file for font encoding C01
Now handling font encoding C11 ...
... no UTF-8 mapping file for font encoding C11
Now handling font encoding C21 ...
... no UTF-8 mapping file for font encoding C21
Now handling font encoding C41 ...
... no UTF-8 mapping file for font encoding C41
Now handling font encoding C62 ...
... no UTF-8 mapping file for font encoding C62
)
LaTeX Info: Redefining \selectfont on input line 755.
\CJK@indent=\box56
)

! LaTeX Error: \newunitpunct undefined.

See the LaTeX manual or LaTeX Companion for explanation.
Type  H <return>  for immediate help.
 ...                                              
                                                  
l.153 \renewcommand*{\newunitpunct}
                                   {\addcomma\space}
? 

! LaTeX Error: \labelalphaothers undefined.

See the LaTeX manual or LaTeX Companion for explanation.
Type  H <return>  for immediate help.
 ...                                              
                                                  
l.154 \renewcommand{\labelalphaothers}
                                      {}
? 

! LaTeX Error: \labelnamepunct undefined.

See the LaTeX manual or LaTeX Companion for explanation.
Type  H <return>  for immediate help.
 ...                                              
                                                  
l.155 \renewcommand{\labelnamepunct}
                                    {\addcomma\space}
? 
! Undefined control sequence.
l.156 \renewbibmacro
                    {in:}{}
? 

! LaTeX Error: Missing \begin{document}.

See the LaTeX manual or LaTeX Companion for explanation.
Type  H <return>  for immediate help.
 ...                                              
                                                  
l.156 \renewbibmacro{i
                      n:}{}
? 
! Undefined control sequence.
l.157 \DeclareFieldFormat
                         *{journaltitle}{#1}
? 
! You can't use `macro parameter character #' in horizontal mode.
l.157 \DeclareFieldFormat*{journaltitle}{#
                                          1}
? 
! Undefined control sequence.
l.158 \DeclareFieldFormat
                         *{title}{\enquote{\textsl{#1}}}
? 
! Undefined control sequence.
l.158 \DeclareFieldFormat*{title}{\enquote
                                          {\textsl{#1}}}
? 
! Illegal parameter number in definition of \reserved@a.
<to be read again> 
                   1
l.158 ...eFieldFormat*{title}{\enquote{\textsl{#1}
                                                  }}
? 
! Illegal parameter number in definition of \reserved@b.
<to be read again> 
                   }
l.158 ...eFieldFormat*{title}{\enquote{\textsl{#1}
                                                  }}
? 
! You can't use `macro parameter character #' in horizontal mode.
<recently read> ##
                  
l.158 ...eFieldFormat*{title}{\enquote{\textsl{#1}
                                                  }}
? 
! Undefined control sequence.
l.159 \DeclareFieldFormat
                         *{volume}{\textbf{#1}}
? 
! Illegal parameter number in definition of \reserved@a.
<to be read again> 
                   1
l.159 \DeclareFieldFormat*{volume}{\textbf{#1}
                                              }
? 
! Illegal parameter number in definition of \reserved@b.
<to be read again> 
                   }
l.159 \DeclareFieldFormat*{volume}{\textbf{#1}
                                              }
? 
! You can't use `macro parameter character #' in horizontal mode.
<recently read> ##
                  
l.159 \DeclareFieldFormat*{volume}{\textbf{#1}
                                              }
? 
! Undefined control sequence.
l.160 \renewbibmacro
                    *{volume+number+eid}{\printfield{volume}}
? 
! Undefined control sequence.
l.160 ...wbibmacro*{volume+number+eid}{\printfield
                                                  {volume}}
? 
! Undefined control sequence.
l.161 \AtEveryBibitem
                     {\clearfield{issn}}
? 
! Undefined control sequence.
l.161 \AtEveryBibitem{\clearfield
                                 {issn}}
? 
(/usr/share/texlive/texmf-dist/tex/latex/csquotes/csquotes.sty
Package: csquotes 2018/02/11 v5.2c context-sensitive quotations (JAW)
\csq@reset=\count296
\csq@gtype=\count297
\csq@glevel=\count298
\csq@qlevel=\count299
\csq@maxlvl=\count300
\csq@tshold=\count301
\csq@ltx@everypar=\toks26

(/usr/share/texlive/texmf-dist/tex/latex/csquotes/csquotes.def
File: csquotes.def 2018/02/11 v5.2c csquotes generic definitions (JAW)
)
Package csquotes Info: Trying to load configuration file 'csquotes.cfg'...
Package csquotes Info: ... configuration file loaded successfully.

(/usr/share/texlive/texmf-dist/tex/latex/csquotes/csquotes.cfg
File: csquotes.cfg 
)
Package csquotes Info: Enabling multilingual quotes.
)
(/usr/share/texlive/texmf-dist/tex/latex/jknapltx/mathrsfs.sty
Package: mathrsfs 1996/01/01 Math RSFS package v1.0 (jk)
\symrsfs=\mathgroup4
)
! Undefined control sequence.
l.202 \hypersetup
                 {pdftitle=\ttitle} % Set the PDF's title to your title
? 

! LaTeX Error: Missing \begin{document}.

See the LaTeX manual or LaTeX Companion for explanation.
Type  H <return>  for immediate help.
 ...                                              
                                                  
l.202 \hypersetup{p
                   dftitle=\ttitle} % Set the PDF's title to your title
? 
! Undefined control sequence.
l.203 \hypersetup
                 {pdfauthor=\authorname} % Set the PDF's author to your name
? 
! Undefined control sequence.
l.204 \hypersetup
                 {pdfkeywords=\keywordnames} % Set the PDF's keywords to you...

? 
(/usr/share/texlive/texmf-dist/tex/latex/biblatex/biblatex.sty
Package: biblatex 2017/12/19 v3.10 programmable bibliographies (PK/JW/AB)

(/usr/share/texlive/texmf-dist/tex/generic/oberdiek/pdftexcmds.sty
Package: pdftexcmds 2018/01/21 v0.26 Utility functions of pdfTeX for LuaTeX (HO
)

(/usr/share/texlive/texmf-dist/tex/generic/oberdiek/infwarerr.sty
Package: infwarerr 2016/05/16 v1.4 Providing info/warning/error messages (HO)
)
(/usr/share/texlive/texmf-dist/tex/generic/oberdiek/ifluatex.sty
Package: ifluatex 2016/05/16 v1.4 Provides the ifluatex switch (HO)
Package ifluatex Info: LuaTeX not detected.
)
(/usr/share/texlive/texmf-dist/tex/generic/oberdiek/ltxcmds.sty
Package: ltxcmds 2016/05/16 v1.23 LaTeX kernel commands for general use (HO)
)
Package pdftexcmds Info: LuaTeX not detected.
Package pdftexcmds Info: \pdf@primitive is available.
Package pdftexcmds Info: \pdf@ifprimitive is available.
Package pdftexcmds Info: \pdfdraftmode found.
)
(/usr/share/texlive/texmf-dist/tex/latex/oberdiek/kvoptions.sty
Package: kvoptions 2016/05/16 v3.12 Key value format for package options (HO)

(/usr/share/texlive/texmf-dist/tex/generic/oberdiek/kvsetkeys.sty
Package: kvsetkeys 2016/05/16 v1.17 Key value parser (HO)

(/usr/share/texlive/texmf-dist/tex/generic/oberdiek/etexcmds.sty
Package: etexcmds 2016/05/16 v1.6 Avoid name clashes with e-TeX commands (HO)
Package etexcmds Info: Could not find \expanded.
(etexcmds)             That can mean that you are not using pdfTeX 1.50 or
(etexcmds)             that some package has redefined \expanded.
(etexcmds)             In the latter case, load this package earlier.
)))
(/usr/share/texlive/texmf-dist/tex/latex/logreq/logreq.sty
Package: logreq 2010/08/04 v1.0 xml request logger
\lrq@indent=\count302

(/usr/share/texlive/texmf-dist/tex/latex/logreq/logreq.def
File: logreq.def 2010/08/04 v1.0 logreq spec v1.0
))
(/usr/share/texlive/texmf-dist/tex/latex/url/url.sty
\Urlmuskip=\muskip17
Package: url 2013/09/16  ver 3.4  Verb mode for urls, etc.
)
(/usr/share/texlive/texmf-dist/tex/generic/xstring/xstring.sty
(/usr/share/texlive/texmf-dist/tex/generic/xstring/xstring.tex
\@xs@message=\write4
\integerpart=\count303
\decimalpart=\count304
)
Package: xstring 2013/10/13  v1.7c  String manipulations (C Tellechea)
)
\c@tabx@nest=\count305
\c@listtotal=\count306
\c@listcount=\count307
\c@liststart=\count308
\c@liststop=\count309
\c@citecount=\count310
\c@citetotal=\count311
\c@multicitecount=\count312
\c@multicitetotal=\count313
\c@instcount=\count314
\c@maxnames=\count315
\c@minnames=\count316
\c@maxitems=\count317
\c@minitems=\count318
\c@citecounter=\count319
\c@savedcitecounter=\count320
\c@uniquelist=\count321
\c@uniquename=\count322
\c@refsection=\count323
\c@refsegment=\count324
\c@maxextratitle=\count325
\c@maxextratitleyear=\count326
\c@maxextradate=\count327
\c@maxextraalpha=\count328
\c@abbrvpenalty=\count329
\c@highnamepenalty=\count330
\c@lownamepenalty=\count331
\c@maxparens=\count332
\c@parenlevel=\count333
\blx@tempcnta=\count334
\blx@tempcntb=\count335
\blx@tempcntc=\count336
\blx@maxsection=\count337
\blx@maxsegment@0=\count338
\blx@notetype=\count339
\blx@parenlevel@text=\count340
\blx@parenlevel@foot=\count341
\blx@sectionciteorder@0=\count342
\labelnumberwidth=\skip71
\labelalphawidth=\skip72
\biblabelsep=\skip73
\bibitemsep=\skip74
\bibnamesep=\skip75
\bibinitsep=\skip76
\bibparsep=\skip77
\bibhang=\skip78
\blx@bcfin=\read2
\blx@bcfout=\write5
\c@mincomprange=\count343
\c@maxcomprange=\count344
\c@mincompwidth=\count345
Package biblatex Info: Trying to load biblatex default data model...
Package biblatex Info: ... file 'blx-dm.def' found.

(/usr/share/texlive/texmf-dist/tex/latex/biblatex/blx-dm.def)
Package biblatex Info: Trying to load biblatex style data model...
Package biblatex Info: ... file 'abnt.dbx' not found.
Package biblatex Info: Trying to load biblatex custom data model...
Package biblatex Info: ... file 'biblatex-dm.cfg' not found.


! LaTeX Error: Command \labelalphaothers already defined.
               Or name \end... illegal, see p.192 of the manual.

See the LaTeX manual or LaTeX Companion for explanation.
Type  H <return>  for immediate help.
 ...                                              
                                                  
l.5931 \newcommand*{\labelalphaothers}{+}
                                         
? 
\c@afterword=\count346
\c@savedafterword=\count347
\c@annotator=\count348
\c@savedannotator=\count349
\c@author=\count350
\c@savedauthor=\count351
\c@bookauthor=\count352
\c@savedbookauthor=\count353
\c@commentator=\count354
\c@savedcommentator=\count355
\c@editor=\count356
\c@savededitor=\count357
\c@editora=\count358
\c@savededitora=\count359
\c@editorb=\count360
\c@savededitorb=\count361
\c@editorc=\count362
\c@savededitorc=\count363
\c@foreword=\count364
\c@savedforeword=\count365
\c@holder=\count366
\c@savedholder=\count367
\c@introduction=\count368
\c@savedintroduction=\count369
\c@namea=\count370
\c@savednamea=\count371
\c@nameb=\count372
\c@savednameb=\count373
\c@namec=\count374
\c@savednamec=\count375
\c@translator=\count376
\c@savedtranslator=\count377
\c@shortauthor=\count378
\c@savedshortauthor=\count379
\c@shorteditor=\count380
\c@savedshorteditor=\count381
\c@labelname=\count382
\c@savedlabelname=\count383
\c@institution=\count384
\c@savedinstitution=\count385
\c@lista=\count386
\c@savedlista=\count387
\c@listb=\count388
\c@savedlistb=\count389
\c@listc=\count390
\c@savedlistc=\count391
\c@listd=\count392
\c@savedlistd=\count393
\c@liste=\count394
\c@savedliste=\count395
\c@listf=\count396
\c@savedlistf=\count397
\c@location=\count398
\c@savedlocation=\count399
\c@organization=\count400
\c@savedorganization=\count401
\c@origlocation=\count402
\c@savedoriglocation=\count403
\c@origpublisher=\count404
\c@savedorigpublisher=\count405
\c@publisher=\count406
\c@savedpublisher=\count407
\c@language=\count408
\c@savedlanguage=\count409
\c@origlanguage=\count410
\c@savedoriglanguage=\count411
\c@pageref=\count412
\c@savedpageref=\count413
\shorthandwidth=\skip79
\shortjournalwidth=\skip80
\shortserieswidth=\skip81
\shorttitlewidth=\skip82
\shortauthorwidth=\skip83
\shorteditorwidth=\skip84
Package biblatex Info: Trying to load compatibility code...
Package biblatex Info: ... file 'blx-compat.def' found.
(/usr/share/texlive/texmf-dist/tex/latex/biblatex/blx-compat.def
File: blx-compat.def 2017/12/19 v3.10 biblatex compatibility (PK/JW/AB)
)
Package biblatex Info: Trying to load generic definitions...
Package biblatex Info: ... file 'biblatex.def' found.

(/usr/share/texlive/texmf-dist/tex/latex/biblatex/biblatex.def
File: biblatex.def 2017/12/19 v3.10 biblatex compatibility (PK/JW/AB)
\c@textcitecount=\count414
\c@textcitetotal=\count415
\c@textcitemaxnames=\count416


! LaTeX Error: Command \newunitpunct already defined.
               Or name \end... illegal, see p.192 of the manual.

See the LaTeX manual or LaTeX Companion for explanation.
Type  H <return>  for immediate help.
 ...                                              
                                                  
l.162 ...command*{\newunitpunct}{\addperiod\space}
                                                  
? 

! LaTeX Error: Command \labelnamepunct already defined.
               Or name \end... illegal, see p.192 of the manual.

See the LaTeX manual or LaTeX Companion for explanation.
Type  H <return>  for immediate help.
 ...                                              
                                                  
l.165 \newcommand*{\labelnamepunct}{\newunitpunct}
                                                  
? 
\c@biburlnumpenalty=\count417
\c@biburlucpenalty=\count418
\c@biburllcpenalty=\count419
\c@smartand=\count420
)
Package biblatex Info: Trying to load bibliography style 'abnt'...
Package biblatex Info: ... file 'abnt.bbx' found.
 (/usr/share/texlive/texmf-dist/tex/latex/biblatex-abnt/abnt.bbx
File: abnt.bbx 2017/11/09 v3.2 ABNT BibLaTeX citation style
Package biblatex Info: Trying to load bibliography style 'standard'...
Package biblatex Info: ... file 'standard.bbx' found.

(/usr/share/texlive/texmf-dist/tex/latex/biblatex/bbx/standard.bbx
File: standard.bbx 2017/12/19 v3.10 biblatex bibliography style (PK/JW/AB)
\c@bbx:relatedcount=\count421
\c@bbx:relatedtotal=\count422
)
.................................................
. LaTeX info: "xparse/define-command"
. 
. Defining command \IfGivenIsInitial with sig. 'mm' on line 436.
.................................................
)
Package biblatex Info: Trying to load citation style 'abnt'...
Package biblatex Info: ... file 'abnt.cbx' found.

(/usr/share/texlive/texmf-dist/tex/latex/biblatex-abnt/abnt.cbx
File: abnt.cbx 2017/11/09 v3.2 ABNT BibLaTeX citation style
Package biblatex Info: Trying to load citation style 'authoryear-comp'...
Package biblatex Info: ... file 'authoryear-comp.cbx' found.

(/usr/share/texlive/texmf-dist/tex/latex/biblatex/cbx/authoryear-comp.cbx
File: authoryear-comp.cbx 2017/12/19 v3.10 biblatex citation style (PK/JW/AB)
Package biblatex Info: Redefining '\cite'.
Package biblatex Info: Redefining '\parencite'.
Package biblatex Info: Redefining '\footcite'.
Package biblatex Info: Redefining '\footcitetext'.
Package biblatex Info: Redefining '\smartcite'.
Package biblatex Info: Redefining '\textcite'.
Package biblatex Info: Redefining '\textcites'.
Package biblatex Info: Redefining '\cites'.
Package biblatex Info: Redefining '\parencites'.
Package biblatex Info: Redefining '\footcites'.
Package biblatex Info: Redefining '\footcitetexts'.
Package biblatex Info: Redefining '\smartcites'.
)
.................................................
. LaTeX info: "xparse/define-command"
. 
. Defining command \IfGivenIsInit with sig. 'mm' on line 80.
.................................................
Package biblatex Info: Redefining '\cite'.
Package biblatex Info: Redefining '\cites'.
Package biblatex Info: Redefining '\footcite'.
Package biblatex Info: Redefining '\footcites'.
Package biblatex Info: Redefining '\citetitle'.
.................................................
. LaTeX info: "xparse/define-command"
. 
. Defining command \textapud with sig. 'o o m o o m' on line 569.
.................................................
Package biblatex Info: Redefining '\smartcite'.
Package biblatex Info: Redefining '\citeauthor'.
Package biblatex Info: Redefining '\citeyear'.
)
Package biblatex Info: Trying to load configuration file...
Package biblatex Info: ... file 'biblatex.cfg' found.

(/usr/share/texlive/texmf-dist/tex/latex/biblatex/biblatex.cfg
File: biblatex.cfg 
))
(/usr/share/texlive/texmf-dist/tex/latex/hyperref/hyperref.sty
Package: hyperref 2018/02/06 v6.86b Hypertext links for LaTeX

(/usr/share/texlive/texmf-dist/tex/generic/oberdiek/hobsub-hyperref.sty
Package: hobsub-hyperref 2016/05/16 v1.14 Bundle oberdiek, subset hyperref (HO)


(/usr/share/texlive/texmf-dist/tex/generic/oberdiek/hobsub-generic.sty
Package: hobsub-generic 2016/05/16 v1.14 Bundle oberdiek, subset generic (HO)
Package: hobsub 2016/05/16 v1.14 Construct package bundles (HO)
Package hobsub Info: Skipping package `infwarerr' (already loaded).
Package hobsub Info: Skipping package `ltxcmds' (already loaded).
Package hobsub Info: Skipping package `ifluatex' (already loaded).
Package hobsub Info: Skipping package `ifvtex' (already loaded).
Package: intcalc 2016/05/16 v1.2 Expandable calculations with integers (HO)
Package hobsub Info: Skipping package `ifpdf' (already loaded).
Package hobsub Info: Skipping package `etexcmds' (already loaded).
Package hobsub Info: Skipping package `kvsetkeys' (already loaded).
Package: kvdefinekeys 2016/05/16 v1.4 Define keys (HO)
Package hobsub Info: Skipping package `pdftexcmds' (already loaded).
Package: pdfescape 2016/05/16 v1.14 Implements pdfTeX's escape features (HO)
Package: bigintcalc 2016/05/16 v1.4 Expandable calculations on big integers (HO
)
Package: bitset 2016/05/16 v1.2 Handle bit-vector datatype (HO)
Package: uniquecounter 2016/05/16 v1.3 Provide unlimited unique counter (HO)
)
Package hobsub Info: Skipping package `hobsub' (already loaded).
Package: letltxmacro 2016/05/16 v1.5 Let assignment for LaTeX macros (HO)
Package: hopatch 2016/05/16 v1.3 Wrapper for package hooks (HO)
Package: xcolor-patch 2016/05/16 xcolor patch
Package: atveryend 2016/05/16 v1.9 Hooks at the very end of document (HO)
Package: atbegshi 2016/06/09 v1.18 At begin shipout hook (HO)
Package: refcount 2016/05/16 v3.5 Data extraction from label references (HO)
Package: hycolor 2016/05/16 v1.8 Color options for hyperref/bookmark (HO)
)
(/usr/share/texlive/texmf-dist/tex/latex/oberdiek/auxhook.sty
Package: auxhook 2016/05/16 v1.4 Hooks for auxiliary files (HO)
)
\@linkdim=\dimen191
\Hy@linkcounter=\count423
\Hy@pagecounter=\count424

(/usr/share/texlive/texmf-dist/tex/latex/hyperref/pd1enc.def
File: pd1enc.def 2018/02/06 v6.86b Hyperref: PDFDocEncoding definition (HO)
Now handling font encoding PD1 ...
... no UTF-8 mapping file for font encoding PD1
)
\Hy@SavedSpaceFactor=\count425

(/usr/share/texlive/texmf-dist/tex/latex/latexconfig/hyperref.cfg
File: hyperref.cfg 2002/06/06 v1.2 hyperref configuration of TeXLive
)
Package hyperref Info: Hyper figures OFF on input line 4509.
Package hyperref Info: Link nesting OFF on input line 4514.
Package hyperref Info: Hyper index ON on input line 4517.
Package hyperref Info: Plain pages OFF on input line 4524.
Package hyperref Info: Backreferencing OFF on input line 4529.
Package hyperref Info: Implicit mode ON; LaTeX internals redefined.
Package hyperref Info: Bookmarks ON on input line 4762.
\c@Hy@tempcnt=\count426
LaTeX Info: Redefining \url on input line 5115.
\XeTeXLinkMargin=\dimen192
\Fld@menulength=\count427
\Field@Width=\dimen193
\Fld@charsize=\dimen194
Package hyperref Info: Hyper figures OFF on input line 6369.
Package hyperref Info: Link nesting OFF on input line 6374.
Package hyperref Info: Hyper index ON on input line 6377.
Package hyperref Info: backreferencing OFF on input line 6384.
Package hyperref Info: Link coloring OFF on input line 6389.
Package hyperref Info: Link coloring with OCG OFF on input line 6394.
Package hyperref Info: PDF/A mode OFF on input line 6399.
LaTeX Info: Redefining \ref on input line 6439.
LaTeX Info: Redefining \pageref on input line 6443.
\Hy@abspage=\count428
\c@Item=\count429
\c@Hfootnote=\count430
)
Package scrhack Info: hyperref hack deactivated because of
(scrhack)             detection of hyperref version, that doesn't
(scrhack)             need that hack, on input line 208.
Package hyperref Info: Driver (autodetected): hpdftex.

(/usr/share/texlive/texmf-dist/tex/latex/hyperref/hpdftex.def
File: hpdftex.def 2018/02/06 v6.86b Hyperref driver for pdfTeX
\Fld@listcount=\count431
\c@bookmark@seq@number=\count432

(/usr/share/texlive/texmf-dist/tex/latex/oberdiek/rerunfilecheck.sty
Package: rerunfilecheck 2016/05/16 v1.8 Rerun checks for auxiliary files (HO)
Package uniquecounter Info: New unique counter `rerunfilecheck' on input line 2
82.
)
\Hy@SectionHShift=\skip85
)
Package hyperref Info: Option `bookmarksopen' set `true' on input line 208.
Package hyperref Info: Option `hypertexnames' set `false' on input line 208.
Package hyperref Info: Option `colorlinks' set `true' on input line 208.
Package hyperref Info: Option `unicode' set `true' on input line 208.

(/usr/share/texlive/texmf-dist/tex/latex/hyperref/puenc.def
File: puenc.def 2018/02/06 v6.86b Hyperref: PDF Unicode definition (HO)
Now handling font encoding PU ...
... no UTF-8 mapping file for font encoding PU
)
Package hyperref Info: Option `breaklinks' set `true' on input line 208.
Package csquotes Info: Checking for multilingual support...
Package csquotes Info: ... found 'babel' package.
Package biblatex Info: Trying to load language 'english' -> 'english-abnt'...
Package biblatex Info: ... file 'english-abnt.lbx' found.

(/usr/share/texlive/texmf-dist/tex/latex/biblatex-abnt/english-abnt.lbx
File: abnt-english.lbx 
Package biblatex Info: Trying to load language 'english'...
Package biblatex Info: ... file 'english.lbx' found.

(/usr/share/texlive/texmf-dist/tex/latex/biblatex/lbx/english.lbx
File: english.lbx 2017/12/19 v3.10 biblatex localization (PK/JW/AB)
)) (./main.aux (./Chapters/introduction.aux) (./Chapters/Chapter_1.aux)
(./Chapters/Chapter_2.aux) (./Chapters/Chapter_3.aux)

LaTeX Warning: Label `fig:sigfits-asimov-SM-pT4l-4l:b' multiply defined.


LaTeX Warning: Label `sub@fig:sigfits-asimov-SM-pT4l-4l:b' multiply defined.


LaTeX Warning: Label `fig:sigfits-asimov-SM-pT4l-4l:c' multiply defined.


LaTeX Warning: Label `sub@fig:sigfits-asimov-SM-pT4l-4l:c' multiply defined.


LaTeX Warning: Label `fig:sigfits-asimov-SM-pT4l-4l:d' multiply defined.


LaTeX Warning: Label `sub@fig:sigfits-asimov-SM-pT4l-4l:d' multiply defined.


LaTeX Warning: Label `sec:Systematics' multiply defined.

(./Chapters/Chapter_7.aux))
\openout1 = `main.aux'.

LaTeX Font Info:    Checking defaults for OML/cmm/m/it on input line 210.
LaTeX Font Info:    ... okay on input line 210.
LaTeX Font Info:    Checking defaults for T1/cmr/m/n on input line 210.
LaTeX Font Info:    ... okay on input line 210.
LaTeX Font Info:    Checking defaults for OT1/cmr/m/n on input line 210.
LaTeX Font Info:    ... okay on input line 210.
LaTeX Font Info:    Checking defaults for OMS/cmsy/m/n on input line 210.
LaTeX Font Info:    ... okay on input line 210.
LaTeX Font Info:    Checking defaults for OMX/cmex/m/n on input line 210.
LaTeX Font Info:    ... okay on input line 210.
LaTeX Font Info:    Checking defaults for U/cmr/m/n on input line 210.
LaTeX Font Info:    ... okay on input line 210.
LaTeX Font Info:    Checking defaults for C00/song/m/n on input line 210.
LaTeX Font Info:    ... okay on input line 210.
LaTeX Font Info:    Checking defaults for C05/song/m/n on input line 210.
LaTeX Font Info:    ... okay on input line 210.
LaTeX Font Info:    Checking defaults for C09/song/m/n on input line 210.
LaTeX Font Info:    ... okay on input line 210.
LaTeX Font Info:    Checking defaults for C10/song/m/n on input line 210.
LaTeX Font Info:    ... okay on input line 210.
LaTeX Font Info:    Checking defaults for C20/song/m/n on input line 210.
LaTeX Font Info:    ... okay on input line 210.
LaTeX Font Info:    Checking defaults for C19/song/m/n on input line 210.
LaTeX Font Info:    ... okay on input line 210.
LaTeX Font Info:    Checking defaults for C40/song/m/n on input line 210.
LaTeX Font Info:    ... okay on input line 210.
LaTeX Font Info:    Checking defaults for C42/song/m/n on input line 210.
LaTeX Font Info:    ... okay on input line 210.
LaTeX Font Info:    Checking defaults for C43/song/m/n on input line 210.
LaTeX Font Info:    ... okay on input line 210.
LaTeX Font Info:    Checking defaults for C50/song/m/n on input line 210.
LaTeX Font Info:    ... okay on input line 210.
LaTeX Font Info:    Checking defaults for C52/song/m/n on input line 210.
LaTeX Font Info:    ... okay on input line 210.
LaTeX Font Info:    Checking defaults for C49/song/m/n on input line 210.
LaTeX Font Info:    ... okay on input line 210.
LaTeX Font Info:    Checking defaults for C60/mj/m/n on input line 210.
LaTeX Font Info:    ... okay on input line 210.
LaTeX Font Info:    Checking defaults for C61/mj/m/n on input line 210.
LaTeX Font Info:    ... okay on input line 210.
LaTeX Font Info:    Checking defaults for C63/mj/m/n on input line 210.
LaTeX Font Info:    ... okay on input line 210.
LaTeX Font Info:    Checking defaults for C64/mj/m/n on input line 210.
LaTeX Font Info:    ... okay on input line 210.
LaTeX Font Info:    Checking defaults for C65/mj/m/n on input line 210.
LaTeX Font Info:    ... okay on input line 210.
LaTeX Font Info:    Checking defaults for C70/song/m/n on input line 210.
LaTeX Font Info:    ... okay on input line 210.
LaTeX Font Info:    Checking defaults for C31/song/m/n on input line 210.
LaTeX Font Info:    ... okay on input line 210.
LaTeX Font Info:    Checking defaults for C32/song/m/n on input line 210.
LaTeX Font Info:    ... okay on input line 210.
LaTeX Font Info:    Checking defaults for C33/song/m/n on input line 210.
LaTeX Font Info:    ... okay on input line 210.
LaTeX Font Info:    Checking defaults for C34/song/m/n on input line 210.
LaTeX Font Info:    ... okay on input line 210.
LaTeX Font Info:    Checking defaults for C35/song/m/n on input line 210.
LaTeX Font Info:    ... okay on input line 210.
LaTeX Font Info:    Checking defaults for C36/song/m/n on input line 210.
LaTeX Font Info:    ... okay on input line 210.
LaTeX Font Info:    Checking defaults for C37/song/m/n on input line 210.
LaTeX Font Info:    ... okay on input line 210.
LaTeX Font Info:    Checking defaults for C80/song/m/n on input line 210.
LaTeX Font Info:    ... okay on input line 210.
LaTeX Font Info:    Checking defaults for C81/song/m/n on input line 210.
LaTeX Font Info:    ... okay on input line 210.
LaTeX Font Info:    Checking defaults for C01/song/m/n on input line 210.
LaTeX Font Info:    ... okay on input line 210.
LaTeX Font Info:    Checking defaults for C11/song/m/n on input line 210.
LaTeX Font Info:    ... okay on input line 210.
LaTeX Font Info:    Checking defaults for C21/song/m/n on input line 210.
LaTeX Font Info:    ... okay on input line 210.
LaTeX Font Info:    Checking defaults for C41/song/m/n on input line 210.
LaTeX Font Info:    ... okay on input line 210.
LaTeX Font Info:    Checking defaults for C62/song/m/n on input line 210.
LaTeX Font Info:    ... okay on input line 210.
LaTeX Font Info:    Checking defaults for PD1/pdf/m/n on input line 210.
LaTeX Font Info:    ... okay on input line 210.
LaTeX Font Info:    Checking defaults for PU/pdf/m/n on input line 210.
LaTeX Font Info:    ... okay on input line 210.
LaTeX Font Info:    Try loading font information for T1+ppl on input line 210.

(/usr/share/texlive/texmf-dist/tex/latex/psnfss/t1ppl.fd
File: t1ppl.fd 2001/06/04 font definitions for T1/ppl.
)
Now handling font encoding TS1 ...
... processing UTF-8 mapping file for font encoding TS1

(/usr/share/texlive/texmf-dist/tex/latex/base/ts1enc.dfu
File: ts1enc.dfu 2017/01/28 v1.1t UTF-8 support for inputenc
   defining Unicode char U+00A2 (decimal 162)
   defining Unicode char U+00A3 (decimal 163)
   defining Unicode char U+00A4 (decimal 164)
   defining Unicode char U+00A5 (decimal 165)
   defining Unicode char U+00A6 (decimal 166)
   defining Unicode char U+00A7 (decimal 167)
   defining Unicode char U+00A8 (decimal 168)
   defining Unicode char U+00A9 (decimal 169)
   defining Unicode char U+00AA (decimal 170)
   defining Unicode char U+00AC (decimal 172)
   defining Unicode char U+00AE (decimal 174)
   defining Unicode char U+00AF (decimal 175)
   defining Unicode char U+00B0 (decimal 176)
   defining Unicode char U+00B1 (decimal 177)
   defining Unicode char U+00B2 (decimal 178)
   defining Unicode char U+00B3 (decimal 179)
   defining Unicode char U+00B4 (decimal 180)
   defining Unicode char U+00B5 (decimal 181)
   defining Unicode char U+00B6 (decimal 182)
   defining Unicode char U+00B7 (decimal 183)
   defining Unicode char U+00B9 (decimal 185)
   defining Unicode char U+00BA (decimal 186)
   defining Unicode char U+00BC (decimal 188)
   defining Unicode char U+00BD (decimal 189)
   defining Unicode char U+00BE (decimal 190)
   defining Unicode char U+00D7 (decimal 215)
   defining Unicode char U+00F7 (decimal 247)
   defining Unicode char U+0192 (decimal 402)
   defining Unicode char U+02C7 (decimal 711)
   defining Unicode char U+02D8 (decimal 728)
   defining Unicode char U+02DD (decimal 733)
   defining Unicode char U+0E3F (decimal 3647)
   defining Unicode char U+2016 (decimal 8214)
   defining Unicode char U+2020 (decimal 8224)
   defining Unicode char U+2021 (decimal 8225)
   defining Unicode char U+2022 (decimal 8226)
   defining Unicode char U+2030 (decimal 8240)
   defining Unicode char U+2031 (decimal 8241)
   defining Unicode char U+203B (decimal 8251)
   defining Unicode char U+203D (decimal 8253)
   defining Unicode char U+2044 (decimal 8260)
   defining Unicode char U+204E (decimal 8270)
   defining Unicode char U+2052 (decimal 8274)
   defining Unicode char U+20A1 (decimal 8353)
   defining Unicode char U+20A4 (decimal 8356)
   defining Unicode char U+20A6 (decimal 8358)
   defining Unicode char U+20A9 (decimal 8361)
   defining Unicode char U+20AB (decimal 8363)
   defining Unicode char U+20AC (decimal 8364)
   defining Unicode char U+20B1 (decimal 8369)
   defining Unicode char U+2103 (decimal 8451)
   defining Unicode char U+2116 (decimal 8470)
   defining Unicode char U+2117 (decimal 8471)
   defining Unicode char U+211E (decimal 8478)
   defining Unicode char U+2120 (decimal 8480)
   defining Unicode char U+2122 (decimal 8482)
   defining Unicode char U+2126 (decimal 8486)
   defining Unicode char U+2127 (decimal 8487)
   defining Unicode char U+212E (decimal 8494)
   defining Unicode char U+2190 (decimal 8592)
   defining Unicode char U+2191 (decimal 8593)
   defining Unicode char U+2192 (decimal 8594)
   defining Unicode char U+2193 (decimal 8595)
   defining Unicode char U+2329 (decimal 9001)
   defining Unicode char U+232A (decimal 9002)
   defining Unicode char U+2422 (decimal 9250)
   defining Unicode char U+25E6 (decimal 9702)
   defining Unicode char U+25EF (decimal 9711)
   defining Unicode char U+266A (decimal 9834)
)
(/usr/share/texlive/texmf-dist/tex/latex/translator/translator-basic-dictionary
-English.dict
Dictionary: translator-basic-dictionary, Language: English 
)
(/usr/share/texlive/texmf-dist/tex/latex/siunitx/siunitx-abbreviations.cfg
File: siunitx-abbreviations.cfg 2017/11/26 v2.7k siunitx: Abbreviated units
)
(/usr/share/texlive/texmf-dist/tex/context/base/mkii/supp-pdf.mkii
[Loading MPS to PDF converter (version 2006.09.02).]
\scratchcounter=\count433
\scratchdimen=\dimen195
\scratchbox=\box57
\nofMPsegments=\count434
\nofMParguments=\count435
\everyMPshowfont=\toks27
\MPscratchCnt=\count436
\MPscratchDim=\dimen196
\MPnumerator=\count437
\makeMPintoPDFobject=\count438
\everyMPtoPDFconversion=\toks28
) (/usr/share/texlive/texmf-dist/tex/latex/oberdiek/epstopdf-base.sty
Package: epstopdf-base 2016/05/15 v2.6 Base part for package epstopdf

(/usr/share/texlive/texmf-dist/tex/latex/oberdiek/grfext.sty
Package: grfext 2016/05/16 v1.2 Manage graphics extensions (HO)
)
Package epstopdf-base Info: Redefining graphics rule for `.eps' on input line 4
38.
Package grfext Info: Graphics extension search list:
(grfext)             [.pdf,.png,.jpg,.mps,.jpeg,.jbig2,.jb2,.PDF,.PNG,.JPG,.JPE
G,.JBIG2,.JB2,.eps]
(grfext)             \AppendGraphicsExtensions on input line 456.

(/usr/share/texlive/texmf-dist/tex/latex/latexconfig/epstopdf-sys.cfg
File: epstopdf-sys.cfg 2010/07/13 v1.3 Configuration of (r)epstopdf for TeX Liv
e
))
Package caption Info: Begin \AtBeginDocument code.
Package caption Info: hyperref package is loaded.
Package caption Info: rotating package is loaded.
Package caption Info: subfigure package is loaded.


! Package subcaption Error: This package can't be used in cooperation
(subcaption)                with the subfigure package.

See the subcaption package documentation for explanation.
Type  H <return>  for immediate help.
 ...                                              
                                                  
l.210 \begin{document}
                      
? 

! LaTeX Error: Command \subfigure already defined.
               Or name \end... illegal, see p.192 of the manual.

See the LaTeX manual or LaTeX Companion for explanation.
Type  H <return>  for immediate help.
 ...                                              
                                                  
l.210 \begin{document}
                      
? 

! LaTeX Error: Command \subtable already defined.
               Or name \end... illegal, see p.192 of the manual.

See the LaTeX manual or LaTeX Companion for explanation.
Type  H <return>  for immediate help.
 ...                                              
                                                  
l.210 \begin{document}
                      
? 
Package caption Info: End \AtBeginDocument code.
*geometry* driver: auto-detecting
*geometry* detected driver: pdftex
*geometry* verbose mode - [ preamble ] result:
* driver: pdftex
* paper: <default>
* layout: <same size as paper>
* layoutoffset:(h,v)=(0.0pt,0.0pt)
* modes: includehead includefoot twoside 
* h-part:(L,W,R)=(90.3375pt, 433.62001pt, 90.3375pt)
* v-part:(T,H,B)=(36.135pt, 722.7pt, 36.135pt)
* \paperwidth=614.295pt
* \paperheight=794.96999pt
* \textwidth=433.62001pt
* \textheight=658.3262pt
* \oddsidemargin=18.0675pt
* \evensidemargin=18.0675pt
* \topmargin=-36.135pt
* \headheight=14.5pt
* \headsep=19.8738pt
* \topskip=12.0pt
* \footskip=30.0pt
* \marginparwidth=98.0pt
* \marginparsep=7.0pt
* \columnsep=10.0pt
* \skip\footins=10.8pt plus 4.0pt minus 2.0pt
* \hoffset=0.0pt
* \voffset=0.0pt
* \mag=1000
* \@twocolumnfalse
* \@twosidetrue
* \@mparswitchtrue
* \@reversemarginfalse
* (1in=72.27pt=25.4mm, 1cm=28.453pt)

Package scrlayer Info: Setting magic \footheight to \baselineskip while
(scrlayer)             \begin{document} on input line 210.
Package scrbase Info: activating english \authorshipname on input line 210.
Package scrbase Info: activating english \byname on input line 210.
Package scrbase Info: activating english \abbrevname on input line 210.
Package scrbase Info: activating english \constantsname on input line 210.
Package scrbase Info: activating english \symbolsname on input line 210.
Package scrbase Info: activating english \acknowledgementname on input line 210
.
Package biblatex Info: Input encoding 'utf8' detected.
Package biblatex Info: Automatic encoding selection.
(biblatex)             Assuming data encoding 'utf8'.
Runaway definition?
->
! File ended while scanning definition of \blx@tempb.
<inserted text> 
                }
l.210 \begin{document}
                      ^^M
? 
! Extra }, or forgotten \endgroup.
\blx@xmlsanitizeafter ...xpandafter {\blx@tempb }}
                                                  \expandafter \blx@tempa \e...
l.210 \begin{document}
                      ^^M
? 
\openout5 = `main.bcf'.

Package biblatex Info: Trying to load bibliographic data...
Package biblatex Info: ... file 'main.bbl' found.
(./main.bbl)
Package biblatex Info: Reference section=0 on input line 210.
Package biblatex Info: Reference segment=0 on input line 210.
\AtBeginShipoutBox=\box58
 (/usr/share/texlive/texmf-dist/tex/latex/graphics/color.sty
Package: color 2016/07/10 v1.1e Standard LaTeX Color (DPC)
LaTeX Info: Redefining \color on input line 86.

(/usr/share/texlive/texmf-dist/tex/latex/graphics-cfg/color.cfg
File: color.cfg 2016/01/02 v1.6 sample color configuration
)
Package color Info: Driver file: pdftex.def on input line 147.
)
Package hyperref Info: Link coloring ON on input line 210.

(/usr/share/texlive/texmf-dist/tex/latex/hyperref/nameref.sty
Package: nameref 2016/05/21 v2.44 Cross-referencing by name of section

(/usr/share/texlive/texmf-dist/tex/generic/oberdiek/gettitlestring.sty
Package: gettitlestring 2016/05/16 v1.5 Cleanup title references (HO)
)
\c@section@level=\count439
)
LaTeX Info: Redefining \ref on input line 210.
LaTeX Info: Redefining \pageref on input line 210.
LaTeX Info: Redefining \nameref on input line 210.

(./main.out) (./main.out)
\@outlinefile=\write6
\openout6 = `main.out'.

\c__siunitx_mathsf_int=\count440
LaTeX Font Info:    Try loading font information for U+rsfs on input line 210.

(/usr/share/texlive/texmf-dist/tex/latex/jknapltx/ursfs.fd
File: ursfs.fd 1998/03/24 rsfs font definition file (jk)
)
\c__siunitx_mathtt_int=\count441
 [1{/var/lib/texmf/fonts/map/pdftex/updmap/pdftex.map}

] [2

]
1: section
LaTeX Font Info:    Font shape `T1/ppl/bx/n' in size <24.88> not available
(Font)              Font shape `T1/ppl/b/n' tried instead on input line 223.
<Figures/Logo.jpg, id=451, 226.8475pt x 223.83624pt>
File: Figures/Logo.jpg Graphic file (type jpg)
<use Figures/Logo.jpg>
Package pdftex.def Info: Figures/Logo.jpg  used on input line 246.
(pdftex.def)             Requested size: 71.13188pt x 70.18773pt.
[1

 <./Figures/Logo.jpg>] (/usr/share/texmf/tex/latex/CJK/UTF8/UTF8.bdg
File: UTF8.bdg 2015/04/18 4.8.4
)
(/usr/share/texmf/tex/latex/CJK/UTF8/UTF8.enc
File: UTF8.enc 2015/04/18 4.8.4
)
(/usr/share/texmf/tex/latex/CJK/UTF8/UTF8.chr
File: UTF8.chr 2015/04/18 4.8.4
) [2

] (./main.toc
LaTeX Font Info:    Font shape `T1/ppl/bx/n' in size <12> not available
(Font)              Font shape `T1/ppl/b/n' tried instead on input line 3.

1: section
[3] [4])
\tf@toc=\write7
\openout7 = `main.toc'.

 [5] [6

] (./main.lof
1: section
[7]
! Undefined control sequence.
\CJK@XX ...r `#1\endcsname {`#2}\CJK@ignorespaces 
                                                  \fi 
l.39 ... EGM POG.\relax }}{48}{figure.caption.136}
                                                  
? 

Overfull \hbox (5.214pt too wide) in paragraph at lines 39--39
 [][] [][][]\T1/ppl/m/n/12 Reconstruction ef-fi-cien-cies of elec-tron in data 
ver-sus $\OML/cmm/m/it/12 p[]$ \T1/ppl/m/n/12 (left), $\OML/cmm/m/it/12 ^^Q$ \T
1/ppl/m/n/12 (right) 
 []


Overfull \hbox (17.92346pt too wide) in paragraph at lines 40--40
 [][] [][][]\T1/ppl/m/n/12 Output of the mul-ti-clas-si-fier dis-crim-i-nant fo
r prompt elec-trons matched 
 []

! You can't use `macro parameter character #' in math mode.
<argument> ... and $|\eta |<0.8$~(top), $0.8 < |##
                                                  ######eta| < 1.479$~(middl...
l.41 ...ctively. \relax }}{50}{figure.caption.140}
                                                  
? 
! You can't use `macro parameter character #' in math mode.
<argument> ...nd $|\eta |<0.8$~(top), $0.8 < |####
                                                  ####eta| < 1.479$~(middle)...
l.41 ...ctively. \relax }}{50}{figure.caption.140}
                                                  
? 
! You can't use `macro parameter character #' in math mode.
<argument> ... $|\eta |<0.8$~(top), $0.8 < |######
                                                  ##eta| < 1.479$~(middle) a...
l.41 ...ctively. \relax }}{50}{figure.caption.140}
                                                  
? 
! You can't use `macro parameter character #' in math mode.
<argument> ...|\eta |<0.8$~(top), $0.8 < |########
                                                  eta| < 1.479$~(middle) and...
l.41 ...ctively. \relax }}{50}{figure.caption.140}
                                                  
? 
! You can't use `macro parameter character #' in math mode.
<argument> ...#####eta| < 1.479$~(middle) and $|##
                                                  ######eta| > 1.479$~(botto...
l.41 ...ctively. \relax }}{50}{figure.caption.140}
                                                  
? 
! You can't use `macro parameter character #' in math mode.
<argument> ...###eta| < 1.479$~(middle) and $|####
                                                  ####eta| > 1.479$~(bottom)...
l.41 ...ctively. \relax }}{50}{figure.caption.140}
                                                  
? 
! You can't use `macro parameter character #' in math mode.
<argument> ...#eta| < 1.479$~(middle) and $|######
                                                  ##eta| > 1.479$~(bottom). ...
l.41 ...ctively. \relax }}{50}{figure.caption.140}
                                                  
? 
! You can't use `macro parameter character #' in math mode.
<argument> ...ta| < 1.479$~(middle) and $|########
                                                  eta| > 1.479$~(bottom). V1...
l.41 ...ctively. \relax }}{50}{figure.caption.140}
                                                  
? 
[8]

! LaTeX Error: \mathrm allowed only in math mode.

See the LaTeX manual or LaTeX Companion for explanation.
Type  H <return>  for immediate help.
 ...                                              
                                                  
l.66 ...tainties.\relax }}{59}{figure.caption.180}
                                                  
? 

Overfull \hbox (18.50002pt too wide) in paragraph at lines 66--66
 [][] [][][]\T1/ppl/m/n/12 Efficiency of muon iso-la-tion re-quire-ment, mea-su
red with the tag&probe 
 []

[9] [10])
\tf@lof=\write8
\openout8 = `main.lof'.

 [11] [12

] (./main.lot
Overfull \hbox (11.63643pt too wide) in paragraph at lines 7--7
 [][] [][][]\T1/ppl/m/n/12 Higgs bo-son pro-duc-tion cross sec-tions in pb for 
dif-fer-ent Higgs masses 
 []


Overfull \hbox (6.54845pt too wide) in paragraph at lines 8--8
 [][] [][][]\T1/ppl/m/n/12 Higgs bo-son pro-duc-tion cross sec-tion in pb for d
if-fer-ent Higgs masses 
 []

1: section
[13]
Overfull \hbox (2.35594pt too wide) in paragraph at lines 25--25
 \T1/ppl/m/n/12 events re-con-structed within the fidu-cial re-gion ($\OML/cmm/
m/it/12 f[]$\T1/ppl/m/n/12 ) per fi-nal state 
 []


Overfull \hbox (5.27576pt too wide) in paragraph at lines 28--28
 \T1/ppl/m/n/12 lep-ton mo-men-tum scale and res-o-lu-tion un-cer-tain-ties hav
e been prop- 
 []

)
\tf@lot=\write9
\openout9 = `main.lot'.

 [14]
--------------------
 Dedicatory
--------------------
1: section
[15

] [16

]
1: section
\openout2 = `Chapters/introduction.aux'.

(./Chapters/introduction.tex
Chapter 1.

LaTeX Warning: Citation 'Reference7' on page 1 undefined on input line 17.


LaTeX Warning: Citation 'Reference8' on page 1 undefined on input line 17.


LaTeX Warning: Citation 'Reference9' on page 1 undefined on input line 17.


LaTeX Warning: Citation 'Reference10' on page 1 undefined on input line 17.


LaTeX Warning: Citation 'Reference11' on page 1 undefined on input line 17.


LaTeX Warning: Citation 'Reference12' on page 1 undefined on input line 17.


LaTeX Warning: Citation 'Reference20' on page 1 undefined on input line 22.


LaTeX Warning: Citation 'Reference21' on page 1 undefined on input line 22.


LaTeX Warning: Citation 'Reference22' on page 1 undefined on input line 23.


LaTeX Warning: Citation 'Reference21a' on page 1 undefined on input line 23.


LaTeX Warning: Citation 'Reference21b' on page 1 undefined on input line 23.


LaTeX Warning: Citation 'Reference21c' on page 1 undefined on input line 23.


Overfull \hbox (1.33844pt too wide) in paragraph at lines 3--25
\T1/ppl/m/n/12 The Stan-dard Model (SM) of the par-ti-cle physics gives suc-ces
s-ful ex-pla-na-tion about
 []

1: section
[1


]

LaTeX Warning: Citation 'ATLAS:Hgg_8TeV' on page 2 undefined on input line 33.


LaTeX Warning: Citation 'ATLAS:Hgg_8TeV_13TeV' on page 2 undefined on input lin
e 33.


LaTeX Warning: Citation 'ATLAS:H4l_8TeV' on page 2 undefined on input line 34.


LaTeX Warning: Citation 'ATLAS:H4l_8TeV_13TeV' on page 2 undefined on input lin
e 34.


LaTeX Warning: Citation 'ATLAS:H4l_Hgg_8TeV' on page 2 undefined on input line 
35.


LaTeX Warning: Citation 'ATLAS:H4l_Hgg_8TeV_13TeV' on page 2 undefined on input
 line 35.


LaTeX Warning: Citation 'CMS:Hgg_8TeV' on page 2 undefined on input line 35.

) [2]
\openout2 = `Chapters/Chapter_1.aux'.

 (./Chapters/Chapter_1.tex
Chapter 2.
LaTeX Font Info:    Font shape `T1/ppl/bx/n' in size <17.28> not available
(Font)              Font shape `T1/ppl/b/n' tried instead on input line 4.

LaTeX Warning: Citation 'Reference1' on page 3 undefined on input line 7.


LaTeX Warning: Citation 'Reference20' on page 3 undefined on input line 9.


LaTeX Warning: Citation 'Reference21' on page 3 undefined on input line 9.


Overfull \hbox (2.31712pt too wide) in paragraph at lines 18--18
[]\T1/ppl/b/n/17.28 Fundamental Par-ti-cles and un-der-ly-ing In-ter-ac-tions 
 []

LaTeX Font Info:    Font shape `T1/ppl/bx/n' in size <14.4> not available
(Font)              Font shape `T1/ppl/b/n' tried instead on input line 19.

Overfull \hbox (12.16313pt too wide) in paragraph at lines 20--26
\T1/ppl/m/n/12 Fermions in-cludes all lep-tons, quarks and baryons (com-pos-ite
 par-ti-cles three quarks).
 []

1: section
[3



]
Overfull \hbox (2.9086pt too wide) in paragraph at lines 32--50
 [] 
 []

<Figures/chapter1_Figure/Standard_Model_of_Elementary_Particles.png, id=982, 80
3.0pt x 603.25375pt>
File: Figures/chapter1_Figure/Standard_Model_of_Elementary_Particles.png Graphi
c file (type png)
<use Figures/chapter1_Figure/Standard_Model_of_Elementary_Particles.png>
Package pdftex.def Info: Figures/chapter1_Figure/Standard_Model_of_Elementary_P
articles.png  used on input line 77.
(pdftex.def)             Requested size: 346.89732pt x 260.6091pt.
<Figures/chapter1_Figure/Annihilation_of_a_Positron_Electron_pair.png, id=985, 
569.12625pt x 569.12625pt>
File: Figures/chapter1_Figure/Annihilation_of_a_Positron_Electron_pair.png Grap
hic file (type png)
<use Figures/chapter1_Figure/Annihilation_of_a_Positron_Electron_pair.png>
Package pdftex.def Info: Figures/chapter1_Figure/Annihilation_of_a_Positron_Ele
ctron_pair.png  used on input line 111.
(pdftex.def)             Requested size: 216.81pt x 216.80864pt.
[4]

LaTeX Warning: Citation 'Referencea' on page 5 undefined on input line 117.


LaTeX Warning: Citation 'Reference2' on page 5 undefined on input line 124.


LaTeX Warning: Citation 'Reference3' on page 5 undefined on input line 124.


LaTeX Warning: Citation 'Reference4' on page 5 undefined on input line 124.


LaTeX Warning: Citation 'Reference5' on page 5 undefined on input line 124.

[5 <./Figures/chapter1_Figure/Standard_Model_of_Elementary_Particles.png>]

LaTeX Warning: Citation 'Reference6' on page 6 undefined on input line 126.

[6 <./Figures/chapter1_Figure/Annihilation_of_a_Positron_Electron_pair.png>]

LaTeX Warning: Citation 'Reference7' on page 7 undefined on input line 158.


LaTeX Warning: Citation 'Reference8' on page 7 undefined on input line 158.


LaTeX Warning: Citation 'Reference9' on page 7 undefined on input line 158.


LaTeX Warning: Citation 'Reference10' on page 7 undefined on input line 158.


LaTeX Warning: Citation 'Reference11' on page 7 undefined on input line 158.


LaTeX Warning: Citation 'Reference12' on page 7 undefined on input line 158.

[7]
<Figures/chapter1_Figure/higgs_potential.jpg, id=1020, 486.81876pt x 300.12125p
t>
File: Figures/chapter1_Figure/higgs_potential.jpg Graphic file (type jpg)
<use Figures/chapter1_Figure/higgs_potential.jpg>
Package pdftex.def Info: Figures/chapter1_Figure/higgs_potential.jpg  used on i
nput line 209.
(pdftex.def)             Requested size: 260.17465pt x 160.39612pt.
 [8 <./Figures/chapter1_Figure/higgs_potential.jpg>] [9] [10]

LaTeX Warning: Citation 'Referenceb' on page 11 undefined on input line 375.

<Figures/chapter1_Figure/HiggsProduction.jpg, id=1067, 584.1825pt x 356.33125pt
>
File: Figures/chapter1_Figure/HiggsProduction.jpg Graphic file (type jpg)
<use Figures/chapter1_Figure/HiggsProduction.jpg>
Package pdftex.def Info: Figures/chapter1_Figure/HiggsProduction.jpg  used on i
nput line 378.
(pdftex.def)             Requested size: 303.53267pt x 185.15195pt.
<Figures/chapter1_Figure/Higgs_XS_7TeV.pdf, id=1068, 569.12625pt x 408.52625pt>

File: Figures/chapter1_Figure/Higgs_XS_7TeV.pdf Graphic file (type pdf)
<use Figures/chapter1_Figure/Higgs_XS_7TeV.pdf>
Package pdftex.def Info: Figures/chapter1_Figure/Higgs_XS_7TeV.pdf  used on inp
ut line 386.
(pdftex.def)             Requested size: 260.17465pt x 186.76491pt.
<Figures/chapter1_Figure/Higgs_XS_8TeV.pdf, id=1069, 569.12625pt x 408.52625pt>

File: Figures/chapter1_Figure/Higgs_XS_8TeV.pdf Graphic file (type pdf)
<use Figures/chapter1_Figure/Higgs_XS_8TeV.pdf>
Package pdftex.def Info: Figures/chapter1_Figure/Higgs_XS_8TeV.pdf  used on inp
ut line 387.
(pdftex.def)             Requested size: 260.17465pt x 186.76491pt.
<Figures/chapter1_Figure/plot_13tev_BSM_aa.pdf, id=1070, 569.12625pt x 410.5337
5pt>
File: Figures/chapter1_Figure/plot_13tev_BSM_aa.pdf Graphic file (type pdf)
<use Figures/chapter1_Figure/plot_13tev_BSM_aa.pdf>
Package pdftex.def Info: Figures/chapter1_Figure/plot_13tev_BSM_aa.pdf  used on
 input line 388.
(pdftex.def)             Requested size: 260.17465pt x 187.68266pt.
<Figures/chapter1_Figure/Escan_h125.pdf, id=1071, 569.12625pt x 547.04375pt>
File: Figures/chapter1_Figure/Escan_h125.pdf Graphic file (type pdf)
<use Figures/chapter1_Figure/Escan_h125.pdf>
Package pdftex.def Info: Figures/chapter1_Figure/Escan_h125.pdf  used on input 
line 395.
(pdftex.def)             Requested size: 260.17465pt x 250.09059pt.
[11]

LaTeX Warning: Citation 'Referenceb' on page 12 undefined on input line 403.


LaTeX Warning: Citation 'Referenceb' on page 12 undefined on input line 413.

[12 <./Figures/chapter1_Figure/HiggsProduction.jpg>] [13 <./Figures/chapter1_Fi
gure/Higgs_XS_7TeV.pdf> <./Figures/chapter1_Figure/Higgs_XS_8TeV.pdf, page is r
otated 90 degrees> <./Figures/chapter1_Figure/plot_13tev_BSM_aa.pdf, page is ro
tated 90 degrees>]

LaTeX Warning: Citation 'Referenceb' on page 14 undefined on input line 439.


Overfull \hbox (17.2633pt too wide) in paragraph at lines 434--440
\T1/ppl/m/n/12 Such pro-duc-tion of Higgs is known as Higgs Strahlung as il-lus
-trated in Fig-ure [][]2.4[][] (bot-
 []

[14 <./Figures/chapter1_Figure/Escan_h125.pdf, page is rotated 90 degrees>]

LaTeX Warning: Citation 'Referenceb' on page 15 undefined on input line 444.


Overfull \hbox (25.04439pt too wide) in paragraph at lines 447--456
[][]
 []


LaTeX Warning: Citation 'Referenceb' on page 15 undefined on input line 467.


LaTeX Warning: Citation 'Reference13' on page 15 undefined on input line 470.


LaTeX Warning: Citation 'Reference14' on page 15 undefined on input line 470.


LaTeX Warning: Citation 'Reference15' on page 15 undefined on input line 470.


LaTeX Warning: Citation 'Referenceb' on page 15 undefined on input line 481.

<Figures/chapter1_Figure/Higgs_BR_LM.pdf, id=1246, 569.12625pt x 546.04pt>
File: Figures/chapter1_Figure/Higgs_BR_LM.pdf Graphic file (type pdf)
<use Figures/chapter1_Figure/Higgs_BR_LM.pdf>
Package pdftex.def Info: Figures/chapter1_Figure/Higgs_BR_LM.pdf  used on input
 line 484.
(pdftex.def)             Requested size: 260.17465pt x 249.63171pt.
<Figures/chapter1_Figure/XSBR_7TeV_SM_LM.pdf, id=1247, 569.12625pt x 548.0475pt
>
File: Figures/chapter1_Figure/XSBR_7TeV_SM_LM.pdf Graphic file (type pdf)
<use Figures/chapter1_Figure/XSBR_7TeV_SM_LM.pdf>
Package pdftex.def Info: Figures/chapter1_Figure/XSBR_7TeV_SM_LM.pdf  used on i
nput line 492.
(pdftex.def)             Requested size: 216.81pt x 208.77869pt.
<Figures/chapter1_Figure/XSBR_8TeV_SM_LM.pdf, id=1248, 569.12625pt x 549.05125p
t>
File: Figures/chapter1_Figure/XSBR_8TeV_SM_LM.pdf Graphic file (type pdf)
<use Figures/chapter1_Figure/XSBR_8TeV_SM_LM.pdf>
Package pdftex.def Info: Figures/chapter1_Figure/XSBR_8TeV_SM_LM.pdf  used on i
nput line 495.
(pdftex.def)             Requested size: 216.81pt x 209.16107pt.

Overfull \hbox (2.28001pt too wide) in paragraph at lines 491--497
[]$[]$ $[]$ 
 []

[15]

LaTeX Warning: Citation 'Reference16' on page 16 undefined on input line 503.


LaTeX Warning: Citation 'Reference2' on page 16 undefined on input line 509.


LaTeX Warning: Citation 'Reference3' on page 16 undefined on input line 509.


LaTeX Warning: Citation 'Reference4' on page 16 undefined on input line 509.


LaTeX Warning: Citation 'Reference5' on page 16 undefined on input line 509.

[16 <./Figures/chapter1_Figure/Higgs_BR_LM.pdf>]

LaTeX Warning: Citation 'Reference17' on page 17 undefined on input line 513.


LaTeX Warning: Citation 'Reference18' on page 17 undefined on input line 513.


LaTeX Warning: Citation 'Reference18' on page 17 undefined on input line 516.


LaTeX Warning: Citation 'Reference19' on page 17 undefined on input line 517.


LaTeX Warning: Citation 'Reference20' on page 17 undefined on input line 518.


LaTeX Warning: Citation 'Reference21' on page 17 undefined on input line 518.


LaTeX Warning: Citation 'Reference22' on page 17 undefined on input line 520.


LaTeX Warning: Citation 'Reference23' on page 17 undefined on input line 520.


LaTeX Warning: Citation 'Reference24' on page 17 undefined on input line 520.


LaTeX Warning: Citation 'Reference25' on page 17 undefined on input line 520.


Overfull \hbox (3.91867pt too wide) in paragraph at lines 517--521
\T1/ppl/m/n/12 (Com-pact Muon Solenoid), AL-ICE (A Large Ion Col-lider Ex-per-i
-ment), LHCb (Large
 []


LaTeX Warning: Citation 'Reference26' on page 17 undefined on input line 525.


LaTeX Warning: Citation 'Reference27' on page 17 undefined on input line 529.

[17 <./Figures/chapter1_Figure/XSBR_7TeV_SM_LM.pdf> <./Figures/chapter1_Figure/
XSBR_8TeV_SM_LM.pdf>] [18]) [19] [20]
\openout2 = `Chapters/Chapter_2.aux'.

 (./Chapters/Chapter_2.tex
Chapter 3.
<Figures/chapter2_Figure/Cern-accelerator-complex.png, id=1312, 803.0pt x 522.9
5375pt>
File: Figures/chapter2_Figure/Cern-accelerator-complex.png Graphic file (type p
ng)
<use Figures/chapter2_Figure/Cern-accelerator-complex.png>
Package pdftex.def Info: Figures/chapter2_Figure/Cern-accelerator-complex.png  
used on input line 26.
(pdftex.def)             Requested size: 346.89732pt x 225.91904pt.

LaTeX Warning: Citation 'Reference28' on page 21 undefined on input line 33.

<Figures/chapter2_Figure/lhc-schematic.png, id=1314, 375.804pt x 395.076pt>
File: Figures/chapter2_Figure/lhc-schematic.png Graphic file (type png)
<use Figures/chapter2_Figure/lhc-schematic.png>
Package pdftex.def Info: Figures/chapter2_Figure/lhc-schematic.png  used on inp
ut line 43.
(pdftex.def)             Requested size: 346.89732pt x 364.70412pt.
1: section
[21



]

LaTeX Warning: Citation 'Reference29' on page 22 undefined on input line 58.

[22 <./Figures/chapter2_Figure/Cern-accelerator-complex.png>] [23 <./Figures/ch
apter2_Figure/lhc-schematic.png>]

LaTeX Warning: Citation 'Reference30' on page 24 undefined on input line 72.


LaTeX Warning: Citation 'reference31' on page 24 undefined on input line 72.


LaTeX Warning: Citation 'Reference32' on page 24 undefined on input line 78.


LaTeX Warning: Citation 'Reference33' on page 24 undefined on input line 78.

<Figures/chapter2_Figure/LHC_all2.png, id=1333, 561.09625pt x 798.985pt>
File: Figures/chapter2_Figure/LHC_all2.png Graphic file (type png)
<use Figures/chapter2_Figure/LHC_all2.png>
Package pdftex.def Info: Figures/chapter2_Figure/LHC_all2.png  used on input li
ne 105.
(pdftex.def)             Requested size: 346.89732pt x 493.96356pt.

Overfull \hbox (49.20499pt too wide) in paragraph at lines 72--111
[]\T1/ppl/m/n/12 The two ma-jor ex-per-i-ment of LHC, the CMS ([]) and the AT-L
AS ([]),
 []

<Figures/chapter2_Figure/int_lumi_per_day_cumulative_pp_2015_prelim.pdf, id=133
8, 578.16pt x 433.62pt>
File: Figures/chapter2_Figure/int_lumi_per_day_cumulative_pp_2015_prelim.pdf Gr
aphic file (type pdf)
<use Figures/chapter2_Figure/int_lumi_per_day_cumulative_pp_2015_prelim.pdf>
Package pdftex.def Info: Figures/chapter2_Figure/int_lumi_per_day_cumulative_pp
_2015_prelim.pdf  used on input line 125.
(pdftex.def)             Requested size: 208.13574pt x 156.09647pt.
<Figures/chapter2_Figure/int_lumi_per_day_cumulative_pp_2016_prelim.pdf, id=133
9, 578.16pt x 433.62pt>
File: Figures/chapter2_Figure/int_lumi_per_day_cumulative_pp_2016_prelim.pdf Gr
aphic file (type pdf)
<use Figures/chapter2_Figure/int_lumi_per_day_cumulative_pp_2016_prelim.pdf>
Package pdftex.def Info: Figures/chapter2_Figure/int_lumi_per_day_cumulative_pp
_2016_prelim.pdf  used on input line 129.
(pdftex.def)             Requested size: 208.13574pt x 156.09647pt.
<Figures/chapter2_Figure/int_lumi_per_day_cumulative_pp_2017_prelim.pdf, id=134
0, 578.16pt x 433.62pt>
File: Figures/chapter2_Figure/int_lumi_per_day_cumulative_pp_2017_prelim.pdf Gr
aphic file (type pdf)
<use Figures/chapter2_Figure/int_lumi_per_day_cumulative_pp_2017_prelim.pdf>
Package pdftex.def Info: Figures/chapter2_Figure/int_lumi_per_day_cumulative_pp
_2017_prelim.pdf  used on input line 134.
(pdftex.def)             Requested size: 208.13574pt x 156.09647pt.
<Figures/chapter2_Figure/int_lumi_per_day_cumulative_pp_2018_prelim.pdf, id=134
1, 578.16pt x 433.62pt>
File: Figures/chapter2_Figure/int_lumi_per_day_cumulative_pp_2018_prelim.pdf Gr
aphic file (type pdf)
<use Figures/chapter2_Figure/int_lumi_per_day_cumulative_pp_2018_prelim.pdf>
Package pdftex.def Info: Figures/chapter2_Figure/int_lumi_per_day_cumulative_pp
_2018_prelim.pdf  used on input line 138.
(pdftex.def)             Requested size: 208.13574pt x 156.09647pt.
[24] [25 <./Figures/chapter2_Figure/LHC_all2.png (PNG copy)>]

LaTeX Warning: Citation 'Reference34' on page 26 undefined on input line 146.

LaTeX Font Info:    Try loading font information for OMS+ppl on input line 153.

(/usr/share/texlive/texmf-dist/tex/latex/psnfss/omsppl.fd
File: omsppl.fd 
)
LaTeX Font Info:    Font shape `OMS/ppl/m/n' in size <12> not available
(Font)              Font shape `OMS/cmsy/m/n' tried instead on input line 153.
 [26]
<Figures/chapter2_Figure/CMS_detector_design.png, id=1363, 3189.9175pt x 2253.4
1875pt>
File: Figures/chapter2_Figure/CMS_detector_design.png Graphic file (type png)
<use Figures/chapter2_Figure/CMS_detector_design.png>
Package pdftex.def Info: Figures/chapter2_Figure/CMS_detector_design.png  used 
on input line 160.
(pdftex.def)             Requested size: 346.89732pt x 245.02292pt.
 [27 <./Figures/chapter2_Figure/int_lumi_per_day_cumulative_pp_2015_prelim.pdf>
 <./Figures/chapter2_Figure/int_lumi_per_day_cumulative_pp_2016_prelim.pdf

pdfTeX warning: pdflatex (file ./Figures/chapter2_Figure/int_lumi_per_day_cumul
ative_pp_2016_prelim.pdf): PDF inclusion: multiple pdfs with page group include
d in a single page
> <./Figures/chapter2_Figure/int_lumi_per_day_cumulative_pp_2017_prelim.pdf

pdfTeX warning: pdflatex (file ./Figures/chapter2_Figure/int_lumi_per_day_cumul
ative_pp_2017_prelim.pdf): PDF inclusion: multiple pdfs with page group include
d in a single page
> <./Figures/chapter2_Figure/int_lumi_per_day_cumulative_pp_2018_prelim.pdf

pdfTeX warning: pdflatex (file ./Figures/chapter2_Figure/int_lumi_per_day_cumul
ative_pp_2018_prelim.pdf): PDF inclusion: multiple pdfs with page group include
d in a single page
>]
<Figures/chapter2_Figure/CMS_coorinidates.pdf, id=1645, 670.09209pt x 443.41397
pt>
File: Figures/chapter2_Figure/CMS_coorinidates.pdf Graphic file (type pdf)
<use Figures/chapter2_Figure/CMS_coorinidates.pdf>
Package pdftex.def Info: Figures/chapter2_Figure/CMS_coorinidates.pdf  used on 
input line 177.
(pdftex.def)             Requested size: 346.89732pt x 229.55493pt.

Overfull \hbox (1.79526pt too wide) in paragraph at lines 172--187
\T1/ppl/m/n/12 The co-or-di-nate sys-tem would be de-scribed in this Sec-tion a
nd will be used through-
 []

[28 <./Figures/chapter2_Figure/CMS_detector_design.png>] [29 <./Figures/chapter
2_Figure/CMS_coorinidates.pdf>]

LaTeX Warning: Citation 'Reference34' on page 30 undefined on input line 234.


LaTeX Warning: Citation 'Reference34' on page 30 undefined on input line 236.

[30]
<Figures/chapter2_Figure/CMS_tracker.pdf, id=1698, 817.139pt x 394.5942pt>
File: Figures/chapter2_Figure/CMS_tracker.pdf Graphic file (type pdf)
<use Figures/chapter2_Figure/CMS_tracker.pdf>
Package pdftex.def Info: Figures/chapter2_Figure/CMS_tracker.pdf  used on input
 line 259.
(pdftex.def)             Requested size: 346.89732pt x 167.51666pt.
<Figures/chapter2_Figure/CMS_pixel_upgrade.png, id=1699, 1891.065pt x 604.2575p
t>
File: Figures/chapter2_Figure/CMS_pixel_upgrade.png Graphic file (type png)
<use Figures/chapter2_Figure/CMS_pixel_upgrade.png>
Package pdftex.def Info: Figures/chapter2_Figure/CMS_pixel_upgrade.png  used on
 input line 267.
(pdftex.def)             Requested size: 346.89732pt x 110.84541pt.
<Figures/chapter2_Figure/hit_efficiency_upgrade.png, id=1700, 1786.675pt x 838.
13126pt>
File: Figures/chapter2_Figure/hit_efficiency_upgrade.png Graphic file (type png
)
<use Figures/chapter2_Figure/hit_efficiency_upgrade.png>
Package pdftex.def Info: Figures/chapter2_Figure/hit_efficiency_upgrade.png  us
ed on input line 278.
(pdftex.def)             Requested size: 346.89732pt x 162.72516pt.


LaTeX Warning: Citation 'Reference34' on page 31 undefined on input line 313.

[31] [32 <./Figures/chapter2_Figure/CMS_tracker.pdf> <./Figures/chapter2_Figure
/CMS_pixel_upgrade.png> <./Figures/chapter2_Figure/hit_efficiency_upgrade.png>]
! Missing $ inserted.
<inserted text> 
                $
l.321 ...${}^{3}$) with short radiation length (X_
                                                  $\circ$) of 0.89~cm~\cite{...

? 
! Missing { inserted.
<to be read again> 
                   $
l.321 ...{}^{3}$) with short radiation length (X_$
                                                  \circ$) of 0.89~cm~\cite{c...

? 
! Missing } inserted.
<inserted text> 
                }
l.321 ...{}^{3}$) with short radiation length (X_$
                                                  \circ$) of 0.89~cm~\cite{c...

? 
! Missing $ inserted.
<inserted text> 
                $
l.321 ...}$) with short radiation length (X_$\circ
                                                  $) of 0.89~cm~\cite{cms:EC...

? 

LaTeX Warning: Citation 'cms:ECALTDR' on page 33 undefined on input line 321.

<Figures/chapter2_Figure/CMS_Electromagnetic_calorimeter.pdf, id=1786, 805.1516
6pt x 553.4301pt>
File: Figures/chapter2_Figure/CMS_Electromagnetic_calorimeter.pdf Graphic file 
(type pdf)
<use Figures/chapter2_Figure/CMS_Electromagnetic_calorimeter.pdf>
Package pdftex.def Info: Figures/chapter2_Figure/CMS_Electromagnetic_calorimete
r.pdf  used on input line 349.
(pdftex.def)             Requested size: 303.53267pt x 208.64201pt.
<Figures/chapter2_Figure/ecal_2.pdf, id=1787, 569.54585pt x 278.23146pt>
File: Figures/chapter2_Figure/ecal_2.pdf Graphic file (type pdf)
<use Figures/chapter2_Figure/ecal_2.pdf>
Package pdftex.def Info: Figures/chapter2_Figure/ecal_2.pdf  used on input line
 350.
(pdftex.def)             Requested size: 303.53267pt x 148.28134pt.
! Double superscript.
l.358 ... are mounted with of 5~$\times$~5~mm$^{}^
                                                  {2}$ active area. Gain of ...

? 
[33] [34 <./Figures/chapter2_Figure/CMS_Electromagnetic_calorimeter.pdf> <./Fig
ures/chapter2_Figure/ecal_2.pdf>]

LaTeX Warning: Citation 'comments' on page 35 undefined on input line 374.

<Figures/chapter2_Figure/ecal_energy_resolution_2017.png, id=1843, 1854.93pt x 
625.33624pt>
File: Figures/chapter2_Figure/ecal_energy_resolution_2017.png Graphic file (typ
e png)
<use Figures/chapter2_Figure/ecal_energy_resolution_2017.png>
Package pdftex.def Info: Figures/chapter2_Figure/ecal_energy_resolution_2017.pn
g  used on input line 379.
(pdftex.def)             Requested size: 368.57965pt x 124.25397pt.

LaTeX Warning: Citation 'cms:HCALTDR' on page 35 undefined on input line 390.

[35]

LaTeX Warning: Citation 'Reference34' on page 36 undefined on input line 409.

<Figures/chapter2_Figure/CMS_HCAL.pdf, id=1853, 1073.00874pt x 636.37732pt>
File: Figures/chapter2_Figure/CMS_HCAL.pdf Graphic file (type pdf)
<use Figures/chapter2_Figure/CMS_HCAL.pdf>
Package pdftex.def Info: Figures/chapter2_Figure/CMS_HCAL.pdf  used on input li
ne 416.
(pdftex.def)             Requested size: 303.53267pt x 180.00996pt.
! Undefined control sequence.
<recently read> \hine 
                      
l.430   interaction length (cm) & 16.42 \\ \hine
                                                
? 
[36 <./Figures/chapter2_Figure/ecal_energy_resolution_2017.png>] [37 <./Figures
/chapter2_Figure/CMS_HCAL.pdf>]

LaTeX Warning: Citation 'cms:MFTDR' on page 38 undefined on input line 460.


LaTeX Warning: Citation 'Reference36' on page 38 undefined on input line 460.


LaTeX Warning: Citation 'Reference37' on page 38 undefined on input line 460.


LaTeX Warning: Citation 'Reference38' on page 38 undefined on input line 460.


Overfull \hbox (26.97131pt too wide) in paragraph at lines 460--487
\T1/ppl/m/n/12 The CMS cen-tral is su-per-con-duct-ing solenoid ([]; []; [];
 []


LaTeX Warning: Citation 'cms:muonsystem_TDR' on page 38 undefined on input line
 488.

[38]
<Figures/chapter2_Figure/MS_layout.png, id=1930, 785.93625pt x 581.17125pt>
File: Figures/chapter2_Figure/MS_layout.png Graphic file (type png)
<use Figures/chapter2_Figure/MS_layout.png>
Package pdftex.def Info: Figures/chapter2_Figure/MS_layout.png  used on input l
ine 511.
(pdftex.def)             Requested size: 303.53267pt x 224.45662pt.

Overfull \hbox (1.58829pt too wide) in paragraph at lines 496--516
[]\T1/ppl/m/n/12 Muon sys-tem was es-sen-tially de-signed as cylin-dri-cal shap
e to pro-vide full pseu-
 []

[39]
<Figures/chapter2_Figure/dt.png, id=1937, 449.68pt x 200.75pt>
File: Figures/chapter2_Figure/dt.png Graphic file (type png)
<use Figures/chapter2_Figure/dt.png>
Package pdftex.def Info: Figures/chapter2_Figure/dt.png  used on input line 533
.
(pdftex.def)             Requested size: 303.53267pt x 135.50958pt.
 [40 <./Figures/chapter2_Figure/MS_layout.png> <./Figures/chapter2_Figure/dt.pn
g>]
<Figures/chapter2_Figure/csc_layout.png, id=1946, 476.78125pt x 574.145pt>
File: Figures/chapter2_Figure/csc_layout.png Graphic file (type png)
<use Figures/chapter2_Figure/csc_layout.png>
Package pdftex.def Info: Figures/chapter2_Figure/csc_layout.png  used on input 
line 563.
(pdftex.def)             Requested size: 208.13574pt x 250.64465pt.
<Figures/chapter2_Figure/csc_principle.png, id=1947, 637.38126pt x 560.0925pt>
File: Figures/chapter2_Figure/csc_principle.png Graphic file (type png)
<use Figures/chapter2_Figure/csc_principle.png>
Package pdftex.def Info: Figures/chapter2_Figure/csc_principle.png  used on inp
ut line 567.
(pdftex.def)             Requested size: 208.13574pt x 182.89108pt.


LaTeX Warning: Citation 'cms:muonsystem_TDR_2' on page 41 undefined on input li
ne 589.

<Figures/chapter2_Figure/muon_resol.pdf, id=1949, 739.76375pt x 497.91391pt>
File: Figures/chapter2_Figure/muon_resol.pdf Graphic file (type pdf)
<use Figures/chapter2_Figure/muon_resol.pdf>
Package pdftex.def Info: Figures/chapter2_Figure/muon_resol.pdf  used on input 
line 592.
(pdftex.def)             Requested size: 303.53267pt x 204.29797pt.
[41] [42 <./Figures/chapter2_Figure/csc_layout.png> <./Figures/chapter2_Figure/
csc_principle.png>]
Overfull \hbox (0.40338pt too wide) in paragraph at lines 603--605
\T1/ppl/m/n/12 men-tum cal-cu-la-tions es-ti-mated by only us-ing coarse in muo
n sys-tem and calorime-
 []

[43 <./Figures/chapter2_Figure/muon_resol.pdf>]
<Figures/chapter2_Figure/L1_new.jpg, id=2049, 326.37132pt x 238.491pt>
File: Figures/chapter2_Figure/L1_new.jpg Graphic file (type jpg)
<use Figures/chapter2_Figure/L1_new.jpg>
Package pdftex.def Info: Figures/chapter2_Figure/L1_new.jpg  used on input line
 625.
(pdftex.def)             Requested size: 303.53267pt x 221.8198pt.
 [44 <./Figures/chapter2_Figure/L1_new.jpg>]

LaTeX Warning: Citation 'cms:DAQ_TDR' on page 45 undefined on input line 642.

<Figures/chapter2_Figure/daq_new.jpg, id=2055, 248.03064pt x 110.13948pt>
File: Figures/chapter2_Figure/daq_new.jpg Graphic file (type jpg)
<use Figures/chapter2_Figure/daq_new.jpg>
Package pdftex.def Info: Figures/chapter2_Figure/daq_new.jpg  used on input lin
e 648.
(pdftex.def)             Requested size: 303.53267pt x 134.80017pt.
[45 <./Figures/chapter2_Figure/daq_new.jpg>]) [46]
\openout2 = `Chapters/Chapter_3.aux'.

 (./Chapters/Chapter_3.tex
Chapter 4.
(./Objects/eleReco.tex

LaTeX Warning: Citation 'ElectronLegacy' on page 47 undefined on input line 5.

<Figures/Electrons/ErecoPt.pdf, id=2066, 569.12625pt x 546.04pt>
File: Figures/Electrons/ErecoPt.pdf Graphic file (type pdf)
<use Figures/Electrons/ErecoPt.pdf>
Package pdftex.def Info: Figures/Electrons/ErecoPt.pdf  used on input line 15.
(pdftex.def)             Requested size: 173.44534pt x 166.41281pt.
<Figures/Electrons/ErecoEta.pdf, id=2067, page=2, 569.12625pt x 552.0625pt>
File: Figures/Electrons/ErecoEta.pdf Graphic file (type pdf)
<use Figures/Electrons/ErecoEta.pdf, page 2>
Package pdftex.def Info: Figures/Electrons/ErecoEta.pdf , page2 used on input l
ine 16.
(pdftex.def)             Requested size: 173.44534pt x 168.24825pt.
<Figures/Electrons/ErecoPt_lowPt.pdf, id=2068, 569.12625pt x 546.04pt>
File: Figures/Electrons/ErecoPt_lowPt.pdf Graphic file (type pdf)
<use Figures/Electrons/ErecoPt_lowPt.pdf>
Package pdftex.def Info: Figures/Electrons/ErecoPt_lowPt.pdf  used on input lin
e 17.
(pdftex.def)             Requested size: 173.44534pt x 166.41281pt.
! Undefined control sequence.
\CJK@XX ...r `#1\endcsname {`#2}\CJK@ignorespaces 
                                                  \fi 
l.20 ...cale factors as provided by the EGM POG.}
                                                  
? 
! Undefined control sequence.
\CJK@XX ...r `#1\endcsname {`#2}\CJK@ignorespaces 
                                                  \fi 
l.20 ...cale factors as provided by the EGM POG.}
                                                  
? 
) (./Objects/eleID.tex
! Undefined control sequence.
l.17 \multirow
              {6}{*}{cluster shape}
? 
! Undefined control sequence.
\CJK@XX ...r `#1\endcsname {`#2}\CJK@ignorespaces 
                                                  \fi 
l.20 ...ergy behind the supercluster of electron 
                                                  to supercluster energy, $H...

? 
! Undefined control sequence.
<recently read> \multirow 
                          
l.25 \multirow
              {2}{*}{track-cluster matching}
? 
! Undefined control sequence.
<recently read> \multirow 
                          
l.29 \multirow
              {5}{*}{tracking}
? 
! Undefined control sequence.
<recently read> \multirow 
                          
l.36 \multirow
              {3}{*}{isolation}
? 
! Undefined control sequence.
<recently read> \multirow 
                          
l.41 \multirow
              {1}{*}{For PU-resilience}
? 

LaTeX Warning: `!h' float specifier changed to `!ht'.

<Figures/Electrons/Ele_BDTv2_Score.pdf, id=2071, 569.12625pt x 544.0325pt>
File: Figures/Electrons/Ele_BDTv2_Score.pdf Graphic file (type pdf)
<use Figures/Electrons/Ele_BDTv2_Score.pdf>
Package pdftex.def Info: Figures/Electrons/Ele_BDTv2_Score.pdf  used on input l
ine 63.
(pdftex.def)             Requested size: 346.89732pt x 331.6186pt.
1: section
[47



]

LaTeX Warning: Text page 48 contains only floats.


Overfull \vbox (1.60405pt too high) has occurred while \output is active []


[48 <./Figures/Electrons/ErecoPt.pdf, page is rotated 90 degrees> <./Figures/El
ectrons/ErecoEta.pdf, page is rotated 90 degrees> <./Figures/Electrons/ErecoPt_
lowPt.pdf, page is rotated 90 degrees>]
<Figures/Electrons/2018_EB1_5.pdf, id=2213, 416.32538pt x 315.83257pt>
File: Figures/Electrons/2018_EB1_5.pdf Graphic file (type pdf)
<use Figures/Electrons/2018_EB1_5.pdf>
Package pdftex.def Info: Figures/Electrons/2018_EB1_5.pdf  used on input line 7
5.
(pdftex.def)             Requested size: 195.12767pt x 148.0317pt.
<Figures/Electrons/2018_EB1_10.pdf, id=2214, 416.32538pt x 315.83257pt>
File: Figures/Electrons/2018_EB1_10.pdf Graphic file (type pdf)
<use Figures/Electrons/2018_EB1_10.pdf>
Package pdftex.def Info: Figures/Electrons/2018_EB1_10.pdf  used on input line 
76.
(pdftex.def)             Requested size: 195.12767pt x 148.0317pt.
<Figures/Electrons/2018_EB2_5.pdf, id=2215, 416.32538pt x 315.83257pt>
File: Figures/Electrons/2018_EB2_5.pdf Graphic file (type pdf)
<use Figures/Electrons/2018_EB2_5.pdf>
Package pdftex.def Info: Figures/Electrons/2018_EB2_5.pdf  used on input line 7
7.
(pdftex.def)             Requested size: 195.12767pt x 148.0317pt.
<Figures/Electrons/2018_EB2_10.pdf, id=2216, 416.32538pt x 315.83257pt>
File: Figures/Electrons/2018_EB2_10.pdf Graphic file (type pdf)
<use Figures/Electrons/2018_EB2_10.pdf>
Package pdftex.def Info: Figures/Electrons/2018_EB2_10.pdf  used on input line 
78.
(pdftex.def)             Requested size: 195.12767pt x 148.0317pt.
<Figures/Electrons/2018_EE_5.pdf, id=2217, 416.32538pt x 315.83257pt>
File: Figures/Electrons/2018_EE_5.pdf Graphic file (type pdf)
<use Figures/Electrons/2018_EE_5.pdf>
Package pdftex.def Info: Figures/Electrons/2018_EE_5.pdf  used on input line 79
.
(pdftex.def)             Requested size: 195.12767pt x 148.0317pt.
<Figures/Electrons/2018_EE_10.pdf, id=2218, 416.32538pt x 315.83257pt>
File: Figures/Electrons/2018_EE_10.pdf Graphic file (type pdf)
<use Figures/Electrons/2018_EE_10.pdf>
Package pdftex.def Info: Figures/Electrons/2018_EE_10.pdf  used on input line 8
0.
(pdftex.def)             Requested size: 195.12767pt x 148.0317pt.

! Illegal parameter number in definition of \GetTitleStringResult.
<to be read again> 
                   e
l.83 \label{fig:ele_ID_ROC}}
                            
? 
! Illegal parameter number in definition of \GetTitleStringResult.
<to be read again> 
                   e
l.83 \label{fig:ele_ID_ROC}}
                            
? 
! Illegal parameter number in definition of \GTS@GlobalString.
<to be read again> 
                   e
l.83 \label{fig:ele_ID_ROC}}
                            
? 
! Illegal parameter number in definition of \GTS@GlobalString.
<to be read again> 
                   e
l.83 \label{fig:ele_ID_ROC}}
                            
? 
! Illegal parameter number in definition of \@tempa.
<to be read again> 
                   e
l.83 \label{fig:ele_ID_ROC}}
                            
? 
! Illegal parameter number in definition of \@tempa.
<to be read again> 
                   e
l.83 \label{fig:ele_ID_ROC}}
                            
? 
! Illegal parameter number in definition of \reserved@a.
<to be read again> 
                   e
l.83 \label{fig:ele_ID_ROC}}
                            
? 
! Illegal parameter number in definition of \reserved@a.
<to be read again> 
                   e
l.83 \label{fig:ele_ID_ROC}}
                            
? 
! Illegal parameter number in definition of \caption@tempa.
<to be read again> 
                   e
l.83 \label{fig:ele_ID_ROC}}
                            
? 
! Illegal parameter number in definition of \caption@tempa.
<to be read again> 
                   e
l.83 \label{fig:ele_ID_ROC}}
                            
? 
! You can't use `macro parameter character #' in math mode.
<argument> ... and $|\eta |<0.8$~(top), $0.8 < |##
                                                  eta| < 1.479$~(middle) and...
l.83 \label{fig:ele_ID_ROC}}
                            
? 
! You can't use `macro parameter character #' in math mode.
<argument> ...< |##eta| < 1.479$~(middle) and $|##
                                                  eta| > 1.479$~(bottom). V1...
l.83 \label{fig:ele_ID_ROC}}
                            
? 
! You can't use `macro parameter character #' in math mode.
<argument> ... and $|\eta |<0.8$~(top), $0.8 < |##
                                                  eta| < 1.479$~(middle) and...
l.83 \label{fig:ele_ID_ROC}}
                            
? 
! You can't use `macro parameter character #' in math mode.
<argument> ...< |##eta| < 1.479$~(middle) and $|##
                                                  eta| > 1.479$~(bottom). V1...
l.83 \label{fig:ele_ID_ROC}}
                            
? 

LaTeX Warning: `!h' float specifier changed to `!ht'.

) (./Objects/eleIP.tex) [49 <./Figures/Electrons/Ele_BDTv2_Score.pdf, page is r
otated 90 degrees>] (./Objects/eleCalib.tex
! Undefined control sequence.
\CJK@XX ...r `#1\endcsname {`#2}\CJK@ignorespaces 
                                                  \fi 
l.4 ...w \Pe \Pe$ sample to align the dielectron 
                                                  
? 
[50 <./Figures/Electrons/2018_EB1_5.pdf> <./Figures/Electrons/2018_EB1_10.pdf

pdfTeX warning: pdflatex (file ./Figures/Electrons/2018_EB1_10.pdf): PDF inclus
ion: multiple pdfs with page group included in a single page
> <./Figures/Electrons/2018_EB2_5.pdf

pdfTeX warning: pdflatex (file ./Figures/Electrons/2018_EB2_5.pdf): PDF inclusi
on: multiple pdfs with page group included in a single page
> <./Figures/Electrons/2018_EB2_10.pdf

pdfTeX warning: pdflatex (file ./Figures/Electrons/2018_EB2_10.pdf): PDF inclus
ion: multiple pdfs with page group included in a single page
> <./Figures/Electrons/2018_EE_5.pdf

pdfTeX warning: pdflatex (file ./Figures/Electrons/2018_EE_5.pdf): PDF inclusio
n: multiple pdfs with page group included in a single page
> <./Figures/Electrons/2018_EE_10.pdf

pdfTeX warning: pdflatex (file ./Figures/Electrons/2018_EE_10.pdf): PDF inclusi
on: multiple pdfs with page group included in a single page
>]
<Figures/Electrons/ZMass_ele.pdf, id=2514, 569.12625pt x 552.0625pt>
File: Figures/Electrons/ZMass_ele.pdf Graphic file (type pdf)
<use Figures/Electrons/ZMass_ele.pdf>
Package pdftex.def Info: Figures/Electrons/ZMass_ele.pdf  used on input line 19
.
(pdftex.def)             Requested size: 569.12486pt x 552.06114pt.
<Figures/Electrons/ZMass_ele_EBEB.pdf, id=2515, 569.12625pt x 552.0625pt>
File: Figures/Electrons/ZMass_ele_EBEB.pdf Graphic file (type pdf)
<use Figures/Electrons/ZMass_ele_EBEB.pdf>
Package pdftex.def Info: Figures/Electrons/ZMass_ele_EBEB.pdf  used on input li
ne 20.
(pdftex.def)             Requested size: 569.12486pt x 552.06114pt.
<Figures/Electrons/ZMass_ele_EBEE.pdf, id=2516, 569.12625pt x 552.0625pt>
File: Figures/Electrons/ZMass_ele_EBEE.pdf Graphic file (type pdf)
<use Figures/Electrons/ZMass_ele_EBEE.pdf>
Package pdftex.def Info: Figures/Electrons/ZMass_ele_EBEE.pdf  used on input li
ne 21.
(pdftex.def)             Requested size: 569.12486pt x 552.06114pt.
<Figures/Electrons/ZMass_ele_EEEE.pdf, id=2517, 569.12625pt x 552.0625pt>
File: Figures/Electrons/ZMass_ele_EEEE.pdf Graphic file (type pdf)
<use Figures/Electrons/ZMass_ele_EEEE.pdf>
Package pdftex.def Info: Figures/Electrons/ZMass_ele_EEEE.pdf  used on input li
ne 22.
(pdftex.def)             Requested size: 569.12486pt x 552.06114pt.
) (./Objects/eleEffMeas.tex

LaTeX Warning: Citation 'AN-15-277' on page 51 undefined on input line 1.

[51]

LaTeX Warning: Reference `fig:ele_ele_eta_turn_on' on page 52 undefined on inpu
t line 24.

<Figures/Electrons/eleSFvspT.png, id=2523, 1073.82312pt x 1030.8702pt>
File: Figures/Electrons/eleSFvspT.png Graphic file (type png)
<use Figures/Electrons/eleSFvspT.png>
Package pdftex.def Info: Figures/Electrons/eleSFvspT.png  used on input line 30
.
(pdftex.def)             Requested size: 1073.82051pt x 1030.86768pt.
<Figures/Electrons/eleSFvspTgap.png, id=2524, 1073.82312pt x 1030.8702pt>
File: Figures/Electrons/eleSFvspTgap.png Graphic file (type png)
<use Figures/Electrons/eleSFvspTgap.png>
Package pdftex.def Info: Figures/Electrons/eleSFvspTgap.png  used on input line
 31.
(pdftex.def)             Requested size: 1073.82051pt x 1030.86768pt.
<Figures/Electrons/eleSFvsEta.png, id=2525, 1073.82312pt x 1041.77887pt>
File: Figures/Electrons/eleSFvsEta.png Graphic file (type png)
<use Figures/Electrons/eleSFvsEta.png>
Package pdftex.def Info: Figures/Electrons/eleSFvsEta.png  used on input line 3
9.
(pdftex.def)             Requested size: 1073.82051pt x 1041.77634pt.
<Figures/Electrons/eleSFvsEtagap.png, id=2526, 1073.82312pt x 1041.77887pt>
File: Figures/Electrons/eleSFvsEtagap.png Graphic file (type png)
<use Figures/Electrons/eleSFvsEtagap.png>
Package pdftex.def Info: Figures/Electrons/eleSFvsEtagap.png  used on input lin
e 40.
(pdftex.def)             Requested size: 1073.82051pt x 1041.77634pt.
[52 <./Figures/Electrons/ZMass_ele.pdf, page is rotated 90 degrees> <./Figures/
Electrons/ZMass_ele_EBEB.pdf, page is rotated 90 degrees> <./Figures/Electrons/
ZMass_ele_EBEE.pdf, page is rotated 90 degrees> <./Figures/Electrons/ZMass_ele_
EEEE.pdf, page is rotated 90 degrees>] [53 <./Figures/Electrons/eleSFvspT.png> 
<./Figures/Electrons/eleSFvspTgap.png> <./Figures/Electrons/eleSFvsEta.png> <./
Figures/Electrons/eleSFvsEtagap.png>]) [54] (./Objects/muonReco.tex
LaTeX Font Info:    Try loading font information for T1+pcr on input line 7.

(/usr/share/texlive/texmf-dist/tex/latex/psnfss/t1pcr.fd
File: t1pcr.fd 2001/06/04 font definitions for T1/pcr.
)

LaTeX Warning: Citation 'AN-15-277' on page 55 undefined on input line 9.

! Undefined control sequence.
<recently read> \cPZ 
                     
l.19 ...a very heavy resonance decays to two $\cPZ
                                                  $ bosons, both bosons
? 
! Undefined control sequence.
<recently read> \cPZ 
                     
l.23 corresponds to muons originating from $\cPZ
                                                $ bosons with $\pt > 500\GeV$.
? 
LaTeX Font Info:    Font shape `T1/ppl/bx/n' in size <10.95> not available
(Font)              Font shape `T1/ppl/b/n' tried instead on input line 39.
) (./Objects/muonIso.tex
Overfull \hbox (2.34631pt too wide) in paragraph at lines 1--7
\T1/ppl/m/n/12 or-der to sub-tract the pileup con-tri-bu-tion for muons, whereb
y $\OT1/cmr/m/n/12 ^^A\OML/cmm/m/it/12 ^^L \OT1/cmr/m/n/12 = [] [][] \OML/cmm/m
/it/12 p[]$
 []


Overfull \hbox (9.31921pt too wide) in paragraph at lines 1--7
\T1/ppl/m/n/12 gives an es-ti-mate of the en-ergy de-posit of neu-tral par-ti-c
les (i.e. pho-tons and hadrons)
 []

[55

]
! Undefined control sequence.
<argument> ...max (\sum ^\text {neutral had.} \ET 
                                                  + \sum ^\text {photon} \ET...
l.9 ... \ET - \Delta \beta, 0)}{\pt^\text{lepton}}
                                                  
? 
! Undefined control sequence.
<argument> ...ad.} \ET + \sum ^\text {photon} \ET 
                                                  - \Delta \beta , 0)
l.9 ... \ET - \Delta \beta, 0)}{\pt^\text{lepton}}
                                                  
? 

LaTeX Warning: Citation 'AN-15-277' on page 56 undefined on input line 13.

) (./Objects/muIP.tex) (./Objects/muCalib.tex
<Figures/Muons/ZMass_mu.pdf, id=2729, 569.12625pt x 552.0625pt>
File: Figures/Muons/ZMass_mu.pdf Graphic file (type pdf)
<use Figures/Muons/ZMass_mu.pdf>
Package pdftex.def Info: Figures/Muons/ZMass_mu.pdf  used on input line 9.
(pdftex.def)             Requested size: 569.12486pt x 552.06114pt.
<Figures/Muons/ZMass_mu_MBMB.pdf, id=2730, 569.12625pt x 552.0625pt>
File: Figures/Muons/ZMass_mu_MBMB.pdf Graphic file (type pdf)
<use Figures/Muons/ZMass_mu_MBMB.pdf>
Package pdftex.def Info: Figures/Muons/ZMass_mu_MBMB.pdf  used on input line 10
.
(pdftex.def)             Requested size: 569.12486pt x 552.06114pt.
<Figures/Muons/ZMass_mu_MBME.pdf, id=2731, 569.12625pt x 552.0625pt>
File: Figures/Muons/ZMass_mu_MBME.pdf Graphic file (type pdf)
<use Figures/Muons/ZMass_mu_MBME.pdf>
Package pdftex.def Info: Figures/Muons/ZMass_mu_MBME.pdf  used on input line 11
.
(pdftex.def)             Requested size: 569.12486pt x 552.06114pt.
<Figures/Muons/ZMass_mu_MEME.pdf, id=2732, 569.12625pt x 552.0625pt>
File: Figures/Muons/ZMass_mu_MEME.pdf Graphic file (type pdf)
<use Figures/Muons/ZMass_mu_MEME.pdf>
Package pdftex.def Info: Figures/Muons/ZMass_mu_MEME.pdf  used on input line 12
.
(pdftex.def)             Requested size: 569.12486pt x 552.06114pt.
) (./Objects/muonEffMeas.tex
! Undefined control sequence.
l.2 $Z \to \Pgm\Pgm$ and $ \PJpsi
                                 \to\mu\mu$ events in bins of $\pt$ and $\et...

? 

LaTeX Warning: Citation 'CMS_AN_2015-277' on page 56 undefined on input line 3.



LaTeX Warning: Citation 'CMS_AN_2016-442' on page 56 undefined on input line 3.



LaTeX Warning: Citation 'CMS_AN_2017-342' on page 56 undefined on input line 3.


! Undefined control sequence.
<recently read> \Jpsi 
                      
l.8 ...ntification efficiency at low $\pt$, $\Jpsi
                                                  $ sample is used as it ben...

? 

Overfull \hbox (12.75293pt too wide) in paragraph at lines 1--12
\T1/ppl/m/n/12 matic regime. In this case, events are col-lected us-ing [][]\T1
/pcr/m/n/12 HLT_Mu7p5_Track2_Jpsi_v*
 []

! Undefined control sequence.
l.20 ...for low \pt muons were derived using \Jpsi
                                                   events, with the same def...

? 

LaTeX Warning: Citation 'AN-15-277' on page 56 undefined on input line 21.

[56] [57 <./Figures/Muons/ZMass_mu.pdf, page is rotated 90 degrees> <./Figures/
Muons/ZMass_mu_MBMB.pdf, page is rotated 90 degrees> <./Figures/Muons/ZMass_mu_
MBME.pdf, page is rotated 90 degrees> <./Figures/Muons/ZMass_mu_MEME.pdf, page 
is rotated 90 degrees>]
<Figures/Muons/mu_Loose_barrel.pdf, id=2921, 469.755pt x 569.12625pt>
File: Figures/Muons/mu_Loose_barrel.pdf Graphic file (type pdf)
<use Figures/Muons/mu_Loose_barrel.pdf>
Package pdftex.def Info: Figures/Muons/mu_Loose_barrel.pdf  used on input line 
27.
(pdftex.def)             Requested size: 138.76157pt x 168.1079pt.
<Figures/Muons/mu_Loose_endcap.pdf, id=2922, 469.755pt x 569.12625pt>
File: Figures/Muons/mu_Loose_endcap.pdf Graphic file (type pdf)
<use Figures/Muons/mu_Loose_endcap.pdf>
Package pdftex.def Info: Figures/Muons/mu_Loose_endcap.pdf  used on input line 
28.
(pdftex.def)             Requested size: 138.76157pt x 168.1079pt.
<Figures/Muons/mu_Loose_pt7.pdf, id=2923, 469.755pt x 569.12625pt>
File: Figures/Muons/mu_Loose_pt7.pdf Graphic file (type pdf)
<use Figures/Muons/mu_Loose_pt7.pdf>
Package pdftex.def Info: Figures/Muons/mu_Loose_pt7.pdf  used on input line 29.

(pdftex.def)             Requested size: 138.76157pt x 168.1079pt.

! Undefined control sequence.
<argument> ...red with the $T\&P$ method on \Jpsi 
                                                  events, in bins of \pt in ...
l.30 ...et rectangles include both uncertainties.}
                                                  
? 
! Undefined control sequence.
<argument> ...red with the $T\&P$ method on \Jpsi 
                                                  events, in bins of \pt in ...
l.30 ...et rectangles include both uncertainties.}
                                                  
? 
! Undefined control sequence.
<argument> ...red with the $T\&P$ method on \Jpsi 
                                                  events, in bins of \pt in ...
l.30 ...et rectangles include both uncertainties.}
                                                  
? 

Overfull \hbox (2.26077pt too wide) in paragraph at lines 24--34
[]\T1/ppl/m/n/12 The data and sim-u-la-tion ef-fi-cien-cies and their ra-tios i
n bins are shown in Fig. [][]4.8[][].
 []

<Figures/Muons/mu_SIP4_barrel.pdf, id=2925, 469.755pt x 569.12625pt>
File: Figures/Muons/mu_SIP4_barrel.pdf Graphic file (type pdf)
<use Figures/Muons/mu_SIP4_barrel.pdf>
Package pdftex.def Info: Figures/Muons/mu_SIP4_barrel.pdf  used on input line 4
7.
(pdftex.def)             Requested size: 138.76157pt x 168.1079pt.
<Figures/Muons/mu_SIP4_endcap.pdf, id=2926, 469.755pt x 569.12625pt>
File: Figures/Muons/mu_SIP4_endcap.pdf Graphic file (type pdf)
<use Figures/Muons/mu_SIP4_endcap.pdf>
Package pdftex.def Info: Figures/Muons/mu_SIP4_endcap.pdf  used on input line 4
8.
(pdftex.def)             Requested size: 138.76157pt x 168.1079pt.
<Figures/Muons/mu_SIP4_pt20.pdf, id=2927, 469.755pt x 569.12625pt>
File: Figures/Muons/mu_SIP4_pt20.pdf Graphic file (type pdf)
<use Figures/Muons/mu_SIP4_pt20.pdf>
Package pdftex.def Info: Figures/Muons/mu_SIP4_pt20.pdf  used on input line 49.

(pdftex.def)             Requested size: 138.76157pt x 168.1079pt.

LaTeX Warning: Citation 'AN-16-217' on page 58 undefined on input line 56.

<Figures/Muons/mu_Iso_barrel.pdf, id=2929, 469.755pt x 569.12625pt>
File: Figures/Muons/mu_Iso_barrel.pdf Graphic file (type pdf)
<use Figures/Muons/mu_Iso_barrel.pdf>
Package pdftex.def Info: Figures/Muons/mu_Iso_barrel.pdf  used on input line 61
.
(pdftex.def)             Requested size: 138.76157pt x 168.1079pt.
<Figures/Muons/mu_Iso_endcap.pdf, id=2930, 469.755pt x 569.12625pt>
File: Figures/Muons/mu_Iso_endcap.pdf Graphic file (type pdf)
<use Figures/Muons/mu_Iso_endcap.pdf>
Package pdftex.def Info: Figures/Muons/mu_Iso_endcap.pdf  used on input line 62
.
(pdftex.def)             Requested size: 138.76157pt x 168.1079pt.

! LaTeX Error: \mathrm allowed only in math mode.

See the LaTeX manual or LaTeX Companion for explanation.
Type  H <return>  for immediate help.
 ...                                              
                                                  
l.63 ...et rectangles include both uncertainties.}
                                                  
? 

! LaTeX Error: \mathrm allowed only in math mode.

See the LaTeX manual or LaTeX Companion for explanation.
Type  H <return>  for immediate help.
 ...                                              
                                                  
l.63 ...et rectangles include both uncertainties.}
                                                  
? 
[58 <./Figures/Muons/mu_Loose_barrel.pdf> <./Figures/Muons/mu_Loose_endcap.pdf>
 <./Figures/Muons/mu_Loose_pt7.pdf>] [59 <./Figures/Muons/mu_SIP4_barrel.pdf> <
./Figures/Muons/mu_SIP4_endcap.pdf> <./Figures/Muons/mu_SIP4_pt20.pdf> <./Figur
es/Muons/mu_Iso_barrel.pdf> <./Figures/Muons/mu_Iso_endcap.pdf>]
<Figures/Muons/HZZ_SF_2018_RunA2D_2801.png, id=3296, 903.375pt x 893.3375pt>
File: Figures/Muons/HZZ_SF_2018_RunA2D_2801.png Graphic file (type png)
<use Figures/Muons/HZZ_SF_2018_RunA2D_2801.png>
Package pdftex.def Info: Figures/Muons/HZZ_SF_2018_RunA2D_2801.png  used on inp
ut line 91.
(pdftex.def)             Requested size: 195.12767pt x 192.94984pt.
<Figures/Muons/HZZ_SF_errors_2018_RunA2D_2801.png, id=3297, 903.375pt x 893.337
5pt>
File: Figures/Muons/HZZ_SF_errors_2018_RunA2D_2801.png Graphic file (type png)
<use Figures/Muons/HZZ_SF_errors_2018_RunA2D_2801.png>
Package pdftex.def Info: Figures/Muons/HZZ_SF_errors_2018_RunA2D_2801.png  used
 on input line 92.
(pdftex.def)             Requested size: 195.12767pt x 192.94984pt.
) [60 <./Figures/Muons/HZZ_SF_2018_RunA2D_2801.png> <./Figures/Muons/HZZ_SF_err
ors_2018_RunA2D_2801.png>] (./Objects/FSR.tex
Overfull \hbox (4.77808pt too wide) in paragraph at lines 10--11
[]\T1/ppl/m/n/12 Photons not sat-is-fy-ing the re-quire-ments $\OT1/cmr/m/n/12 
^^A\OML/cmm/m/it/12 R\OT1/cmr/m/n/12 (\OML/cmm/m/it/12 ^^M; l\OT1/cmr/m/n/12 )\
OML/cmm/m/it/12 =E[] < \OT1/cmr/m/n/12 0\OML/cmm/m/it/12 :\OT1/cmr/m/n/12 012$\
T1/ppl/m/n/12 , and $\OT1/cmr/m/n/12 ^^A\OML/cmm/m/it/12 R\OT1/cmr/m/n/12 (\OML
/cmm/m/it/12 ^^M; l\OT1/cmr/m/n/12 ) \OML/cmm/m/it/12 <
 []


Overfull \hbox (28.80803pt too wide) in paragraph at lines 11--12
[]\T1/ppl/m/n/12 In case if a pho-ton gets as-so-ci-ated with same lep-ton, the
 one with less $\OT1/cmr/m/n/12 ^^A\OML/cmm/m/it/12 R\OT1/cmr/m/n/12 (\OML/cmm/
m/it/12 ^^M; l\OT1/cmr/m/n/12 )\OML/cmm/m/it/12 =E[]$
 []


LaTeX Warning: Citation 'AN-15-277' on page 61 undefined on input line 15.


LaTeX Warning: Citation 'AN-16-217' on page 61 undefined on input line 15.

) (./Objects/jets.tex [61

]

LaTeX Warning: Citation 'JetID2018' on page 62 undefined on input line 10.


LaTeX Warning: Citation 'JetPUID2017' on page 62 undefined on input line 11.


Overfull \hbox (72.10086pt too wide) in paragraph at lines 10--15
\T1/ppl/m/n/12 Pile-Up are re-jected us-ing the PileUp jet ID cri-te-ria sug-ge
sted by the Jet-MET POG ([]).
 []


LaTeX Warning: Citation 'JECMC2018' on page 62 undefined on input line 23.


LaTeX Warning: Citation 'BTAG2018' on page 62 undefined on input line 30.

! Undefined control sequence.
l.38 Events containing $\Zee$ or $Z\rightarrow\cP
                                                 \mu^{+}\cP\mu^{-}$ were sel...

? 
! Undefined control sequence.
l.38 ...ining $\Zee$ or $Z\rightarrow\cP\mu^{+}\cP
                                                  \mu^{-}$ were selecting, f...

? 
! Undefined control sequence.
<argument> \cPqt 
                 \bar {\cPqt }
l.40 ...ell-Yan and $\ensuremath{\cPqt\bar{\cPqt}}
                                                  $ are used. Uncertainties ...

? 
! Undefined control sequence.
<recently read> \cPqt 
                      
l.40 ...ell-Yan and $\ensuremath{\cPqt\bar{\cPqt}}
                                                  $ are used. Uncertainties ...

? 
! Undefined control sequence.
<argument> \cPqt 
                 
l.40 ...ell-Yan and $\ensuremath{\cPqt\bar{\cPqt}}
                                                  $ are used. Uncertainties ...

? 
[62]
<Figures/Jets/leadingJet_Eta.pdf, id=3320, 569.12625pt x 385.44pt>
File: Figures/Jets/leadingJet_Eta.pdf Graphic file (type pdf)
<use Figures/Jets/leadingJet_Eta.pdf>
Package pdftex.def Info: Figures/Jets/leadingJet_Eta.pdf  used on input line 61
.
(pdftex.def)             Requested size: 299.19885pt x 202.64133pt.
) [63 <./Figures/Jets/leadingJet_Eta.pdf, page is rotated 90 degrees>]
(./Objects/summary.tex
Overfull \hbox (0.96376pt too wide) in paragraph at lines 3--4
[]\T1/ppl/m/n/12 A lep-ton is de-clared \T1/ppl/b/n/12 loose \T1/ppl/m/n/12 if 
it passes the re-con-struc-tion, kine-mat-ics and dxy/dz
 []


! LaTeX Error: Unknown float option `H'.

See the LaTeX manual or LaTeX Companion for explanation.
Type  H <return>  for immediate help.
 ...                                              
                                                  
l.6 \begin{table}[H]
                    
? 
! Undefined control sequence.
<recently read> \abs 
                     
l.17 ...\GeV$ \hspace{0.5cm} $\abs{\eta^e} < 2.5$}
                                                                            ...

? 
! Undefined control sequence.
<recently read> \abs 
                     
l.28 ...d \hspace{0.5cm} $\abs{\eta^{\mu}} < 2.4$}
                                                                            ...

? 
! Undefined control sequence.
<recently read> \abs 
                     
l.34 ...hspace{0.5cm} $\abs{\eta^{\gamma}} < 2.4$}
                                                                            ...

? 
! Undefined control sequence.
<recently read> \abs 
                     
l.38 ...{0.5cm} $\abs{\eta^{\mathrm{jet}}} < 4.7$}
                                                                            ...

? 

Overfull \hbox (36.37457pt too wide) in paragraph at lines 11--48
 [][] 
 []


LaTeX Warning: Float too large for page by 47.27327pt on input line 48.

)) [64

] [65] [66


]
Chapter 5.
(./Chapters/Chapter4/introduction/introduction.tex

LaTeX Warning: Citation 'Reference20' on page 67 undefined on input line 1.


LaTeX Warning: Citation 'Reference21' on page 67 undefined on input line 1.


LaTeX Warning: Citation 'Reference22' on page 67 undefined on input line 2.


LaTeX Warning: Citation 'Reference21a' on page 67 undefined on input line 2.


LaTeX Warning: Citation 'Reference21b' on page 67 undefined on input line 2.


LaTeX Warning: Citation 'Reference21c' on page 67 undefined on input line 2.


Overfull \hbox (36.75099pt too wide) in paragraph at lines 1--3
\T1/ppl/m/n/12 Later on, these ex-per-i-ments have also stud-ied its com-pre-he
n-sive prop-er-ties  ([];
 []


LaTeX Warning: Citation 'ATLAS:Hgg_8TeV' on page 67 undefined on input line 4.


LaTeX Warning: Citation 'ATLAS:Hgg_8TeV_13TeV' on page 67 undefined on input li
ne 4.


LaTeX Warning: Citation 'ATLAS:H4l_8TeV' on page 67 undefined on input line 4.


LaTeX Warning: Citation 'ATLAS:H4l_8TeV_13TeV' on page 67 undefined on input li
ne 4.


LaTeX Warning: Citation 'ATLAS:H4l_Hgg_8TeV' on page 67 undefined on input line
 5.


LaTeX Warning: Citation 'ATLAS:H4l_Hgg_8TeV_13TeV' on page 67 undefined on inpu
t line 5.


LaTeX Warning: Citation 'CMS:Hgg_8TeV' on page 67 undefined on input line 6.


Overfull \hbox (82.12392pt too wide) in paragraph at lines 3--7
\T1/ppl/m/n/12 de-cay chan-nels, com-bi-na-tion of both chan-nels [ATLAS-CONF-2
019-032]  ([];
 []


LaTeX Warning: Citation 'Reference39' on page 67 undefined on input line 10.

<Figures/Models_cartoon.jpg, id=3386, 803.0pt x 602.25pt>
File: Figures/Models_cartoon.jpg Graphic file (type jpg)
<use Figures/Models_cartoon.jpg>
Package pdftex.def Info: Figures/Models_cartoon.jpg  used on input line 14.
(pdftex.def)             Requested size: 281.85036pt x 211.38797pt.
1: section
[67]) (./Chapters/Chapter4/DatasetsandSimulations/dataset.tex

LaTeX Warning: Reference `HIG-19-001' on page 68 undefined on input line 13.

[68 <./Figures/Models_cartoon.jpg>]

LaTeX Warning: Reference `HIG-19-001' on page 69 undefined on input line 25.

<Figures/Trigger/Histo_TrigEff_ptMin_4e_mZ2_12.pdf, id=3401, 569.12625pt x 384.
43625pt>
File: Figures/Trigger/Histo_TrigEff_ptMin_4e_mZ2_12.pdf Graphic file (type pdf)

<use Figures/Trigger/Histo_TrigEff_ptMin_4e_mZ2_12.pdf>
Package pdftex.def Info: Figures/Trigger/Histo_TrigEff_ptMin_4e_mZ2_12.pdf  use
d on input line 355.
(pdftex.def)             Requested size: 195.12767pt x 131.80353pt.
<Figures/Trigger/Histo_TrigEff_ptMin_4mu_mZ2_12.pdf, id=3402, 569.12625pt x 384
.43625pt>
File: Figures/Trigger/Histo_TrigEff_ptMin_4mu_mZ2_12.pdf Graphic file (type pdf
)
<use Figures/Trigger/Histo_TrigEff_ptMin_4mu_mZ2_12.pdf>
Package pdftex.def Info: Figures/Trigger/Histo_TrigEff_ptMin_4mu_mZ2_12.pdf  us
ed on input line 356.
(pdftex.def)             Requested size: 195.12767pt x 131.80353pt.
<Figures/Trigger/Histo_TrigEff_ptMin_2e2mu_mZ2_12.pdf, id=3403, 569.12625pt x 3
84.43625pt>
File: Figures/Trigger/Histo_TrigEff_ptMin_2e2mu_mZ2_12.pdf Graphic file (type p
df)
<use Figures/Trigger/Histo_TrigEff_ptMin_2e2mu_mZ2_12.pdf>
Package pdftex.def Info: Figures/Trigger/Histo_TrigEff_ptMin_2e2mu_mZ2_12.pdf  
used on input line 357.
(pdftex.def)             Requested size: 195.12767pt x 131.80353pt.
<Figures/Trigger/Histo_TrigEff_ptMin_4l_mZ2_12.pdf, id=3404, 569.12625pt x 384.
43625pt>
File: Figures/Trigger/Histo_TrigEff_ptMin_4l_mZ2_12.pdf Graphic file (type pdf)

<use Figures/Trigger/Histo_TrigEff_ptMin_4l_mZ2_12.pdf>
Package pdftex.def Info: Figures/Trigger/Histo_TrigEff_ptMin_4l_mZ2_12.pdf  use
d on input line 358.
(pdftex.def)             Requested size: 195.12767pt x 131.80353pt.
)
(./Chapters/Chapter4/DatasetsandSimulations/simulation_theoretical_pridiction.t
ex

LaTeX Warning: Citation 'powheg' on page 69 undefined on input line 8.


LaTeX Warning: Citation 'powhegvv' on page 69 undefined on input line 8.


Overfull \hbox (1.82727pt too wide) in paragraph at lines 17--28
[]\T1/ppl/m/n/12 The \T1/ppl/m/sc/12 powheg\T1/ppl/m/n/12 , pro-vides per-tur-b
a-tive QCD cal-cu-la-tions at next-to-leading (NLO)
 []


LaTeX Warning: Citation 'Alioli:2008gx' on page 69 undefined on input line 31.


LaTeX Warning: Citation 'Nason:2004rx' on page 69 undefined on input line 31.


LaTeX Warning: Citation 'Frixione:2007vw' on page 69 undefined on input line 31
.


LaTeX Warning: Citation 'Bagnaschi:2011tu' on page 69 undefined on input line 3
1.


LaTeX Warning: Citation 'Nason:2009ai' on page 69 undefined on input line 31.


LaTeX Warning: Citation 'Hartanto:2015uka' on page 69 undefined on input line 3
1.


LaTeX Warning: Citation 'Luisoni:2013kna' on page 69 undefined on input line 31
.


LaTeX Warning: Citation 'Luisoni:2013kna' on page 69 undefined on input line 35
.


LaTeX Warning: Citation 'Gao:2010qx' on page 69 undefined on input line 36.


LaTeX Warning: Citation 'Ball:2014uwa' on page 69 undefined on input line 42.


LaTeX Warning: Reference `HIG-19-001' on page 69 undefined on input line 42.


LaTeX Warning: Reference `tab:Accept_Eff_fOut' on page 69 undefined on input li
ne 43.


Overfull \hbox (63.13902pt too wide) in paragraph at lines 30--44
\T1/ppl/m/n/12 pro-duc-tion modes (ggH, VBF, WH, ZH and ttH) as de-scribed in s
ec-tion [][]2.4[][]  ([]),
 []


Overfull \hbox (82.2782pt too wide) in paragraph at lines 30--44
\T1/ppl/m/n/12 pro-duc-tion modes are sim-u-lated by the \T1/ppl/m/sc/12 MiNLO 
HVJ \T1/ppl/m/n/12 ex-ten-sion of the \T1/ppl/m/sc/12 powheg \T1/ppl/m/n/12 ([]
).
 []

[69]
<Figures/ggH_feynman2.png, id=3413, 328.22626pt x 249.93375pt>
File: Figures/ggH_feynman2.png Graphic file (type png)
<use Figures/ggH_feynman2.png>
Package pdftex.def Info: Figures/ggH_feynman2.png  used on input line 55.
(pdftex.def)             Requested size: 208.13574pt x 158.48878pt.
 [70 <./Figures/Trigger/Histo_TrigEff_ptMin_4e_mZ2_12.pdf, page is rotated 90 d
egrees> <./Figures/Trigger/Histo_TrigEff_ptMin_4mu_mZ2_12.pdf, page is rotated 
90 degrees> <./Figures/Trigger/Histo_TrigEff_ptMin_2e2mu_mZ2_12.pdf, page is ro
tated 90 degrees> <./Figures/Trigger/Histo_TrigEff_ptMin_4l_mZ2_12.pdf, page is
 rotated 90 degrees>]

LaTeX Warning: Citation 'Gao:2010qx' on page 71 undefined on input line 70.


LaTeX Warning: Citation 'Bolognesi:2012mm' on page 71 undefined on input line 7
0.


LaTeX Warning: Citation 'Anderson:2013afp' on page 71 undefined on input line 7
0.


LaTeX Warning: Citation 'Nason:2013ydw' on page 71 undefined on input line 111.



LaTeX Warning: Citation 'MCFM' on page 71 undefined on input line 119.


LaTeX Warning: Citation 'Campbell:2013una' on page 71 undefined on input line 1
19.

<Figures/figures_feynman-qqZZ-t.png, id=3594, 281.05pt x 295.1025pt>
File: Figures/figures_feynman-qqZZ-t.png Graphic file (type png)
<use Figures/figures_feynman-qqZZ-t.png>
Package pdftex.def Info: Figures/figures_feynman-qqZZ-t.png  used on input line
 136.
(pdftex.def)             Requested size: 130.08733pt x 136.59082pt.
<Figures/figures_feynman-qqZZ-s.png, id=3595, 303.1325pt x 296.10625pt>
File: Figures/figures_feynman-qqZZ-s.png Graphic file (type png)
<use Figures/figures_feynman-qqZZ-s.png>
Package pdftex.def Info: Figures/figures_feynman-qqZZ-s.png  used on input line
 140.
(pdftex.def)             Requested size: 130.08733pt x 127.07469pt.
<Figures/figures_feynman-ggbox.png, id=3596, 283.0575pt x 282.05376pt>
File: Figures/figures_feynman-ggbox.png Graphic file (type png)
<use Figures/figures_feynman-ggbox.png>
Package pdftex.def Info: Figures/figures_feynman-ggbox.png  used on input line 
144.
(pdftex.def)             Requested size: 130.08733pt x 129.6301pt.

LaTeX Warning: Citation 'cteq66' on page 71 undefined on input line 165.


LaTeX Warning: Citation 'CT10' on page 71 undefined on input line 165.


LaTeX Warning: Citation 'MSTW08' on page 71 undefined on input line 165.

[71 <./Figures/ggH_feynman2.png>]

LaTeX Warning: Citation 'Chatrchyan:2011id' on page 72 undefined on input line 
169.


Overfull \hbox (16.36623pt too wide) in paragraph at lines 169--180
[]\T1/ppl/m/n/12 The gen-er-ated events were in-ter-faced to \T1/ppl/m/sc/12 py
thia 6.4 \T1/ppl/m/n/12 Tune $\OML/cmm/m/it/12 Z\OT1/cmr/m/n/12 2[]$ \T1/ppl/m/
n/12 ([])
 []

! Undefined control sequence.
\GEANTfour ->{\textsc {Geant4}}\xspace 
                                       
l.181 ...ulation for CMS detector using \GEANTfour
                                                  ~\cite{GEANT} and their re...

? 

LaTeX Warning: Citation 'GEANT' on page 72 undefined on input line 181.


LaTeX Warning: Citation 'Cacciari:2007fd' on page 72 undefined on input line 18
4.


LaTeX Warning: Citation 'Cacciari:2008gn' on page 72 undefined on input line 18
4.


LaTeX Warning: Citation 'Cacciari:2011ma' on page 72 undefined on input line 18
4.


LaTeX Warning: Citation 'CMS:2011lsa' on page 72 undefined on input line 188.


LaTeX Warning: Citation 'Chatrchyan:2013mxa' on page 72 undefined on input line
 192.

<Figures/PileUp/PileUp_2018.pdf, id=3604, 569.12625pt x 534.99875pt>
File: Figures/PileUp/PileUp_2018.pdf Graphic file (type pdf)
<use Figures/PileUp/PileUp_2018.pdf>
Package pdftex.def Info: Figures/PileUp/PileUp_2018.pdf  used on input line 202
.
(pdftex.def)             Requested size: 195.12767pt x 183.42372pt.
) (./Chapters/Chapter4/AnalysisStrategy/AnalysisStrategy.tex [72 <./Figures/fig
ures_feynman-qqZZ-t.png> <./Figures/figures_feynman-qqZZ-s.png> <./Figures/figu
res_feynman-ggbox.png>]
<Figures/cartoon.jpg, id=3616, 803.0pt x 602.25pt>
File: Figures/cartoon.jpg Graphic file (type jpg)
<use Figures/cartoon.jpg>
Package pdftex.def Info: Figures/cartoon.jpg  used on input line 24.
(pdftex.def)             Requested size: 281.85036pt x 211.38797pt.
) [73 <./Figures/PileUp/PileUp_2018.pdf, page is rotated 90 degrees>] (./Chapte
rs/Chapter4/AnalysisStrategy/events_selection.tex

LaTeX Warning: Citation 'HIG-18-001' on page 74 undefined on input line 1.


LaTeX Warning: Citation 'HIG-16-041' on page 74 undefined on input line 1.


LaTeX Warning: Citation 'Chatrchyan:2013mxa' on page 74 undefined on input line
 1.


LaTeX Warning: Citation 'Khachatryan:2014kca' on page 74 undefined on input lin
e 1.


LaTeX Warning: Citation 'sec:trigpaths' on page 74 undefined on input line 2.


Overfull \hbox (32.82956pt too wide) in paragraph at lines 1--8
\T1/ppl/m/n/12 same fi-nal state  ([]; []; []; []).
 []

[74 <./Figures/cartoon.jpg>]
! Undefined control sequence.
l.42      $p_{T,i} > 20~\GeVc
                             $ and $p_{T,j} > 10~\GeVc$.
? 
! Undefined control sequence.
l.42 ..._{T,i} > 20~\GeVc$ and $p_{T,j} > 10~\GeVc
                                                  $.
? 
! Undefined control sequence.
l.43 ...rdless of flavor) $m_{\ell\ell} > 4~\GeVcc
                                                  $ for QCD induced  $J/\Psi...

? 
! Undefined control sequence.
l.58 ...epton invariant mass}: $\mllll > 70~\GeVcc
                                                  $
? 

LaTeX Warning: Reference `jets_reco' on page 75 undefined on input line 77.


LaTeX Warning: Citation 'Chatrchyan:2013mx' on page 75 undefined on input line 
77.

) (./Chapters/Chapter4/AnalysisStrategy/background_model.tex

! LaTeX Error: \mathrm allowed only in math mode.

See the LaTeX manual or LaTeX Companion for explanation.
Type  H <return>  for immediate help.
 ...                                              
                                                  
l.18 \Z
       \ + X               & $  21.1^{+ 8.5}_{-10.4}$ & $  34.4^{+14.5}_{-13...

? 

! LaTeX Error: \mathrm allowed only in math mode.

See the LaTeX manual or LaTeX Companion for explanation.
Type  H <return>  for immediate help.
 ...                                              
                                                  
l.32 \Z
       \ + X & $12.39^{+ y.y}_{- z.z}$ & $36.39^{+ y.y}_{- z.z}$ & $44.45^{+...

? 

! LaTeX Error: \mathrm allowed only in math mode.

See the LaTeX manual or LaTeX Companion for explanation.
Type  H <return>  for immediate help.
 ...                                              
                                                  
l.50         \Z
               \ + X & $19.3\pm7.2$ & $50.8\pm15.2$ & $64.6\pm15.6$ & $134.7...

? 
[75]

LaTeX Warning: Citation 'Chatrchyan:2013mxa' on page 76 undefined on input line
 82.


LaTeX Warning: Citation 'Bonvini:2013' on page 76 undefined on input line 82.

[76]

LaTeX Warning: Citation 'Chatrchyan:2013mxa' on page 77 undefined on input line
 86.


Overfull \hbox (55.15945pt too wide) in paragraph at lines 86--88
\T1/ppl/m/n/12 rate'' tech-nique is used in the con-trol re-gions of data by fo
l-low-ing Ref. ([]).
 []


LaTeX Warning: Citation 'landau:1944' on page 77 undefined on input line 99.


LaTeX Warning: Citation 'Chatrchyan:2013mxa' on page 77 undefined on input line
 99.


LaTeX Warning: Reference `fig:ZX' on page 77 undefined on input line 100.


LaTeX Warning: Citation 'Chatrchyan:2013mxa' on page 77 undefined on input line
 103.


Overfull \hbox (55.01598pt too wide) in paragraph at lines 98--107
\T1/ppl/m/n/12 i-cal an-a-lyt-i-cal func-tional con-structed by Lan-dau ([]) in
 Ref. ([]).
 []


Overfull \hbox (3.05202pt too wide) in paragraph at lines 112--115
[]\T1/ppl/m/n/12 Reconstructed four-leptons in-vari-ant mass dis-tri-bu-tion fo
r whole Run 2 datasets
 []

<Chapters/Chapter4/AnalysisStrategy/figures/Combination.pdf, id=3688, 569.12625
pt x 415.5525pt>
File: Chapters/Chapter4/AnalysisStrategy/figures/Combination.pdf Graphic file (
type pdf)
<use Chapters/Chapter4/AnalysisStrategy/figures/Combination.pdf>
Package pdftex.def Info: Chapters/Chapter4/AnalysisStrategy/figures/Combination
.pdf  used on input line 120.
(pdftex.def)             Requested size: 216.81pt x 158.30472pt.
<Chapters/Chapter4/AnalysisStrategy/figures/Combination_lowMass.pdf, id=3689, 5
69.12625pt x 415.5525pt>
File: Chapters/Chapter4/AnalysisStrategy/figures/Combination_lowMass.pdf Graphi
c file (type pdf)
<use Chapters/Chapter4/AnalysisStrategy/figures/Combination_lowMass.pdf>
Package pdftex.def Info: Chapters/Chapter4/AnalysisStrategy/figures/Combination
_lowMass.pdf  used on input line 124.
(pdftex.def)             Requested size: 216.81pt x 158.30472pt.

Overfull \hbox (2.28001pt too wide) in paragraph at lines 118--127
[]$[]$ $[]$ 
 []

) (./Chapters/Chapter4/AnalysisStrategy/fiducial_volume.tex [77]

LaTeX Warning: Citation 'Chatrchyan:2013mxa' on page 78 undefined on input line
 16.


LaTeX Warning: Reference `tab:efficiencySMnoGenIso' on page 78 undefined on inp
ut line 19.


LaTeX Warning: Citation 'Kauer:2013cga' on page 78 undefined on input line 30.


LaTeX Warning: Citation 'Kauer:2012hd' on page 78 undefined on input line 30.


Overfull \hbox (69.32175pt too wide) in paragraph at lines 40--81
 [] 
 []

[78 <./Chapters/Chapter4/AnalysisStrategy/figures/Combination.pdf, page is rota
ted 90 degrees> <./Chapters/Chapter4/AnalysisStrategy/figures/Combination_lowMa
ss.pdf, page is rotated 90 degrees>])
(./Chapters/Chapter4/AnalysisStrategy/SignalAndStatProcedure.tex

LaTeX Warning: Citation 'Cowan:2010js' on page 79 undefined on input line 7.


LaTeX Warning: Citation 'LHC-HCG' on page 79 undefined on input line 7.


LaTeX Warning: Citation 'Prosper:2011zz' on page 79 undefined on input line 10.



LaTeX Warning: Citation 'CMS:HIG-14-016' on page 79 undefined on input line 11.


[79]

LaTeX Warning: Citation 'Chatrchyan:2013mxa' on page 80 undefined on input line
 13.

[80]

LaTeX Warning: Reference `tab:summarySM2016' on page 81 undefined on input line
 66.


LaTeX Warning: Reference `tab:summarySM2017' on page 81 undefined on input line
 66.


LaTeX Warning: Reference `tab:summarySM2018' on page 81 undefined on input line
 66.


Overfull \hbox (2.11905pt too wide) in paragraph at lines 69--73
\T1/ppl/m/n/12 rec-tions for res-o-lu-tion of de-tec-tor and ef-fects of ef-fi-
ciency. To un-fold reconstruction-
 []


LaTeX Warning: Reference `fig:eff-pT4l-4e' on page 81 undefined on input line 7
8.


LaTeX Warning: Reference `fig:eff-njets_reco_pt30_eta4p7-4e' on page 81 undefin
ed on input line 81.


LaTeX Warning: Reference `fig:eff-njets_reco_pt30_eta4p7-2e2mu' on page 81 unde
fined on input line 81.


LaTeX Warning: Reference `app:siginputs' on page 81 undefined on input line 81.



Overfull \hbox (23.65218pt too wide) in paragraph at lines 75--82
\T1/ppl/m/n/12 where $\OML/cmm/m/it/12 N\OT1/cmr/m/n/12 (\OML/cmm/m/it/12 i[]\O
T1/cmr/m/n/12 )$ \T1/ppl/m/n/12 is to-tal num-ber of the events in $\OML/cmm/m/
it/12 i$\T1/ppl/m/n/12 th bin at fidu-cial level and $\OML/cmm/m/it/12 N\OT1/cm
r/m/n/12 ([] && [])$
 []

[81])

Package hyperref Warning: Token not allowed in a PDF string (Unicode):
(hyperref)                removing `math shift' on input line 364.


Package hyperref Warning: Token not allowed in a PDF string (Unicode):
(hyperref)                removing `\to' on input line 364.


Package hyperref Warning: Token not allowed in a PDF string (Unicode):
(hyperref)                removing `\ell' on input line 364.


Package hyperref Warning: Token not allowed in a PDF string (Unicode):
(hyperref)                removing `math shift' on input line 364.

(./Chapters/Chapter4/AnalysisStrategy/ExtractionInclusive.tex
<Plots/asimovdata_SM_125_v2_unfoldwith_SM_125_v2_mass4l_4e_recobin0.pdf, id=381
1, 569.12625pt x 440.64626pt>
File: Plots/asimovdata_SM_125_v2_unfoldwith_SM_125_v2_mass4l_4e_recobin0.pdf Gr
aphic file (type pdf)
<use Plots/asimovdata_SM_125_v2_unfoldwith_SM_125_v2_mass4l_4e_recobin0.pdf>
Package pdftex.def Info: Plots/asimovdata_SM_125_v2_unfoldwith_SM_125_v2_mass4l
_4e_recobin0.pdf  used on input line 194.
(pdftex.def)             Requested size: 216.81pt x 167.86418pt.
<Plots/asimovdata_SM_125_v2_unfoldwith_SM_125_v2_mass4l_4mu_recobin0.pdf, id=38
12, 569.12625pt x 440.64626pt>
File: Plots/asimovdata_SM_125_v2_unfoldwith_SM_125_v2_mass4l_4mu_recobin0.pdf G
raphic file (type pdf)
<use Plots/asimovdata_SM_125_v2_unfoldwith_SM_125_v2_mass4l_4mu_recobin0.pdf>
Package pdftex.def Info: Plots/asimovdata_SM_125_v2_unfoldwith_SM_125_v2_mass4l
_4mu_recobin0.pdf  used on input line 197.
(pdftex.def)             Requested size: 216.81pt x 167.86418pt.
<Plots/asimovdata_SM_125_v2_unfoldwith_SM_125_v2_mass4l_2e2mu_recobin0.pdf, id=
3813, 569.12625pt x 440.64626pt>
File: Plots/asimovdata_SM_125_v2_unfoldwith_SM_125_v2_mass4l_2e2mu_recobin0.pdf
 Graphic file (type pdf)
<use Plots/asimovdata_SM_125_v2_unfoldwith_SM_125_v2_mass4l_2e2mu_recobin0.pdf>

Package pdftex.def Info: Plots/asimovdata_SM_125_v2_unfoldwith_SM_125_v2_mass4l
_2e2mu_recobin0.pdf  used on input line 200.
(pdftex.def)             Requested size: 216.81pt x 167.86418pt.
<Plots/asimovdata_SM_125_v2_unfoldwith_SM_125_v2_mass4l_4l_recobin0.pdf, id=381
4, 569.12625pt x 440.64626pt>
File: Plots/asimovdata_SM_125_v2_unfoldwith_SM_125_v2_mass4l_4l_recobin0.pdf Gr
aphic file (type pdf)
<use Plots/asimovdata_SM_125_v2_unfoldwith_SM_125_v2_mass4l_4l_recobin0.pdf>
Package pdftex.def Info: Plots/asimovdata_SM_125_v2_unfoldwith_SM_125_v2_mass4l
_4l_recobin0.pdf  used on input line 203.
(pdftex.def)             Requested size: 216.81pt x 167.86418pt.

Overfull \hbox (2.28001pt too wide) in paragraph at lines 193--205
[]$[]$ $[]$
 []


Overfull \hbox (2.28001pt too wide) in paragraph at lines 193--205
[]$ $[]$ 
 []

)

Package hyperref Warning: Token not allowed in a PDF string (Unicode):
(hyperref)                removing `math shift' on input line 366.


Package hyperref Warning: Token not allowed in a PDF string (Unicode):
(hyperref)                removing `\to' on input line 366.


Package hyperref Warning: Token not allowed in a PDF string (Unicode):
(hyperref)                removing `\ell' on input line 366.


Package hyperref Warning: Token not allowed in a PDF string (Unicode):
(hyperref)                removing `math shift' on input line 366.

(./Chapters/Chapter4/AnalysisStrategy/ExtractionDifferential.tex [82] [83 <./Pl
ots/asimovdata_SM_125_v2_unfoldwith_SM_125_v2_mass4l_4e_recobin0.pdf, page is r
otated 90 degrees> <./Plots/asimovdata_SM_125_v2_unfoldwith_SM_125_v2_mass4l_4m
u_recobin0.pdf, page is rotated 90 degrees> <./Plots/asimovdata_SM_125_v2_unfol
dwith_SM_125_v2_mass4l_2e2mu_recobin0.pdf, page is rotated 90 degrees> <./Plots
/asimovdata_SM_125_v2_unfoldwith_SM_125_v2_mass4l_4l_recobin0.pdf, page is rota
ted 90 degrees>] [84]

LaTeX Warning: Citation 'Chatrchyan:2013mxa' on page 85 undefined on input line
 24.

[85]

LaTeX Warning: Citation 'Chatrchyan:2013mxa' on page 86 undefined on input line
 126.


Overfull \hbox (52.55527pt too wide) in paragraph at lines 125--128
\T1/ppl/m/n/12 a Dou-ble Cry-tal Ball (DCB) func-tion, sim-i-lar to what was do
ne in Ref. ([]).
 []


LaTeX Warning: Reference `signalinputs' on page 86 undefined on input line 131.


<Plots/ggH_powheg_JHUgen_125_2e2mu_pT4l_genbin0_recobin0_effs_genWeight*pileupW
eight*dataMCWeight.pdf, id=4010, 569.12625pt x 551.05875pt>
File: Plots/ggH_powheg_JHUgen_125_2e2mu_pT4l_genbin0_recobin0_effs_genWeight*pi
leupWeight*dataMCWeight.pdf Graphic file (type pdf)
<use Plots/ggH_powheg_JHUgen_125_2e2mu_pT4l_genbin0_recobin0_effs_genWeight*pil
eupWeight*dataMCWeight.pdf>
Package pdftex.def Info: Plots/ggH_powheg_JHUgen_125_2e2mu_pT4l_genbin0_recobin
0_effs_genWeight*pileupWeight*dataMCWeight.pdf  used on input line 140.
(pdftex.def)             Requested size: 130.08733pt x 125.95885pt.
<Plots/ggH_powheg_JHUgen_125_2e2mu_pT4l_genbin1_recobin1_effs_genWeight*pileupW
eight*dataMCWeight.pdf, id=4011, 569.12625pt x 551.05875pt>
File: Plots/ggH_powheg_JHUgen_125_2e2mu_pT4l_genbin1_recobin1_effs_genWeight*pi
leupWeight*dataMCWeight.pdf Graphic file (type pdf)
<use Plots/ggH_powheg_JHUgen_125_2e2mu_pT4l_genbin1_recobin1_effs_genWeight*pil
eupWeight*dataMCWeight.pdf>
Package pdftex.def Info: Plots/ggH_powheg_JHUgen_125_2e2mu_pT4l_genbin1_recobin
1_effs_genWeight*pileupWeight*dataMCWeight.pdf  used on input line 144.
(pdftex.def)             Requested size: 130.08733pt x 125.95885pt.
<Plots/ggH_powheg_JHUgen_125_2e2mu_pT4l_genbin2_recobin2_effs_genWeight*pileupW
eight*dataMCWeight.pdf, id=4012, 569.12625pt x 551.05875pt>
File: Plots/ggH_powheg_JHUgen_125_2e2mu_pT4l_genbin2_recobin2_effs_genWeight*pi
leupWeight*dataMCWeight.pdf Graphic file (type pdf)
<use Plots/ggH_powheg_JHUgen_125_2e2mu_pT4l_genbin2_recobin2_effs_genWeight*pil
eupWeight*dataMCWeight.pdf>
Package pdftex.def Info: Plots/ggH_powheg_JHUgen_125_2e2mu_pT4l_genbin2_recobin
2_effs_genWeight*pileupWeight*dataMCWeight.pdf  used on input line 148.
(pdftex.def)             Requested size: 130.08733pt x 125.95885pt.
<Plots/ggH_powheg_JHUgen_125_2e2mu_pT4l_genbin3_recobin3_effs_genWeight*pileupW
eight*dataMCWeight.pdf, id=4013, 569.12625pt x 551.05875pt>
File: Plots/ggH_powheg_JHUgen_125_2e2mu_pT4l_genbin3_recobin3_effs_genWeight*pi
leupWeight*dataMCWeight.pdf Graphic file (type pdf)
<use Plots/ggH_powheg_JHUgen_125_2e2mu_pT4l_genbin3_recobin3_effs_genWeight*pil
eupWeight*dataMCWeight.pdf>
Package pdftex.def Info: Plots/ggH_powheg_JHUgen_125_2e2mu_pT4l_genbin3_recobin
3_effs_genWeight*pileupWeight*dataMCWeight.pdf  used on input line 152.
(pdftex.def)             Requested size: 130.08733pt x 125.95885pt.
<Plots/ggH_powheg_JHUgen_125_2e2mu_pT4l_genbin4_recobin4_effs_genWeight*pileupW
eight*dataMCWeight.pdf, id=4014, 569.12625pt x 551.05875pt>
File: Plots/ggH_powheg_JHUgen_125_2e2mu_pT4l_genbin4_recobin4_effs_genWeight*pi
leupWeight*dataMCWeight.pdf Graphic file (type pdf)
<use Plots/ggH_powheg_JHUgen_125_2e2mu_pT4l_genbin4_recobin4_effs_genWeight*pil
eupWeight*dataMCWeight.pdf>
Package pdftex.def Info: Plots/ggH_powheg_JHUgen_125_2e2mu_pT4l_genbin4_recobin
4_effs_genWeight*pileupWeight*dataMCWeight.pdf  used on input line 156.
(pdftex.def)             Requested size: 130.08733pt x 125.95885pt.
<Plots/ggH_powheg_JHUgen_125_2e2mu_pT4l_genbin5_recobin5_effs_genWeight*pileupW
eight*dataMCWeight.pdf, id=4015, 569.12625pt x 551.05875pt>
File: Plots/ggH_powheg_JHUgen_125_2e2mu_pT4l_genbin5_recobin5_effs_genWeight*pi
leupWeight*dataMCWeight.pdf Graphic file (type pdf)
<use Plots/ggH_powheg_JHUgen_125_2e2mu_pT4l_genbin5_recobin5_effs_genWeight*pil
eupWeight*dataMCWeight.pdf>
Package pdftex.def Info: Plots/ggH_powheg_JHUgen_125_2e2mu_pT4l_genbin5_recobin
5_effs_genWeight*pileupWeight*dataMCWeight.pdf  used on input line 160.
(pdftex.def)             Requested size: 130.08733pt x 125.95885pt.
<Plots/ggH_powheg_JHUgen_125_2e2mu_pT4l_genbin6_recobin6_effs_genWeight*pileupW
eight*dataMCWeight.pdf, id=4016, 569.12625pt x 551.05875pt>
File: Plots/ggH_powheg_JHUgen_125_2e2mu_pT4l_genbin6_recobin6_effs_genWeight*pi
leupWeight*dataMCWeight.pdf Graphic file (type pdf)
<use Plots/ggH_powheg_JHUgen_125_2e2mu_pT4l_genbin6_recobin6_effs_genWeight*pil
eupWeight*dataMCWeight.pdf>
Package pdftex.def Info: Plots/ggH_powheg_JHUgen_125_2e2mu_pT4l_genbin6_recobin
6_effs_genWeight*pileupWeight*dataMCWeight.pdf  used on input line 164.
(pdftex.def)             Requested size: 130.08733pt x 125.95885pt.
[86

] [87 <./Plots/ggH_powheg_JHUgen_125_2e2mu_pT4l_genbin0_recobin0_effs_genWeight
*pileupWeight*dataMCWeight.pdf, page is rotated 90 degrees> <./Plots/ggH_powheg
_JHUgen_125_2e2mu_pT4l_genbin1_recobin1_effs_genWeight*pileupWeight*dataMCWeigh
t.pdf, page is rotated 90 degrees> <./Plots/ggH_powheg_JHUgen_125_2e2mu_pT4l_ge
nbin2_recobin2_effs_genWeight*pileupWeight*dataMCWeight.pdf, page is rotated 90
 degrees> <./Plots/ggH_powheg_JHUgen_125_2e2mu_pT4l_genbin3_recobin3_effs_genWe
ight*pileupWeight*dataMCWeight.pdf, page is rotated 90 degrees> <./Plots/ggH_po
wheg_JHUgen_125_2e2mu_pT4l_genbin4_recobin4_effs_genWeight*pileupWeight*dataMCW
eight.pdf, page is rotated 90 degrees> <./Plots/ggH_powheg_JHUgen_125_2e2mu_pT4
l_genbin5_recobin5_effs_genWeight*pileupWeight*dataMCWeight.pdf, page is rotate
d 90 degrees> <./Plots/ggH_powheg_JHUgen_125_2e2mu_pT4l_genbin6_recobin6_effs_g
enWeight*pileupWeight*dataMCWeight.pdf, page is rotated 90 degrees>]
<Plots/eff2d_ggH_powheg_JHUgen_125_pT4l_2e2mu.pdf, id=4335, 569.12625pt x 440.6
4626pt>
File: Plots/eff2d_ggH_powheg_JHUgen_125_pT4l_2e2mu.pdf Graphic file (type pdf)
<use Plots/eff2d_ggH_powheg_JHUgen_125_pT4l_2e2mu.pdf>
Package pdftex.def Info: Plots/eff2d_ggH_powheg_JHUgen_125_pT4l_2e2mu.pdf  used
 on input line 199.
(pdftex.def)             Requested size: 208.13574pt x 161.14719pt.
<Plots/eff2d_ggH_NNLOPS_JHUgen_125_pT4l_2e2mu.pdf, id=4336, 569.12625pt x 440.6
4626pt>
File: Plots/eff2d_ggH_NNLOPS_JHUgen_125_pT4l_2e2mu.pdf Graphic file (type pdf)
<use Plots/eff2d_ggH_NNLOPS_JHUgen_125_pT4l_2e2mu.pdf>
Package pdftex.def Info: Plots/eff2d_ggH_NNLOPS_JHUgen_125_pT4l_2e2mu.pdf  used
 on input line 204.
(pdftex.def)             Requested size: 208.13574pt x 161.14719pt.
<Plots/eff2d_VBF_powheg_JHUgen_125_pT4l_2e2mu.pdf, id=4337, 569.12625pt x 440.6
4626pt>
File: Plots/eff2d_VBF_powheg_JHUgen_125_pT4l_2e2mu.pdf Graphic file (type pdf)
<use Plots/eff2d_VBF_powheg_JHUgen_125_pT4l_2e2mu.pdf>
Package pdftex.def Info: Plots/eff2d_VBF_powheg_JHUgen_125_pT4l_2e2mu.pdf  used
 on input line 209.
(pdftex.def)             Requested size: 208.13574pt x 161.14719pt.
<Plots/eff2d_WH_powheg_JHUgen_125_pT4l_2e2mu.pdf, id=4338, 569.12625pt x 440.64
626pt>
File: Plots/eff2d_WH_powheg_JHUgen_125_pT4l_2e2mu.pdf Graphic file (type pdf)
<use Plots/eff2d_WH_powheg_JHUgen_125_pT4l_2e2mu.pdf>
Package pdftex.def Info: Plots/eff2d_WH_powheg_JHUgen_125_pT4l_2e2mu.pdf  used 
on input line 214.
(pdftex.def)             Requested size: 208.13574pt x 161.14719pt.
<Plots/eff2d_ZH_powheg_JHUgen_125_pT4l_2e2mu.pdf, id=4339, 569.12625pt x 440.64
626pt>
File: Plots/eff2d_ZH_powheg_JHUgen_125_pT4l_2e2mu.pdf Graphic file (type pdf)
<use Plots/eff2d_ZH_powheg_JHUgen_125_pT4l_2e2mu.pdf>
Package pdftex.def Info: Plots/eff2d_ZH_powheg_JHUgen_125_pT4l_2e2mu.pdf  used 
on input line 219.
(pdftex.def)             Requested size: 208.13574pt x 161.14719pt.
<Plots/eff2d_ttH_powheg_JHUgen_125_pT4l_2e2mu.pdf, id=4340, 569.12625pt x 440.6
4626pt>
File: Plots/eff2d_ttH_powheg_JHUgen_125_pT4l_2e2mu.pdf Graphic file (type pdf)
<use Plots/eff2d_ttH_powheg_JHUgen_125_pT4l_2e2mu.pdf>
Package pdftex.def Info: Plots/eff2d_ttH_powheg_JHUgen_125_pT4l_2e2mu.pdf  used
 on input line 224.
(pdftex.def)             Requested size: 208.13574pt x 161.14719pt.

[88 <./Plots/eff2d_ggH_powheg_JHUgen_125_pT4l_2e2mu.pdf, page is rotated 90 deg
rees> <./Plots/eff2d_ggH_NNLOPS_JHUgen_125_pT4l_2e2mu.pdf, page is rotated 90 d
egrees> <./Plots/eff2d_VBF_powheg_JHUgen_125_pT4l_2e2mu.pdf, page is rotated 90
 degrees> <./Plots/eff2d_WH_powheg_JHUgen_125_pT4l_2e2mu.pdf, page is rotated 9
0 degrees> <./Plots/eff2d_ZH_powheg_JHUgen_125_pT4l_2e2mu.pdf, page is rotated 
90 degrees> <./Plots/eff2d_ttH_powheg_JHUgen_125_pT4l_2e2mu.pdf, page is rotate
d 90 degrees>]
<Plots/asimovdata_SM_125_v2_unfoldwith_SM_125_v3_pT4l_4l_recobin0.pdf, id=4612,
 569.12625pt x 440.64626pt>
File: Plots/asimovdata_SM_125_v2_unfoldwith_SM_125_v3_pT4l_4l_recobin0.pdf Grap
hic file (type pdf)
<use Plots/asimovdata_SM_125_v2_unfoldwith_SM_125_v3_pT4l_4l_recobin0.pdf>
Package pdftex.def Info: Plots/asimovdata_SM_125_v2_unfoldwith_SM_125_v3_pT4l_4
l_recobin0.pdf  used on input line 239.
(pdftex.def)             Requested size: 173.44534pt x 134.2927pt.
<Plots/asimovdata_SM_125_v2_unfoldwith_SM_125_v3_pT4l_4l_recobin1.pdf, id=4613,
 569.12625pt x 440.64626pt>
File: Plots/asimovdata_SM_125_v2_unfoldwith_SM_125_v3_pT4l_4l_recobin1.pdf Grap
hic file (type pdf)
<use Plots/asimovdata_SM_125_v2_unfoldwith_SM_125_v3_pT4l_4l_recobin1.pdf>
Package pdftex.def Info: Plots/asimovdata_SM_125_v2_unfoldwith_SM_125_v3_pT4l_4
l_recobin1.pdf  used on input line 243.
(pdftex.def)             Requested size: 173.44534pt x 134.2927pt.
<Plots/asimovdata_SM_125_v2_unfoldwith_SM_125_v3_pT4l_4l_recobin2.pdf, id=4614,
 569.12625pt x 440.64626pt>
File: Plots/asimovdata_SM_125_v2_unfoldwith_SM_125_v3_pT4l_4l_recobin2.pdf Grap
hic file (type pdf)
<use Plots/asimovdata_SM_125_v2_unfoldwith_SM_125_v3_pT4l_4l_recobin2.pdf>
Package pdftex.def Info: Plots/asimovdata_SM_125_v2_unfoldwith_SM_125_v3_pT4l_4
l_recobin2.pdf  used on input line 247.
(pdftex.def)             Requested size: 173.44534pt x 134.2927pt.
<Plots/asimovdata_SM_125_v2_unfoldwith_SM_125_v3_pT4l_4l_recobin3.pdf, id=4615,
 569.12625pt x 440.64626pt>
File: Plots/asimovdata_SM_125_v2_unfoldwith_SM_125_v3_pT4l_4l_recobin3.pdf Grap
hic file (type pdf)
<use Plots/asimovdata_SM_125_v2_unfoldwith_SM_125_v3_pT4l_4l_recobin3.pdf>
Package pdftex.def Info: Plots/asimovdata_SM_125_v2_unfoldwith_SM_125_v3_pT4l_4
l_recobin3.pdf  used on input line 251.
(pdftex.def)             Requested size: 173.44534pt x 134.2927pt.
<Plots/asimovdata_SM_125_v2_unfoldwith_SM_125_v3_pT4l_4l_recobin4.pdf, id=4616,
 569.12625pt x 440.64626pt>
File: Plots/asimovdata_SM_125_v2_unfoldwith_SM_125_v3_pT4l_4l_recobin4.pdf Grap
hic file (type pdf)
<use Plots/asimovdata_SM_125_v2_unfoldwith_SM_125_v3_pT4l_4l_recobin4.pdf>
Package pdftex.def Info: Plots/asimovdata_SM_125_v2_unfoldwith_SM_125_v3_pT4l_4
l_recobin4.pdf  used on input line 255.
(pdftex.def)             Requested size: 173.44534pt x 134.2927pt.
<Plots/asimovdata_SM_125_v2_unfoldwith_SM_125_v3_pT4l_4l_recobin5.pdf, id=4617,
 569.12625pt x 440.64626pt>
File: Plots/asimovdata_SM_125_v2_unfoldwith_SM_125_v3_pT4l_4l_recobin5.pdf Grap
hic file (type pdf)
<use Plots/asimovdata_SM_125_v2_unfoldwith_SM_125_v3_pT4l_4l_recobin5.pdf>
Package pdftex.def Info: Plots/asimovdata_SM_125_v2_unfoldwith_SM_125_v3_pT4l_4
l_recobin5.pdf  used on input line 259.
(pdftex.def)             Requested size: 173.44534pt x 134.2927pt.
<Plots/asimovdata_SM_125_v2_unfoldwith_SM_125_v3_pT4l_4l_recobin6.pdf, id=4618,
 569.12625pt x 440.64626pt>
File: Plots/asimovdata_SM_125_v2_unfoldwith_SM_125_v3_pT4l_4l_recobin6.pdf Grap
hic file (type pdf)
<use Plots/asimovdata_SM_125_v2_unfoldwith_SM_125_v3_pT4l_4l_recobin6.pdf>
Package pdftex.def Info: Plots/asimovdata_SM_125_v2_unfoldwith_SM_125_v3_pT4l_4
l_recobin6.pdf  used on input line 263.
(pdftex.def)             Requested size: 173.44534pt x 134.2927pt.


LaTeX Warning: Float too large for page by 67.56453pt on input line 269.

[89


] [90 <./Plots/asimovdata_SM_125_v2_unfoldwith_SM_125_v3_pT4l_4l_recobin0.pdf, 
page is rotated 90 degrees> <./Plots/asimovdata_SM_125_v2_unfoldwith_SM_125_v3_
pT4l_4l_recobin1.pdf, page is rotated 90 degrees> <./Plots/asimovdata_SM_125_v2
_unfoldwith_SM_125_v3_pT4l_4l_recobin2.pdf, page is rotated 90 degrees> <./Plot
s/asimovdata_SM_125_v2_unfoldwith_SM_125_v3_pT4l_4l_recobin3.pdf, page is rotat
ed 90 degrees> <./Plots/asimovdata_SM_125_v2_unfoldwith_SM_125_v3_pT4l_4l_recob
in4.pdf, page is rotated 90 degrees> <./Plots/asimovdata_SM_125_v2_unfoldwith_S
M_125_v3_pT4l_4l_recobin5.pdf, page is rotated 90 degrees> <./Plots/asimovdata_
SM_125_v2_unfoldwith_SM_125_v3_pT4l_4l_recobin6.pdf, page is rotated 90 degrees
>]) (./Chapters/Chapter4/Systematics/Systematics.tex [91

]
! Undefined control sequence.
<argument> ...e {thetable}}}{\ignorespaces \fixme 
                                                  {TO BE UPDATED. COPY PASTE...
l.230 		}
         
? 
! Undefined control sequence.
<argument> \fixme 
                  {TO BE UPDATED. COPY PASTE NUMBERS OF 2017 FOR NOW.} A cha...
l.230 		}
         
? 
! Undefined control sequence.
<argument> \fixme 
                  {TO BE UPDATED. COPY PASTE NUMBERS OF 2017 FOR NOW.} A cha...
l.230 		}
         
? 
<Plots/impacts_2e2mu.png, id=4944, 925.4575pt x 765.86125pt>
File: Plots/impacts_2e2mu.png Graphic file (type png)
<use Plots/impacts_2e2mu.png>
Package pdftex.def Info: Plots/impacts_2e2mu.png  used on input line 443.
(pdftex.def)             Requested size: 390.25536pt x 322.95668pt.
) (./Chapters/Chapter4/Results/Inclusive.tex
Overfull \hbox (5.8679pt too wide) in paragraph at lines 2--11
\T1/ppl/m/n/12 Resulting fits to the in-clu-sive m$\OT1/cmr/m/n/12 (4\OML/cmm/m
/it/12 `\OT1/cmr/m/n/12 )$ \T1/ppl/m/n/12 dis-tri-bu-tions (ex-tracted in $\OML
/cmm/m/it/12 m[]$ \T1/ppl/m/n/12 range $\OML/cmm/m/it/12 viz$ \T1/ppl/m/n/12 10
5 GeV
 []

[92]

LaTeX Warning: Citation 'Grazzini:2013mca' on page 93 undefined on input line 1
2.


LaTeX Warning: Citation 'deFlorian:2012mx' on page 93 undefined on input line 1
2.


LaTeX Warning: Citation 'Anastasiou2016' on page 93 undefined on input line 12.



LaTeX Warning: Citation 'CMSH4lFiducial8TeV' on page 93 undefined on input line
 13.

[93]
<Plots/data_unfoldwith_SM_125_v3_mass4l_4e_recobin0.pdf, id=4960, 569.12625pt x
 440.64626pt>
File: Plots/data_unfoldwith_SM_125_v3_mass4l_4e_recobin0.pdf Graphic file (type
 pdf)
<use Plots/data_unfoldwith_SM_125_v3_mass4l_4e_recobin0.pdf>
Package pdftex.def Info: Plots/data_unfoldwith_SM_125_v3_mass4l_4e_recobin0.pdf
  used on input line 33.
(pdftex.def)             Requested size: 208.13574pt x 161.14719pt.
<Plots/data_unfoldwith_SM_125_v3_mass4l_4mu_recobin0.pdf, id=4961, 569.12625pt 
x 440.64626pt>
File: Plots/data_unfoldwith_SM_125_v3_mass4l_4mu_recobin0.pdf Graphic file (typ
e pdf)
<use Plots/data_unfoldwith_SM_125_v3_mass4l_4mu_recobin0.pdf>
Package pdftex.def Info: Plots/data_unfoldwith_SM_125_v3_mass4l_4mu_recobin0.pd
f  used on input line 37.
(pdftex.def)             Requested size: 208.13574pt x 161.14719pt.
<Plots/data_unfoldwith_SM_125_v3_mass4l_2e2mu_recobin0.pdf, id=4962, 569.12625p
t x 440.64626pt>
File: Plots/data_unfoldwith_SM_125_v3_mass4l_2e2mu_recobin0.pdf Graphic file (t
ype pdf)
<use Plots/data_unfoldwith_SM_125_v3_mass4l_2e2mu_recobin0.pdf>
Package pdftex.def Info: Plots/data_unfoldwith_SM_125_v3_mass4l_2e2mu_recobin0.
pdf  used on input line 41.
(pdftex.def)             Requested size: 208.13574pt x 161.14719pt.
<Plots/data_unfoldwith_SM_125_v3_mass4l_4l_recobin0.pdf, id=4963, 569.12625pt x
 440.64626pt>
File: Plots/data_unfoldwith_SM_125_v3_mass4l_4l_recobin0.pdf Graphic file (type
 pdf)
<use Plots/data_unfoldwith_SM_125_v3_mass4l_4l_recobin0.pdf>
Package pdftex.def Info: Plots/data_unfoldwith_SM_125_v3_mass4l_4l_recobin0.pdf
  used on input line 45.
(pdftex.def)             Requested size: 208.13574pt x 161.14719pt.
<Plots/xs_vs_sqrts.pdf, id=4964, 569.12625pt x 555.07375pt>
File: Plots/xs_vs_sqrts.pdf Graphic file (type pdf)
<use Plots/xs_vs_sqrts.pdf>
Package pdftex.def Info: Plots/xs_vs_sqrts.pdf  used on input line 56.
(pdftex.def)             Requested size: 208.13574pt x 202.99406pt.
<Plots/mass4l_unfoldwith_SM_125_ThreeYears.pdf, id=4965, 569.12625pt x 559.0887
5pt>
File: Plots/mass4l_unfoldwith_SM_125_ThreeYears.pdf Graphic file (type pdf)
<use Plots/mass4l_unfoldwith_SM_125_ThreeYears.pdf>
Package pdftex.def Info: Plots/mass4l_unfoldwith_SM_125_ThreeYears.pdf  used on
 input line 60.
(pdftex.def)             Requested size: 208.13574pt x 204.46239pt.

Runaway argument?
{The measured fiducial cross section as a function of $\sqrt {s}$ (le\ETC.
! Paragraph ended before \caption@prepareanchor was complete.
<to be read again> 
                   \par 
l.68     }
          
? 
! Extra }, or forgotten \endgroup.
\@caption ...\else \caption@prepareanchor {#1}{#2}
                                                  \memcaptioninfo {#1}{\csna...
l.68     }
          
? 
Runaway argument?
{\ignorespaces The measured fiducial cross section as a function of $\ETC.
! Paragraph ended before \caption@@@addcontentsline was complete.
<to be read again> 
                   \par 
l.68     }
          
? 
! Extra }, or forgotten \endgroup.
\caption@@addcontentsline ...}{\ignorespaces #2}}}
                                                  
l.68     }
          
? 
! Undefined control sequence.
<argument> ...eptance is calculated using \POWHEG 
                                                  at $\sqrt {s}$=13\TeV and ...
l.68     }
          
? 

LaTeX Warning: Citation 'Grazzini:2013mca' on page 94 undefined on input line 6
8.


LaTeX Warning: Citation 'deFlorian:2012mx' on page 94 undefined on input line 6
8.


LaTeX Warning: Citation 'Anastasiou2016' on page 94 undefined on input line 68.



LaTeX Warning: Citation 'CMSH4lFiducial8TeV' on page 94 undefined on input line
 68.

! Undefined control sequence.
<argument> ...eptance is calculated using \POWHEG 
                                                  at $\sqrt {s}$=13\TeV and ...
l.68     }
          
? 

LaTeX Warning: Citation 'Grazzini:2013mca' on page 94 undefined on input line 6
8.


LaTeX Warning: Citation 'deFlorian:2012mx' on page 94 undefined on input line 6
8.


LaTeX Warning: Citation 'Anastasiou2016' on page 94 undefined on input line 68.



LaTeX Warning: Citation 'CMSH4lFiducial8TeV' on page 94 undefined on input line
 68.

[94 <./Plots/impacts_2e2mu.png>]
Overfull \hbox (11.22739pt too wide) in paragraph at lines 174--243
 [] 
 []

) (./Chapters/Chapter4/Results/Differential.tex

LaTeX Warning: Citation 'LHCHiggsCrossSectionWorkingGroup:2013tqa' on page 95 u
ndefined on input line 7.


Overfull \hbox (147.90732pt too wide) in paragraph at lines 1--17
\T1/ppl/m/n/12 con-stant among dif-fer-en-tial bins and are ob-tained from Ref.
 ([]).
 []

[95 <./Plots/data_unfoldwith_SM_125_v3_mass4l_4e_recobin0.pdf, page is rotated 
90 degrees> <./Plots/data_unfoldwith_SM_125_v3_mass4l_4mu_recobin0.pdf, page is
 rotated 90 degrees> <./Plots/data_unfoldwith_SM_125_v3_mass4l_2e2mu_recobin0.p
df, page is rotated 90 degrees> <./Plots/data_unfoldwith_SM_125_v3_mass4l_4l_re
cobin0.pdf, page is rotated 90 degrees>] [96 <./Plots/xs_vs_sqrts.pdf, page is 
rotated 90 degrees> <./Plots/mass4l_unfoldwith_SM_125_ThreeYears.pdf, page is r
otated 90 degrees>]

LaTeX Warning: Reference `app:fixfrac' on page 97 undefined on input line 20.


LaTeX Warning: Reference `fig:differential-results-restrictive_md' on page 97 u
ndefined on input line 22.

<Plots/asimovdata_SM_125_v2_pT4l_4l.pdf, id=5245, 569.12625pt x 440.64626pt>
File: Plots/asimovdata_SM_125_v2_pT4l_4l.pdf Graphic file (type pdf)
<use Plots/asimovdata_SM_125_v2_pT4l_4l.pdf>
Package pdftex.def Info: Plots/asimovdata_SM_125_v2_pT4l_4l.pdf  used on input 
line 32.
(pdftex.def)             Requested size: 195.12767pt x 151.07507pt.
<Plots/asimovdata_SM_125_v2_rapidity4l_4l.pdf, id=5246, 569.12625pt x 440.64626
pt>
File: Plots/asimovdata_SM_125_v2_rapidity4l_4l.pdf Graphic file (type pdf)
<use Plots/asimovdata_SM_125_v2_rapidity4l_4l.pdf>
Package pdftex.def Info: Plots/asimovdata_SM_125_v2_rapidity4l_4l.pdf  used on 
input line 36.
(pdftex.def)             Requested size: 195.12767pt x 151.07507pt.
<Plots/asimovdata_SM_125_v2_njets_pt30_eta2p5_4l.pdf, id=5247, 569.12625pt x 44
0.64626pt>
File: Plots/asimovdata_SM_125_v2_njets_pt30_eta2p5_4l.pdf Graphic file (type pd
f)
<use Plots/asimovdata_SM_125_v2_njets_pt30_eta2p5_4l.pdf>
Package pdftex.def Info: Plots/asimovdata_SM_125_v2_njets_pt30_eta2p5_4l.pdf  u
sed on input line 40.
(pdftex.def)             Requested size: 195.12767pt x 151.07507pt.
<Plots/asimovdata_SM_125_v2_pt_leadingjet_pt30_eta2p5_4l.pdf, id=5248, 569.1262
5pt x 440.64626pt>
File: Plots/asimovdata_SM_125_v2_pt_leadingjet_pt30_eta2p5_4l.pdf Graphic file 
(type pdf)
<use Plots/asimovdata_SM_125_v2_pt_leadingjet_pt30_eta2p5_4l.pdf>
Package pdftex.def Info: Plots/asimovdata_SM_125_v2_pt_leadingjet_pt30_eta2p5_4
l.pdf  used on input line 44.
(pdftex.def)             Requested size: 195.12767pt x 151.07507pt.
<Plots/pT4l_unfoldwith_SM_125_logscale.pdf, id=5249, 569.12625pt x 559.08875pt>

File: Plots/pT4l_unfoldwith_SM_125_logscale.pdf Graphic file (type pdf)
<use Plots/pT4l_unfoldwith_SM_125_logscale.pdf>
Package pdftex.def Info: Plots/pT4l_unfoldwith_SM_125_logscale.pdf  used on inp
ut line 59.
(pdftex.def)             Requested size: 195.12767pt x 191.68295pt.
<Plots/rapidity4l_unfoldwith_SM_125.pdf, id=5250, 569.12625pt x 559.08875pt>
File: Plots/rapidity4l_unfoldwith_SM_125.pdf Graphic file (type pdf)
<use Plots/rapidity4l_unfoldwith_SM_125.pdf>
Package pdftex.def Info: Plots/rapidity4l_unfoldwith_SM_125.pdf  used on input 
line 64.
(pdftex.def)             Requested size: 195.12767pt x 191.68295pt.
<Plots/pt_leadingjet_pt30_eta2p5_unfoldwith_SM_125_logscale.pdf, id=5251, 569.1
2625pt x 559.08875pt>
File: Plots/pt_leadingjet_pt30_eta2p5_unfoldwith_SM_125_logscale.pdf Graphic fi
le (type pdf)
<use Plots/pt_leadingjet_pt30_eta2p5_unfoldwith_SM_125_logscale.pdf>
Package pdftex.def Info: Plots/pt_leadingjet_pt30_eta2p5_unfoldwith_SM_125_logs
cale.pdf  used on input line 68.
(pdftex.def)             Requested size: 195.12767pt x 191.68295pt.
<Plots/njets_pt30_eta2p5_unfoldwith_SM_125_logscale.pdf, id=5252, 569.12625pt x
 559.08875pt>
File: Plots/njets_pt30_eta2p5_unfoldwith_SM_125_logscale.pdf Graphic file (type
 pdf)
<use Plots/njets_pt30_eta2p5_unfoldwith_SM_125_logscale.pdf>
Package pdftex.def Info: Plots/njets_pt30_eta2p5_unfoldwith_SM_125_logscale.pdf
  used on input line 72.
(pdftex.def)             Requested size: 195.12767pt x 191.68295pt.
) [97] [98 <./Plots/asimovdata_SM_125_v2_pT4l_4l.pdf, page is rotated 90 degree
s> <./Plots/asimovdata_SM_125_v2_rapidity4l_4l.pdf, page is rotated 90 degrees>
 <./Plots/asimovdata_SM_125_v2_njets_pt30_eta2p5_4l.pdf, page is rotated 90 deg
rees> <./Plots/asimovdata_SM_125_v2_pt_leadingjet_pt30_eta2p5_4l.pdf, page is r
otated 90 degrees>] [99 <./Plots/pT4l_unfoldwith_SM_125_logscale.pdf, page is r
otated 90 degrees> <./Plots/rapidity4l_unfoldwith_SM_125.pdf, page is rotated 9
0 degrees> <./Plots/pt_leadingjet_pt30_eta2p5_unfoldwith_SM_125_logscale.pdf, p
age is rotated 90 degrees> <./Plots/njets_pt30_eta2p5_unfoldwith_SM_125_logscal
e.pdf, page is rotated 90 degrees>]
\openout2 = `Chapters/Chapter_7.aux'.

 (./Chapters/Chapter_7.tex [100


]
Chapter 6.

LaTeX Warning: Citation 'Reference39' on page 101 undefined on input line 13.

! Undefined control sequence.
<recently read> \Sqrt 
                      
l.20 ...4\ell$ cross section measurement at $\Sqrt
                                                  {s} = $13~TeV is found be ...

? 
1: section
[101] [102

]
Chapter 7.
! Undefined control sequence.
\fbinv ...ath {\,\text {fb}^\text {$-$1}}}\xspace 
                                                  
l.33 ...cross section measurements with 300~\fbinv
                                                   pp collisions data would ...

? 
! Undefined control sequence.
\fbinv ...ath {\,\text {fb}^\text {$-$1}}}\xspace 
                                                  
l.35 integrated luminosity of 300~\fbinv
                                         at $\sqrt{s} = 13$~TeV along with t...

? 
! Undefined control sequence.
\fbinv ...ath {\,\text {fb}^\text {$-$1}}}\xspace 
                                                  
l.35 ... state. LHC has aim to deliver 3000~\fbinv
                                                   of pp
? 
<Figures/Higgs_XS_100.png, id=5633, 999.735pt x 774.895pt>
File: Figures/Higgs_XS_100.png Graphic file (type png)
<use Figures/Higgs_XS_100.png>
Package pdftex.def Info: Figures/Higgs_XS_100.png  used on input line 44.
(pdftex.def)             Requested size: 281.85036pt x 218.45894pt.
<Figures/Higgs_XS_300.png, id=5634, 999.735pt x 774.895pt>
File: Figures/Higgs_XS_300.png Graphic file (type png)
<use Figures/Higgs_XS_300.png>
Package pdftex.def Info: Figures/Higgs_XS_300.png  used on input line 48.
(pdftex.def)             Requested size: 281.85036pt x 218.45894pt.
! Undefined control sequence.
\fbinv ...ath {\,\text {fb}^\text {$-$1}}}\xspace 
                                                  
l.50 ... theoretical predictions per final state.}
                                                  
? 
! Undefined control sequence.
\fbinv ...ath {\,\text {fb}^\text {$-$1}}}\xspace 
                                                  
l.50 ... theoretical predictions per final state.}
                                                  
? 
! Undefined control sequence.
\fbinv ...ath {\,\text {fb}^\text {$-$1}}}\xspace 
                                                  
l.50 ... theoretical predictions per final state.}
                                                  
? 
! Undefined control sequence.
\fbinv ...ath {\,\text {fb}^\text {$-$1}}}\xspace 
                                                  
l.50 ... theoretical predictions per final state.}
                                                  
? 
! Undefined control sequence.
\fbinv ...ath {\,\text {fb}^\text {$-$1}}}\xspace 
                                                  
l.50 ... theoretical predictions per final state.}
                                                  
? 
! Undefined control sequence.
\fbinv ...ath {\,\text {fb}^\text {$-$1}}}\xspace 
                                                  
l.50 ... theoretical predictions per final state.}
                                                  
? 
)
1: section
[103] [104 <./Figures/Higgs_XS_100.png> <./Figures/Higgs_XS_300.png>]

LaTeX Warning: Empty bibliography on input line 426.

Package atveryend Info: Empty hook `BeforeClearDocument' on input line 430.
Package atveryend Info: Empty hook `AfterLastShipout' on input line 430.
(./main.aux (./Chapters/introduction.aux) (./Chapters/Chapter_1.aux)
(./Chapters/Chapter_2.aux) (./Chapters/Chapter_3.aux) (./Chapters/Chapter_7.aux
))
Package atveryend Info: Executing hook `AtVeryEndDocument' on input line 430.
Package atveryend Info: Executing hook `AtEndAfterFileList' on input line 430.
Package rerunfilecheck Info: File `main.out' has not changed.
(rerunfilecheck)             Checksum: F4BA5BC25E0CD498D1F2612F84777007;21314.


LaTeX Warning: There were undefined references.


LaTeX Warning: There were multiply-defined labels.


Package biblatex Warning: Please (re)run Biber on the file:
(biblatex)                main
(biblatex)                and rerun LaTeX afterwards.

Package logreq Info: Writing requests to 'main.run.xml'.
\openout1 = `main.run.xml'.

 ) 
Here is how much of TeX's memory you used:
 37283 strings out of 492982
 759318 string characters out of 6134896
 1177563 words of memory out of 5000000
 39752 multiletter control sequences out of 15000+600000
 585013 words of font info for 125 fonts, out of 8000000 for 9000
 1141 hyphenation exceptions out of 8191
 60i,20n,83p,10377b,2643s stack positions out of 5000i,500n,10000p,200000b,80000s
{/usr/share/texlive/texmf-dist/fonts/enc/dvips/base/8r.enc}{/usr/share/texmf/
fonts/enc/dvips/cm-super/cm-super-t1.enc}</usr/share/texlive/texmf-dist/fonts/t
ype1/public/amsfonts/cm/cmbx12.pfb></usr/share/texlive/texmf-dist/fonts/type1/p
ublic/amsfonts/cm/cmbx8.pfb></usr/share/texlive/texmf-dist/fonts/type1/public/a
msfonts/cm/cmex10.pfb></usr/share/texlive/texmf-dist/fonts/type1/public/amsfont
s/cm/cmmi10.pfb></usr/share/texlive/texmf-dist/fonts/type1/public/amsfonts/cm/c
mmi12.pfb></usr/share/texlive/texmf-dist/fonts/type1/public/amsfonts/cm/cmmi6.p
fb></usr/share/texlive/texmf-dist/fonts/type1/public/amsfonts/cm/cmmi7.pfb></us
r/share/texlive/texmf-dist/fonts/type1/public/amsfonts/cm/cmmi8.pfb></usr/share
/texlive/texmf-dist/fonts/type1/public/amsfonts/cm/cmr10.pfb></usr/share/texliv
e/texmf-dist/fonts/type1/public/amsfonts/cm/cmr12.pfb></usr/share/texlive/texmf
-dist/fonts/type1/public/amsfonts/cm/cmr6.pfb></usr/share/texlive/texmf-dist/fo
nts/type1/public/amsfonts/cm/cmr8.pfb></usr/share/texlive/texmf-dist/fonts/type
1/public/amsfonts/cm/cmsy10.pfb></usr/share/texlive/texmf-dist/fonts/type1/publ
ic/amsfonts/cm/cmsy6.pfb></usr/share/texlive/texmf-dist/fonts/type1/public/amsf
onts/cm/cmsy8.pfb></usr/share/texlive/texmf-dist/fonts/type1/public/rsfs/rsfs10
.pfb></usr/share/texmf/fonts/type1/public/cm-super/sfbx1200.pfb></usr/share/tex
mf/fonts/type1/public/cm-super/sfcc1200.pfb></usr/share/texmf/fonts/type1/publi
c/cm-super/sfrm1200.pfb></usr/share/texmf/fonts/type1/public/cm-super/sfsl1200.
pfb></usr/share/texlive/texmf-dist/fonts/type1/urw/courier/ucrr8a.pfb></usr/sha
re/texlive/texmf-dist/fonts/type1/urw/palatino/uplb8a.pfb></usr/share/texlive/t
exmf-dist/fonts/type1/urw/palatino/uplr8a.pfb></usr/share/texlive/texmf-dist/fo
nts/type1/urw/palatino/uplr8a.pfb></usr/share/texlive/texmf-dist/fonts/type1/ur
w/palatino/uplri8a.pfb></usr/share/texlive/texmf-dist/fonts/type1/urw/symbol/us
yr.pfb></usr/share/texlive/texmf-dist/fonts/type1/urw/symbol/usyr.pfb></usr/sha
re/texlive/texmf-dist/fonts/type1/urw/times/utmb8a.pfb></usr/share/texlive/texm
f-dist/fonts/type1/urw/times/utmr8a.pfb></usr/share/texlive/texmf-dist/fonts/ty
pe1/urw/times/utmri8a.pfb>
Output written on main.pdf (122 pages, 11505882 bytes).
PDF statistics:
 5827 PDF objects out of 6186 (max. 8388607)
 3418 compressed objects within 35 object streams
 433 named destinations out of 1000 (max. 500000)
 1467 words of extra memory for PDF output out of 10000 (max. 10000000)

