This is pdfTeX, Version 3.14159265-2.6-1.40.18 (TeX Live 2017/Debian) (preloaded format=pdflatex 2018.8.28)  15 JUL 2020 08:59
entering extended mode
 restricted \write18 enabled.
 %&-line parsing enabled.
**main_simple.tex
(./main_simple.tex
LaTeX2e <2017-04-15>
Babel <3.18> and hyphenation patterns for 84 language(s) loaded.

! LaTeX Error: Command \to already defined.
               Or name \end... illegal, see p.192 of the manual.

See the LaTeX manual or LaTeX Companion for explanation.
Type  H <return>  for immediate help.
 ...                                              
                                                  
l.16 \newcommand{\to}{\rightarrow}
                                  
? 
(./MastersDoctoralThesis.cls
Document Class: MastersDoctoralThesis 2016/03/25 v1.4 LaTeXTemplates.com
(/usr/share/texlive/texmf-dist/tex/latex/etoolbox/etoolbox.sty
Package: etoolbox 2018/02/11 v2.5e e-TeX tools for LaTeX (JAW)
\etb@tempcnta=\count79
)
(/usr/share/texlive/texmf-dist/tex/latex/l3packages/xparse/xparse.sty
(/usr/share/texlive/texmf-dist/tex/latex/l3kernel/expl3.sty
Package: expl3 2018/02/21 L3 programming layer (loader) 

(/usr/share/texlive/texmf-dist/tex/latex/l3kernel/expl3-code.tex
Package: expl3 2018/02/21 L3 programming layer (code)
\c_max_int=\count80
\l_tmpa_int=\count81
\l_tmpb_int=\count82
\g_tmpa_int=\count83
\g_tmpb_int=\count84
\g__intarray_font_int=\count85
\g__prg_map_int=\count86
\c_log_iow=\count87
\l_iow_line_count_int=\count88
\l__iow_line_target_int=\count89
\l__iow_one_indent_int=\count90
\l__iow_indent_int=\count91
\c_zero_dim=\dimen102
\c_max_dim=\dimen103
\l_tmpa_dim=\dimen104
\l_tmpb_dim=\dimen105
\g_tmpa_dim=\dimen106
\g_tmpb_dim=\dimen107
\c_zero_skip=\skip41
\c_max_skip=\skip42
\l_tmpa_skip=\skip43
\l_tmpb_skip=\skip44
\g_tmpa_skip=\skip45
\g_tmpb_skip=\skip46
\c_zero_muskip=\muskip10
\c_max_muskip=\muskip11
\l_tmpa_muskip=\muskip12
\l_tmpb_muskip=\muskip13
\g_tmpa_muskip=\muskip14
\g_tmpb_muskip=\muskip15
\l_keys_choice_int=\count92
\c__fp_leading_shift_int=\count93
\c__fp_middle_shift_int=\count94
\c__fp_trailing_shift_int=\count95
\c__fp_big_leading_shift_int=\count96
\c__fp_big_middle_shift_int=\count97
\c__fp_big_trailing_shift_int=\count98
\c__fp_Bigg_leading_shift_int=\count99
\c__fp_Bigg_middle_shift_int=\count100
\c__fp_Bigg_trailing_shift_int=\count101
\c__fp_rand_size_int=\count102
\c__fp_rand_four_int=\count103
\c__fp_rand_eight_int=\count104
\l__sort_length_int=\count105
\l__sort_min_int=\count106
\l__sort_top_int=\count107
\l__sort_max_int=\count108
\l__sort_true_max_int=\count109
\l__sort_block_int=\count110
\l__sort_begin_int=\count111
\l__sort_end_int=\count112
\l__sort_A_int=\count113
\l__sort_B_int=\count114
\l__sort_C_int=\count115
\l__tl_build_start_index_int=\count116
\l__tl_build_index_int=\count117
\l__tl_analysis_normal_int=\count118
\l__tl_analysis_index_int=\count119
\l__tl_analysis_nesting_int=\count120
\l__tl_analysis_type_int=\count121
\l__regex_internal_a_int=\count122
\l__regex_internal_b_int=\count123
\l__regex_internal_c_int=\count124
\l__regex_balance_int=\count125
\l__regex_group_level_int=\count126
\l__regex_mode_int=\count127
\c__regex_cs_in_class_mode_int=\count128
\c__regex_cs_mode_int=\count129
\l__regex_catcodes_int=\count130
\l__regex_default_catcodes_int=\count131
\c__regex_catcode_D_int=\count132
\c__regex_catcode_S_int=\count133
\c__regex_catcode_L_int=\count134
\c__regex_catcode_O_int=\count135
\c__regex_catcode_A_int=\count136
\c__regex_all_catcodes_int=\count137
\l__regex_show_lines_int=\count138
\l__regex_min_state_int=\count139
\l__regex_max_state_int=\count140
\l__regex_left_state_int=\count141
\l__regex_right_state_int=\count142
\l__regex_capturing_group_int=\count143
\l__regex_min_pos_int=\count144
\l__regex_max_pos_int=\count145
\l__regex_curr_pos_int=\count146
\l__regex_start_pos_int=\count147
\l__regex_success_pos_int=\count148
\l__regex_curr_char_int=\count149
\l__regex_curr_catcode_int=\count150
\l__regex_last_char_int=\count151
\l__regex_case_changed_char_int=\count152
\l__regex_curr_state_int=\count153
\l__regex_step_int=\count154
\l__regex_min_active_int=\count155
\l__regex_max_active_int=\count156
\l__regex_replacement_csnames_int=\count157
\l__regex_match_count_int=\count158
\l__regex_min_submatch_int=\count159
\l__regex_submatch_int=\count160
\l__regex_zeroth_submatch_int=\count161
\g__regex_trace_regex_int=\count162
\c_empty_box=\box26
\l_tmpa_box=\box27
\l_tmpb_box=\box28
\g_tmpa_box=\box29
\g_tmpb_box=\box30
\l__box_top_dim=\dimen108
\l__box_bottom_dim=\dimen109
\l__box_left_dim=\dimen110
\l__box_right_dim=\dimen111
\l__box_top_new_dim=\dimen112
\l__box_bottom_new_dim=\dimen113
\l__box_left_new_dim=\dimen114
\l__box_right_new_dim=\dimen115
\l__box_internal_box=\box31
\l__coffin_internal_box=\box32
\l__coffin_internal_dim=\dimen116
\l__coffin_offset_x_dim=\dimen117
\l__coffin_offset_y_dim=\dimen118
\l__coffin_x_dim=\dimen119
\l__coffin_y_dim=\dimen120
\l__coffin_x_prime_dim=\dimen121
\l__coffin_y_prime_dim=\dimen122
\c_empty_coffin=\box33
\l__coffin_aligned_coffin=\box34
\l__coffin_aligned_internal_coffin=\box35
\l_tmpa_coffin=\box36
\l_tmpb_coffin=\box37
\l__coffin_display_coffin=\box38
\l__coffin_display_coord_coffin=\box39
\l__coffin_display_pole_coffin=\box40
\l__coffin_display_offset_dim=\dimen123
\l__coffin_display_x_dim=\dimen124
\l__coffin_display_y_dim=\dimen125
\l__coffin_bounding_shift_dim=\dimen126
\l__coffin_left_corner_dim=\dimen127
\l__coffin_right_corner_dim=\dimen128
\l__coffin_bottom_corner_dim=\dimen129
\l__coffin_top_corner_dim=\dimen130
\l__coffin_scaled_total_height_dim=\dimen131
\l__coffin_scaled_width_dim=\dimen132
)
(/usr/share/texlive/texmf-dist/tex/latex/l3kernel/l3pdfmode.def
File: l3pdfmode.def 2017/03/18 v L3 Experimental driver: PDF mode
\l__driver_color_stack_int=\count163
\l__driver_tmp_box=\box41
))
Package: xparse 2018/02/21 L3 Experimental document command parser
\l__xparse_current_arg_int=\count164
\g__xparse_grabber_int=\count165
\l__xparse_m_args_int=\count166
\l__xparse_mandatory_args_int=\count167
\l__xparse_v_nesting_int=\count168
)
(/usr/share/texlive/texmf-dist/tex/latex/base/book.cls
Document Class: book 2014/09/29 v1.4h Standard LaTeX document class
(/usr/share/texlive/texmf-dist/tex/latex/base/bk12.clo
File: bk12.clo 2014/09/29 v1.4h Standard LaTeX file (size option)
)
\c@part=\count169
\c@chapter=\count170
\c@section=\count171
\c@subsection=\count172
\c@subsubsection=\count173
\c@paragraph=\count174
\c@subparagraph=\count175
\c@figure=\count176
\c@table=\count177
\abovecaptionskip=\skip47
\belowcaptionskip=\skip48
\bibindent=\dimen133
)
.................................................
. LaTeX info: "xparse/define-command"
. 
. Defining command \addchap with sig. ' s o m ' on line 134.
.................................................
.................................................
. LaTeX info: "xparse/define-command"
. 
. Defining command \addsec with sig. ' s o m ' on line 149.
.................................................

(/usr/share/texlive/texmf-dist/tex/generic/babel/babel.sty
Package: babel 2018/02/14 3.18 The Babel package

(/usr/share/texlive/texmf-dist/tex/generic/babel/switch.def
File: switch.def 2018/02/14 3.18 Babel switching mechanism
)
(/usr/share/texlive/texmf-dist/tex/generic/babel-english/english.ldf
Language: english 2017/06/06 v3.3r English support from the babel system

(/usr/share/texlive/texmf-dist/tex/generic/babel/babel.def
File: babel.def 2018/02/14 3.18 Babel common definitions
\babel@savecnt=\count178
\U@D=\dimen134

(/usr/share/texlive/texmf-dist/tex/generic/babel/txtbabel.def)
\bbl@dirlevel=\count179
)
\l@canadian = a dialect from \language\l@american 
\l@australian = a dialect from \language\l@british 
\l@newzealand = a dialect from \language\l@british 
))
(/usr/share/texlive/texmf-dist/tex/latex/koma-script/scrbase.sty
Package: scrbase 2017/09/07 v3.24 KOMA-Script package (KOMA-Script-independent 
basics and keyval usage)

(/usr/share/texlive/texmf-dist/tex/latex/graphics/keyval.sty
Package: keyval 2014/10/28 v1.15 key=value parser (DPC)
\KV@toks@=\toks14
)
(/usr/share/texlive/texmf-dist/tex/latex/koma-script/scrlfile.sty
Package: scrlfile 2017/09/07 v3.24 KOMA-Script package (loading files)
))
(/usr/share/texlive/texmf-dist/tex/latex/koma-script/scrhack.sty
Package: scrhack 2017/09/07 v3.24 KOMA-Script package 

(/usr/share/texlive/texmf-dist/tex/latex/koma-script/scrkbase.sty
Package: scrkbase 2017/09/07 v3.24 KOMA-Script package (KOMA-Script-dependent b
asics and keyval usage)
)
(/usr/share/texlive/texmf-dist/tex/latex/xpatch/xpatch.sty
Package: xpatch 2012/10/02 v0.3 Extending etoolbox patching commands
.................................................
. LaTeX info: "xparse/define-command"
. 
. Defining command \xpatchcmd with sig. '' on line 125.
.................................................
.................................................
. LaTeX info: "xparse/define-command"
. 
. Defining command \xpretocmd with sig. '' on line 126.
.................................................
.................................................
. LaTeX info: "xparse/define-command"
. 
. Defining command \xapptocmd with sig. '' on line 127.
.................................................
.................................................
. LaTeX info: "xparse/define-command"
. 
. Defining command \xshowcmd with sig. '' on line 128.
.................................................
.................................................
. LaTeX info: "xparse/define-command"
. 
. Defining command \xpatchbibmacro with sig. 'm' on line 131.
.................................................
.................................................
. LaTeX info: "xparse/define-command"
. 
. Defining command \xpretobibmacro with sig. 'm' on line 133.
.................................................
.................................................
. LaTeX info: "xparse/define-command"
. 
. Defining command \xapptobibmacro with sig. 'm' on line 135.
.................................................
.................................................
. LaTeX info: "xparse/define-command"
. 
. Defining command \xshowbibmacro with sig. 'm' on line 137.
.................................................
.................................................
. LaTeX info: "xparse/define-command"
. 
. Defining command \xpatchfieldformat with sig. 'O{*}m' on line 139.
.................................................
.................................................
. LaTeX info: "xparse/define-command"
. 
. Defining command \xpretofieldformat with sig. 'O{*}m' on line 141.
.................................................
.................................................
. LaTeX info: "xparse/define-command"
. 
. Defining command \xapptofieldformat with sig. 'O{*}m' on line 143.
.................................................
.................................................
. LaTeX info: "xparse/define-command"
. 
. Defining command \xshowfieldformat with sig. 'O{*}m' on line 145.
.................................................
.................................................
. LaTeX info: "xparse/define-command"
. 
. Defining command \xpatchnameformat with sig. 'O{*}m' on line 147.
.................................................
.................................................
. LaTeX info: "xparse/define-command"
. 
. Defining command \xpretonameformat with sig. 'O{*}m' on line 149.
.................................................
.................................................
. LaTeX info: "xparse/define-command"
. 
. Defining command \xapptonameformat with sig. 'O{*}m' on line 151.
.................................................
.................................................
. LaTeX info: "xparse/define-command"
. 
. Defining command \xshownameformat with sig. 'O{*}m' on line 153.
.................................................
.................................................
. LaTeX info: "xparse/define-command"
. 
. Defining command \xpatchlistformat with sig. 'O{*}m' on line 155.
.................................................
.................................................
. LaTeX info: "xparse/define-command"
. 
. Defining command \xpretolistformat with sig. 'O{*}m' on line 157.
.................................................
.................................................
. LaTeX info: "xparse/define-command"
. 
. Defining command \xapptolistformat with sig. 'O{*}m' on line 159.
.................................................
.................................................
. LaTeX info: "xparse/define-command"
. 
. Defining command \xshowlistformat with sig. 'O{*}m' on line 161.
.................................................
.................................................
. LaTeX info: "xparse/define-command"
. 
. Defining command \xpatchindexfieldformat with sig. 'O{*}m' on line 163.
.................................................
.................................................
. LaTeX info: "xparse/define-command"
. 
. Defining command \xpretoindexfieldformat with sig. 'O{*}m' on line 165.
.................................................
.................................................
. LaTeX info: "xparse/define-command"
. 
. Defining command \xapptoindexfieldformat with sig. 'O{*}m' on line 167.
.................................................
.................................................
. LaTeX info: "xparse/define-command"
. 
. Defining command \xshowindexfieldformat with sig. 'O{*}m' on line 169.
.................................................
.................................................
. LaTeX info: "xparse/define-command"
. 
. Defining command \xpatchindexnameformat with sig. 'O{*}m' on line 171.
.................................................
.................................................
. LaTeX info: "xparse/define-command"
. 
. Defining command \xpretoindexnameformat with sig. 'O{*}m' on line 173.
.................................................
.................................................
. LaTeX info: "xparse/define-command"
. 
. Defining command \xapptoindexnameformat with sig. 'O{*}m' on line 175.
.................................................
.................................................
. LaTeX info: "xparse/define-command"
. 
. Defining command \xshowindexnameformat with sig. 'O{*}m' on line 177.
.................................................
.................................................
. LaTeX info: "xparse/define-command"
. 
. Defining command \xpatchindexlistformat with sig. 'O{*}m' on line 179.
.................................................
.................................................
. LaTeX info: "xparse/define-command"
. 
. Defining command \xpretoindexlistformat with sig. 'O{*}m' on line 181.
.................................................
.................................................
. LaTeX info: "xparse/define-command"
. 
. Defining command \xappindextolistformat with sig. 'O{*}m' on line 183.
.................................................
.................................................
. LaTeX info: "xparse/define-command"
. 
. Defining command \xshowindexlistformat with sig. 'O{*}m' on line 185.
.................................................
.................................................
. LaTeX info: "xparse/define-command"
. 
. Defining command \xpatchbibdriver with sig. 'm' on line 187.
.................................................
.................................................
. LaTeX info: "xparse/define-command"
. 
. Defining command \xpretobibdriver with sig. 'm' on line 189.
.................................................
.................................................
. LaTeX info: "xparse/define-command"
. 
. Defining command \xapptobibdriver with sig. 'm' on line 191.
.................................................
.................................................
. LaTeX info: "xparse/define-command"
. 
. Defining command \xshowbibdriver with sig. 'm' on line 193.
.................................................
))
(/usr/share/texlive/texmf-dist/tex/latex/setspace/setspace.sty
Package: setspace 2011/12/19 v6.7a set line spacing
)
Package scrhack Info: loading setspace hack on input line 162.

(/usr/share/texlive/texmf-dist/tex/latex/koma-script/setspace.hak
File: setspace.hak 2017/09/07 v3.24 KOMA-Script package (hacking package setspa
ce)
)
(/usr/share/texlive/texmf-dist/tex/latex/tools/longtable.sty
Package: longtable 2014/10/28 v4.11 Multi-page Table package (DPC)
\LTleft=\skip49
\LTright=\skip50
\LTpre=\skip51
\LTpost=\skip52
\LTchunksize=\count180
\LTcapwidth=\dimen135
\LT@head=\box42
\LT@firsthead=\box43
\LT@foot=\box44
\LT@lastfoot=\box45
\LT@cols=\count181
\LT@rows=\count182
\c@LT@tables=\count183
\c@LT@chunks=\count184
\LT@p@ftn=\toks15
)
(/usr/share/texlive/texmf-dist/tex/latex/siunitx/siunitx.sty
Package: siunitx 2017/11/26 v2.7k A comprehensive (SI) units package

(/usr/share/texlive/texmf-dist/tex/latex/amsmath/amstext.sty
Package: amstext 2000/06/29 v2.01 AMS text

(/usr/share/texlive/texmf-dist/tex/latex/amsmath/amsgen.sty
File: amsgen.sty 1999/11/30 v2.0 generic functions
\@emptytoks=\toks16
\ex@=\dimen136
))
(/usr/share/texlive/texmf-dist/tex/latex/tools/array.sty
Package: array 2016/10/06 v2.4d Tabular extension package (FMi)
\col@sep=\dimen137
\extrarowheight=\dimen138
\NC@list=\toks17
\extratabsurround=\skip53
\backup@length=\skip54
)
(/usr/share/texlive/texmf-dist/tex/latex/l3packages/l3keys2e/l3keys2e.sty
Package: l3keys2e 2018/02/21 LaTeX2e option processing using LaTeX3 keys
)
\l__siunitx_tmp_box=\box46
\l__siunitx_tmp_dim=\dimen139
\l__siunitx_tmp_int=\count185
\l__siunitx_number_mantissa_length_int=\count186
\l__siunitx_number_uncert_length_int=\count187
\l__siunitx_round_int=\count188
\l__siunitx_process_decimal_int=\count189
\l__siunitx_process_uncertainty_int=\count190
\l__siunitx_process_fixed_int=\count191
\l__siunitx_process_integer_min_int=\count192
\l__siunitx_process_precision_int=\count193
\l__siunitx_group_min_int=\count194
\l__siunitx_angle_marker_box=\box47
\l__siunitx_angle_unit_box=\box48
\l__siunitx_angle_marker_dim=\dimen140
\l__siunitx_angle_unit_dim=\dimen141
\l__siunitx_unit_int=\count195
\l__siunitx_unit_denominator_int=\count196
\l__siunitx_unit_numerator_int=\count197
\l__siunitx_unit_prefix_int=\count198
\l__siunitx_unit_prefix_base_int=\count199
\l__siunitx_unit_prefix_gram_int=\count266
\l__siunitx_number_product_int=\count267
\c__siunitx_one_fill_skip=\skip55
\l__siunitx_table_unit_align_skip=\skip56
\l__siunitx_table_exponent_dim=\dimen142
\l__siunitx_table_integer_dim=\dimen143
\l__siunitx_table_mantissa_dim=\dimen144
\l__siunitx_table_marker_dim=\dimen145
\l__siunitx_table_result_dim=\dimen146
\l__siunitx_table_uncert_dim=\dimen147
\l__siunitx_table_fill_pre_dim=\dimen148
\l__siunitx_table_fill_post_dim=\dimen149
\l__siunitx_table_fill_mid_dim=\dimen150
\l__siunitx_table_pre_box=\box49
\l__siunitx_table_post_box=\box50
\l__siunitx_table_mantissa_box=\box51
\l__siunitx_table_result_box=\box52
\l__siunitx_table_number_align_skip=\skip57
\l__siunitx_table_text_align_skip=\skip58
.................................................
. LaTeX info: "xparse/define-command"
. 
. Defining command \DeclareBinaryPrefix with sig. 'mmm' on line 7250.
.................................................
.................................................
. LaTeX info: "xparse/define-command"
. 
. Defining command \DeclareSIPostPower with sig. 'mm' on line 7253.
.................................................
.................................................
. LaTeX info: "xparse/define-command"
. 
. Defining command \DeclareSIPrefix with sig. 'mmm' on line 7256.
.................................................
.................................................
. LaTeX info: "xparse/define-command"
. 
. Defining command \DeclareSIPrePower with sig. 'mm' on line 7259.
.................................................
.................................................
. LaTeX info: "xparse/define-command"
. 
. Defining command \DeclareSIQualifier with sig. 'mm' on line 7262.
.................................................
.................................................
. LaTeX info: "xparse/define-command"
. 
. Defining command \DeclareSIUnit with sig. 'O{}mm' on line 7265.
.................................................
.................................................
. LaTeX info: "xparse/define-command"
. 
. Defining command \DeclareSIUnitWithOptions with sig. 'mmm' on line 7268.
.................................................
.................................................
. LaTeX info: "xparse/define-command"
. 
. Defining command \ang with sig. 'o>{\SplitArgument {2}{;}}m' on line 7283.
.................................................
.................................................
. LaTeX info: "xparse/define-command"
. 
. Defining command \num with sig. 'om' on line 7292.
.................................................
.................................................
. LaTeX info: "xparse/define-command"
. 
. Defining command \numlist with sig. 'o>{\SplitList {;}}m' on line 7301.
.................................................
.................................................
. LaTeX info: "xparse/define-command"
. 
. Defining command \numrange with sig. 'omm' on line 7310.
.................................................
.................................................
. LaTeX info: "xparse/define-command"
. 
. Defining command \SIlist with sig. 'o>{\SplitList {;}}mm' on line 7322.
.................................................
.................................................
. LaTeX info: "xparse/define-command"
. 
. Defining command \SIrange with sig. 'ommm' on line 7334.
.................................................
.................................................
. LaTeX info: "xparse/define-command"
. 
. Defining command \SI with sig. 'omom' on line 7346.
.................................................
.................................................
. LaTeX info: "xparse/define-command"
. 
. Defining command \sisetup with sig. 'm' on line 7349.
.................................................
.................................................
. LaTeX info: "xparse/define-command"
. 
. Defining command \tablenum with sig. 'om' on line 7364.
.................................................
.................................................
. LaTeX info: "xparse/define-command"
. 
. Defining command \si with sig. 'om' on line 7376.
.................................................
.................................................
. LaTeX info: "xparse/define-command"
. 
. Defining command \numInBookmark with sig. 'om' on line 7423.
.................................................
.................................................
. LaTeX info: "xparse/define-command"
. 
. Defining command \numrangeInBookmark with sig. 'omm' on line 7425.
.................................................
.................................................
. LaTeX info: "xparse/define-command"
. 
. Defining command \SIInBookmark with sig. 'omom' on line 7427.
.................................................
.................................................
. LaTeX info: "xparse/define-command"
. 
. Defining command \SIlistInBookmark with sig. 'omm' on line 7429.
.................................................
.................................................
. LaTeX info: "xparse/define-command"
. 
. Defining command \SIrangeInBookmark with sig. 'ommm' on line 7431.
.................................................
.................................................
. LaTeX info: "xparse/define-command"
. 
. Defining command \siInBookmark with sig. 'om' on line 7432.
.................................................
\g__file_internal_ior=\read1

(/usr/share/texlive/texmf-dist/tex/latex/translator/translator.sty
Package: translator 2018/01/04 v1.12 Easy translation of strings in LaTeX
))
(/usr/share/texlive/texmf-dist/tex/latex/graphics/graphicx.sty
Package: graphicx 2017/06/01 v1.1a Enhanced LaTeX Graphics (DPC,SPQR)

(/usr/share/texlive/texmf-dist/tex/latex/graphics/graphics.sty
Package: graphics 2017/06/25 v1.2c Standard LaTeX Graphics (DPC,SPQR)

(/usr/share/texlive/texmf-dist/tex/latex/graphics/trig.sty
Package: trig 2016/01/03 v1.10 sin cos tan (DPC)
)
(/usr/share/texlive/texmf-dist/tex/latex/graphics-cfg/graphics.cfg
File: graphics.cfg 2016/06/04 v1.11 sample graphics configuration
)
Package graphics Info: Driver file: pdftex.def on input line 99.

(/usr/share/texlive/texmf-dist/tex/latex/graphics-def/pdftex.def
File: pdftex.def 2018/01/08 v1.0l Graphics/color driver for pdftex
))
\Gin@req@height=\dimen151
\Gin@req@width=\dimen152
)
(/usr/share/texlive/texmf-dist/tex/latex/booktabs/booktabs.sty
Package: booktabs 2016/04/27 v1.618033 publication quality tables
\heavyrulewidth=\dimen153
\lightrulewidth=\dimen154
\cmidrulewidth=\dimen155
\belowrulesep=\dimen156
\belowbottomsep=\dimen157
\aboverulesep=\dimen158
\abovetopsep=\dimen159
\cmidrulesep=\dimen160
\cmidrulekern=\dimen161
\defaultaddspace=\dimen162
\@cmidla=\count268
\@cmidlb=\count269
\@aboverulesep=\dimen163
\@belowrulesep=\dimen164
\@thisruleclass=\count270
\@lastruleclass=\count271
\@thisrulewidth=\dimen165
)
(/usr/share/texlive/texmf-dist/tex/latex/caption/caption.sty
Package: caption 2016/02/21 v3.3-144 Customizing captions (AR)

(/usr/share/texlive/texmf-dist/tex/latex/caption/caption3.sty
Package: caption3 2016/05/22 v1.7-166 caption3 kernel (AR)
Package caption3 Info: TeX engine: e-TeX on input line 67.
\captionmargin=\dimen166
\captionmargin@=\dimen167
\captionwidth=\dimen168
\caption@tempdima=\dimen169
\caption@indent=\dimen170
\caption@parindent=\dimen171
\caption@hangindent=\dimen172
)
\c@ContinuedFloat=\count272
Package caption Info: longtable package is loaded.

(/usr/share/texlive/texmf-dist/tex/latex/caption/ltcaption.sty
Package: ltcaption 2013/06/09 v1.4-94 longtable captions (AR)
))
(/usr/share/texlive/texmf-dist/tex/latex/geometry/geometry.sty
Package: geometry 2010/09/12 v5.6 Page Geometry

(/usr/share/texlive/texmf-dist/tex/generic/oberdiek/ifpdf.sty
Package: ifpdf 2017/03/15 v3.2 Provides the ifpdf switch
)
(/usr/share/texlive/texmf-dist/tex/generic/oberdiek/ifvtex.sty
Package: ifvtex 2016/05/16 v1.6 Detect VTeX and its facilities (HO)
Package ifvtex Info: VTeX not detected.
)
(/usr/share/texlive/texmf-dist/tex/generic/ifxetex/ifxetex.sty
Package: ifxetex 2010/09/12 v0.6 Provides ifxetex conditional
)
\Gm@cnth=\count273
\Gm@cntv=\count274
\c@Gm@tempcnt=\count275
\Gm@bindingoffset=\dimen173
\Gm@wd@mp=\dimen174
\Gm@odd@mp=\dimen175
\Gm@even@mp=\dimen176
\Gm@layoutwidth=\dimen177
\Gm@layoutheight=\dimen178
\Gm@layouthoffset=\dimen179
\Gm@layoutvoffset=\dimen180
\Gm@dimlist=\toks18
)
(/usr/share/texlive/texmf-dist/tex/latex/koma-script/scrlayer-scrpage.sty
Package: scrlayer-scrpage 2017/09/07 v3.24 KOMA-Script package (end user interf
ace for scrlayer)

(/usr/share/texlive/texmf-dist/tex/latex/koma-script/scrlayer.sty
Package: scrlayer 2017/09/07 v3.24 KOMA-Script package (defining layers and pag
e styles)
\footheight=\skip59
Package scrlayer Info: patching LaTeX kernel macro \pagestyle on input line 199
7.
)
Package scrbase Info: Unknown processing state.
(scrbase)             Processing option `markcase=used'
(scrbase)             of member `.scrlayer-scrpage.sty' of family
(scrbase)             `KOMA' doesn't set
(scrbase)             a valid state. This will be interpreted
(scrbase)             as \FamilyKeyStateProcessed on input line 717.
)
Package scrlayer-scrpage Info: auto-selection of `pagestyleset=standard'.

1: chapter
1: chapter
1: section
.................................................
. LaTeX info: "xparse/define-environment"
. 
. Defining environment 'abbreviations' with sig. ' m ' on line 351.
.................................................
.................................................
. LaTeX info: "xparse/define-environment"
. 
. Defining environment 'constants' with sig. ' m ' on line 369.
.................................................
.................................................
. LaTeX info: "xparse/define-environment"
. 
. Defining environment 'symbols' with sig. ' m ' on line 387.
.................................................
.................................................
. LaTeX info: "xparse/define-environment"
. 
. Defining environment 'acknowledgements' with sig. '' on line 405.
.................................................
) (/usr/share/texlive/texmf-dist/tex/latex/base/inputenc.sty
Package: inputenc 2015/03/17 v1.2c Input encoding file
\inpenc@prehook=\toks19
\inpenc@posthook=\toks20

(/usr/share/texlive/texmf-dist/tex/latex/base/utf8.def
File: utf8.def 2017/01/28 v1.1t UTF-8 support for inputenc
Now handling font encoding OML ...
... no UTF-8 mapping file for font encoding OML
Now handling font encoding T1 ...
... processing UTF-8 mapping file for font encoding T1

(/usr/share/texlive/texmf-dist/tex/latex/base/t1enc.dfu
File: t1enc.dfu 2017/01/28 v1.1t UTF-8 support for inputenc
   defining Unicode char U+00A0 (decimal 160)
   defining Unicode char U+00A1 (decimal 161)
   defining Unicode char U+00A3 (decimal 163)
   defining Unicode char U+00AB (decimal 171)
   defining Unicode char U+00AD (decimal 173)
   defining Unicode char U+00BB (decimal 187)
   defining Unicode char U+00BF (decimal 191)
   defining Unicode char U+00C0 (decimal 192)
   defining Unicode char U+00C1 (decimal 193)
   defining Unicode char U+00C2 (decimal 194)
   defining Unicode char U+00C3 (decimal 195)
   defining Unicode char U+00C4 (decimal 196)
   defining Unicode char U+00C5 (decimal 197)
   defining Unicode char U+00C6 (decimal 198)
   defining Unicode char U+00C7 (decimal 199)
   defining Unicode char U+00C8 (decimal 200)
   defining Unicode char U+00C9 (decimal 201)
   defining Unicode char U+00CA (decimal 202)
   defining Unicode char U+00CB (decimal 203)
   defining Unicode char U+00CC (decimal 204)
   defining Unicode char U+00CD (decimal 205)
   defining Unicode char U+00CE (decimal 206)
   defining Unicode char U+00CF (decimal 207)
   defining Unicode char U+00D0 (decimal 208)
   defining Unicode char U+00D1 (decimal 209)
   defining Unicode char U+00D2 (decimal 210)
   defining Unicode char U+00D3 (decimal 211)
   defining Unicode char U+00D4 (decimal 212)
   defining Unicode char U+00D5 (decimal 213)
   defining Unicode char U+00D6 (decimal 214)
   defining Unicode char U+00D8 (decimal 216)
   defining Unicode char U+00D9 (decimal 217)
   defining Unicode char U+00DA (decimal 218)
   defining Unicode char U+00DB (decimal 219)
   defining Unicode char U+00DC (decimal 220)
   defining Unicode char U+00DD (decimal 221)
   defining Unicode char U+00DE (decimal 222)
   defining Unicode char U+00DF (decimal 223)
   defining Unicode char U+00E0 (decimal 224)
   defining Unicode char U+00E1 (decimal 225)
   defining Unicode char U+00E2 (decimal 226)
   defining Unicode char U+00E3 (decimal 227)
   defining Unicode char U+00E4 (decimal 228)
   defining Unicode char U+00E5 (decimal 229)
   defining Unicode char U+00E6 (decimal 230)
   defining Unicode char U+00E7 (decimal 231)
   defining Unicode char U+00E8 (decimal 232)
   defining Unicode char U+00E9 (decimal 233)
   defining Unicode char U+00EA (decimal 234)
   defining Unicode char U+00EB (decimal 235)
   defining Unicode char U+00EC (decimal 236)
   defining Unicode char U+00ED (decimal 237)
   defining Unicode char U+00EE (decimal 238)
   defining Unicode char U+00EF (decimal 239)
   defining Unicode char U+00F0 (decimal 240)
   defining Unicode char U+00F1 (decimal 241)
   defining Unicode char U+00F2 (decimal 242)
   defining Unicode char U+00F3 (decimal 243)
   defining Unicode char U+00F4 (decimal 244)
   defining Unicode char U+00F5 (decimal 245)
   defining Unicode char U+00F6 (decimal 246)
   defining Unicode char U+00F8 (decimal 248)
   defining Unicode char U+00F9 (decimal 249)
   defining Unicode char U+00FA (decimal 250)
   defining Unicode char U+00FB (decimal 251)
   defining Unicode char U+00FC (decimal 252)
   defining Unicode char U+00FD (decimal 253)
   defining Unicode char U+00FE (decimal 254)
   defining Unicode char U+00FF (decimal 255)
   defining Unicode char U+0100 (decimal 256)
   defining Unicode char U+0101 (decimal 257)
   defining Unicode char U+0102 (decimal 258)
   defining Unicode char U+0103 (decimal 259)
   defining Unicode char U+0104 (decimal 260)
   defining Unicode char U+0105 (decimal 261)
   defining Unicode char U+0106 (decimal 262)
   defining Unicode char U+0107 (decimal 263)
   defining Unicode char U+0108 (decimal 264)
   defining Unicode char U+0109 (decimal 265)
   defining Unicode char U+010A (decimal 266)
   defining Unicode char U+010B (decimal 267)
   defining Unicode char U+010C (decimal 268)
   defining Unicode char U+010D (decimal 269)
   defining Unicode char U+010E (decimal 270)
   defining Unicode char U+010F (decimal 271)
   defining Unicode char U+0110 (decimal 272)
   defining Unicode char U+0111 (decimal 273)
   defining Unicode char U+0112 (decimal 274)
   defining Unicode char U+0113 (decimal 275)
   defining Unicode char U+0114 (decimal 276)
   defining Unicode char U+0115 (decimal 277)
   defining Unicode char U+0116 (decimal 278)
   defining Unicode char U+0117 (decimal 279)
   defining Unicode char U+0118 (decimal 280)
   defining Unicode char U+0119 (decimal 281)
   defining Unicode char U+011A (decimal 282)
   defining Unicode char U+011B (decimal 283)
   defining Unicode char U+011C (decimal 284)
   defining Unicode char U+011D (decimal 285)
   defining Unicode char U+011E (decimal 286)
   defining Unicode char U+011F (decimal 287)
   defining Unicode char U+0120 (decimal 288)
   defining Unicode char U+0121 (decimal 289)
   defining Unicode char U+0122 (decimal 290)
   defining Unicode char U+0123 (decimal 291)
   defining Unicode char U+0124 (decimal 292)
   defining Unicode char U+0125 (decimal 293)
   defining Unicode char U+0128 (decimal 296)
   defining Unicode char U+0129 (decimal 297)
   defining Unicode char U+012A (decimal 298)
   defining Unicode char U+012B (decimal 299)
   defining Unicode char U+012C (decimal 300)
   defining Unicode char U+012D (decimal 301)
   defining Unicode char U+012E (decimal 302)
   defining Unicode char U+012F (decimal 303)
   defining Unicode char U+0130 (decimal 304)
   defining Unicode char U+0131 (decimal 305)
   defining Unicode char U+0132 (decimal 306)
   defining Unicode char U+0133 (decimal 307)
   defining Unicode char U+0134 (decimal 308)
   defining Unicode char U+0135 (decimal 309)
   defining Unicode char U+0136 (decimal 310)
   defining Unicode char U+0137 (decimal 311)
   defining Unicode char U+0139 (decimal 313)
   defining Unicode char U+013A (decimal 314)
   defining Unicode char U+013B (decimal 315)
   defining Unicode char U+013C (decimal 316)
   defining Unicode char U+013D (decimal 317)
   defining Unicode char U+013E (decimal 318)
   defining Unicode char U+0141 (decimal 321)
   defining Unicode char U+0142 (decimal 322)
   defining Unicode char U+0143 (decimal 323)
   defining Unicode char U+0144 (decimal 324)
   defining Unicode char U+0145 (decimal 325)
   defining Unicode char U+0146 (decimal 326)
   defining Unicode char U+0147 (decimal 327)
   defining Unicode char U+0148 (decimal 328)
   defining Unicode char U+014A (decimal 330)
   defining Unicode char U+014B (decimal 331)
   defining Unicode char U+014C (decimal 332)
   defining Unicode char U+014D (decimal 333)
   defining Unicode char U+014E (decimal 334)
   defining Unicode char U+014F (decimal 335)
   defining Unicode char U+0150 (decimal 336)
   defining Unicode char U+0151 (decimal 337)
   defining Unicode char U+0152 (decimal 338)
   defining Unicode char U+0153 (decimal 339)
   defining Unicode char U+0154 (decimal 340)
   defining Unicode char U+0155 (decimal 341)
   defining Unicode char U+0156 (decimal 342)
   defining Unicode char U+0157 (decimal 343)
   defining Unicode char U+0158 (decimal 344)
   defining Unicode char U+0159 (decimal 345)
   defining Unicode char U+015A (decimal 346)
   defining Unicode char U+015B (decimal 347)
   defining Unicode char U+015C (decimal 348)
   defining Unicode char U+015D (decimal 349)
   defining Unicode char U+015E (decimal 350)
   defining Unicode char U+015F (decimal 351)
   defining Unicode char U+0160 (decimal 352)
   defining Unicode char U+0161 (decimal 353)
   defining Unicode char U+0162 (decimal 354)
   defining Unicode char U+0163 (decimal 355)
   defining Unicode char U+0164 (decimal 356)
   defining Unicode char U+0165 (decimal 357)
   defining Unicode char U+0168 (decimal 360)
   defining Unicode char U+0169 (decimal 361)
   defining Unicode char U+016A (decimal 362)
   defining Unicode char U+016B (decimal 363)
   defining Unicode char U+016C (decimal 364)
   defining Unicode char U+016D (decimal 365)
   defining Unicode char U+016E (decimal 366)
   defining Unicode char U+016F (decimal 367)
   defining Unicode char U+0170 (decimal 368)
   defining Unicode char U+0171 (decimal 369)
   defining Unicode char U+0172 (decimal 370)
   defining Unicode char U+0173 (decimal 371)
   defining Unicode char U+0174 (decimal 372)
   defining Unicode char U+0175 (decimal 373)
   defining Unicode char U+0176 (decimal 374)
   defining Unicode char U+0177 (decimal 375)
   defining Unicode char U+0178 (decimal 376)
   defining Unicode char U+0179 (decimal 377)
   defining Unicode char U+017A (decimal 378)
   defining Unicode char U+017B (decimal 379)
   defining Unicode char U+017C (decimal 380)
   defining Unicode char U+017D (decimal 381)
   defining Unicode char U+017E (decimal 382)
   defining Unicode char U+01CD (decimal 461)
   defining Unicode char U+01CE (decimal 462)
   defining Unicode char U+01CF (decimal 463)
   defining Unicode char U+01D0 (decimal 464)
   defining Unicode char U+01D1 (decimal 465)
   defining Unicode char U+01D2 (decimal 466)
   defining Unicode char U+01D3 (decimal 467)
   defining Unicode char U+01D4 (decimal 468)
   defining Unicode char U+01E2 (decimal 482)
   defining Unicode char U+01E3 (decimal 483)
   defining Unicode char U+01E6 (decimal 486)
   defining Unicode char U+01E7 (decimal 487)
   defining Unicode char U+01E8 (decimal 488)
   defining Unicode char U+01E9 (decimal 489)
   defining Unicode char U+01EA (decimal 490)
   defining Unicode char U+01EB (decimal 491)
   defining Unicode char U+01F0 (decimal 496)
   defining Unicode char U+01F4 (decimal 500)
   defining Unicode char U+01F5 (decimal 501)
   defining Unicode char U+0218 (decimal 536)
   defining Unicode char U+0219 (decimal 537)
   defining Unicode char U+021A (decimal 538)
   defining Unicode char U+021B (decimal 539)
   defining Unicode char U+0232 (decimal 562)
   defining Unicode char U+0233 (decimal 563)
   defining Unicode char U+1E02 (decimal 7682)
   defining Unicode char U+1E03 (decimal 7683)
   defining Unicode char U+200C (decimal 8204)
   defining Unicode char U+2010 (decimal 8208)
   defining Unicode char U+2011 (decimal 8209)
   defining Unicode char U+2012 (decimal 8210)
   defining Unicode char U+2013 (decimal 8211)
   defining Unicode char U+2014 (decimal 8212)
   defining Unicode char U+2015 (decimal 8213)
   defining Unicode char U+2018 (decimal 8216)
   defining Unicode char U+2019 (decimal 8217)
   defining Unicode char U+201A (decimal 8218)
   defining Unicode char U+201C (decimal 8220)
   defining Unicode char U+201D (decimal 8221)
   defining Unicode char U+201E (decimal 8222)
   defining Unicode char U+2030 (decimal 8240)
   defining Unicode char U+2031 (decimal 8241)
   defining Unicode char U+2039 (decimal 8249)
   defining Unicode char U+203A (decimal 8250)
   defining Unicode char U+2423 (decimal 9251)
   defining Unicode char U+1E20 (decimal 7712)
   defining Unicode char U+1E21 (decimal 7713)
)
Now handling font encoding OT1 ...
... processing UTF-8 mapping file for font encoding OT1

(/usr/share/texlive/texmf-dist/tex/latex/base/ot1enc.dfu
File: ot1enc.dfu 2017/01/28 v1.1t UTF-8 support for inputenc
   defining Unicode char U+00A0 (decimal 160)
   defining Unicode char U+00A1 (decimal 161)
   defining Unicode char U+00A3 (decimal 163)
   defining Unicode char U+00AD (decimal 173)
   defining Unicode char U+00B8 (decimal 184)
   defining Unicode char U+00BF (decimal 191)
   defining Unicode char U+00C5 (decimal 197)
   defining Unicode char U+00C6 (decimal 198)
   defining Unicode char U+00D8 (decimal 216)
   defining Unicode char U+00DF (decimal 223)
   defining Unicode char U+00E6 (decimal 230)
   defining Unicode char U+00EC (decimal 236)
   defining Unicode char U+00ED (decimal 237)
   defining Unicode char U+00EE (decimal 238)
   defining Unicode char U+00EF (decimal 239)
   defining Unicode char U+00F8 (decimal 248)
   defining Unicode char U+0131 (decimal 305)
   defining Unicode char U+0141 (decimal 321)
   defining Unicode char U+0142 (decimal 322)
   defining Unicode char U+0152 (decimal 338)
   defining Unicode char U+0153 (decimal 339)
   defining Unicode char U+0174 (decimal 372)
   defining Unicode char U+0175 (decimal 373)
   defining Unicode char U+0176 (decimal 374)
   defining Unicode char U+0177 (decimal 375)
   defining Unicode char U+0218 (decimal 536)
   defining Unicode char U+0219 (decimal 537)
   defining Unicode char U+021A (decimal 538)
   defining Unicode char U+021B (decimal 539)
   defining Unicode char U+2013 (decimal 8211)
   defining Unicode char U+2014 (decimal 8212)
   defining Unicode char U+2018 (decimal 8216)
   defining Unicode char U+2019 (decimal 8217)
   defining Unicode char U+201C (decimal 8220)
   defining Unicode char U+201D (decimal 8221)
)
Now handling font encoding OMS ...
... processing UTF-8 mapping file for font encoding OMS

(/usr/share/texlive/texmf-dist/tex/latex/base/omsenc.dfu
File: omsenc.dfu 2017/01/28 v1.1t UTF-8 support for inputenc
   defining Unicode char U+00A7 (decimal 167)
   defining Unicode char U+00B6 (decimal 182)
   defining Unicode char U+00B7 (decimal 183)
   defining Unicode char U+2020 (decimal 8224)
   defining Unicode char U+2021 (decimal 8225)
   defining Unicode char U+2022 (decimal 8226)
)
Now handling font encoding OMX ...
... no UTF-8 mapping file for font encoding OMX
Now handling font encoding U ...
... no UTF-8 mapping file for font encoding U
   defining Unicode char U+00A9 (decimal 169)
   defining Unicode char U+00AA (decimal 170)
   defining Unicode char U+00AE (decimal 174)
   defining Unicode char U+00BA (decimal 186)
   defining Unicode char U+02C6 (decimal 710)
   defining Unicode char U+02DC (decimal 732)
   defining Unicode char U+200C (decimal 8204)
   defining Unicode char U+2026 (decimal 8230)
   defining Unicode char U+2122 (decimal 8482)
   defining Unicode char U+2423 (decimal 9251)
))
(/usr/share/texlive/texmf-dist/tex/latex/base/fontenc.sty
Package: fontenc 2017/04/05 v2.0i Standard LaTeX package

(/usr/share/texlive/texmf-dist/tex/latex/base/t1enc.def
File: t1enc.def 2017/04/05 v2.0i Standard LaTeX file
LaTeX Font Info:    Redeclaring font encoding T1 on input line 48.
))
(/usr/share/texlive/texmf-dist/tex/latex/amsmath/amsmath.sty
Package: amsmath 2017/09/02 v2.17a AMS math features
\@mathmargin=\skip60

For additional information on amsmath, use the `?' option.
(/usr/share/texlive/texmf-dist/tex/latex/amsmath/amsbsy.sty
Package: amsbsy 1999/11/29 v1.2d Bold Symbols
\pmbraise@=\dimen181
)
(/usr/share/texlive/texmf-dist/tex/latex/amsmath/amsopn.sty
Package: amsopn 2016/03/08 v2.02 operator names
)
\inf@bad=\count276
LaTeX Info: Redefining \frac on input line 213.
\uproot@=\count277
\leftroot@=\count278
LaTeX Info: Redefining \overline on input line 375.
\classnum@=\count279
\DOTSCASE@=\count280
LaTeX Info: Redefining \ldots on input line 472.
LaTeX Info: Redefining \dots on input line 475.
LaTeX Info: Redefining \cdots on input line 596.
\Mathstrutbox@=\box53
\strutbox@=\box54
\big@size=\dimen182
LaTeX Font Info:    Redeclaring font encoding OML on input line 712.
LaTeX Font Info:    Redeclaring font encoding OMS on input line 713.
\macc@depth=\count281
\c@MaxMatrixCols=\count282
\dotsspace@=\muskip16
\c@parentequation=\count283
\dspbrk@lvl=\count284
\tag@help=\toks21
\row@=\count285
\column@=\count286
\maxfields@=\count287
\andhelp@=\toks22
\eqnshift@=\dimen183
\alignsep@=\dimen184
\tagshift@=\dimen185
\tagwidth@=\dimen186
\totwidth@=\dimen187
\lineht@=\dimen188
\@envbody=\toks23
\multlinegap=\skip61
\multlinetaggap=\skip62
\mathdisplay@stack=\toks24
LaTeX Info: Redefining \[ on input line 2817.
LaTeX Info: Redefining \] on input line 2818.
)
(/usr/share/texlive/texmf-dist/tex/latex/psnfss/palatino.sty
Package: palatino 2005/04/12 PSNFSS-v9.2a (SPQR) 
)
(/usr/share/texlive/texmf-dist/tex/latex/comment/comment.sty
\CommentStream=\write3

Excluding comment 'comment')
(/usr/share/texlive/texmf-dist/tex/latex/subfigure/subfigure.sty
Package: subfigure 2002/03/15 v2.1.5 subfigure package
\subfigtopskip=\skip63
\subfigcapskip=\skip64
\subfigcaptopadj=\dimen189
\subfigbottomskip=\skip65
\subfigcapmargin=\dimen190
\subfiglabelskip=\skip66
\c@subfigure=\count288
\c@lofdepth=\count289
\c@subtable=\count290
\c@lotdepth=\count291

****************************************
* Local config file subfigure.cfg used *
****************************************
(/usr/share/texlive/texmf-dist/tex/latex/subfigure/subfigure.cfg)
\subfig@top=\skip67
\subfig@bottom=\skip68
)
(/usr/share/texlive/texmf-dist/tex/latex/graphics/rotating.sty
Package: rotating 2016/08/11 v2.16d rotated objects in LaTeX

(/usr/share/texlive/texmf-dist/tex/latex/base/ifthen.sty
Package: ifthen 2014/09/29 v1.1c Standard LaTeX ifthen package (DPC)
)
\c@r@tfl@t=\count292
\rotFPtop=\skip69
\rotFPbot=\skip70
\rot@float@box=\box55
\rot@mess@toks=\toks25
)
(/usr/share/texlive/texmf-dist/tex/latex/hyperref/hyperref.sty
Package: hyperref 2018/02/06 v6.86b Hypertext links for LaTeX

(/usr/share/texlive/texmf-dist/tex/generic/oberdiek/hobsub-hyperref.sty
Package: hobsub-hyperref 2016/05/16 v1.14 Bundle oberdiek, subset hyperref (HO)


(/usr/share/texlive/texmf-dist/tex/generic/oberdiek/hobsub-generic.sty
Package: hobsub-generic 2016/05/16 v1.14 Bundle oberdiek, subset generic (HO)
Package: hobsub 2016/05/16 v1.14 Construct package bundles (HO)
Package: infwarerr 2016/05/16 v1.4 Providing info/warning/error messages (HO)
Package: ltxcmds 2016/05/16 v1.23 LaTeX kernel commands for general use (HO)
Package: ifluatex 2016/05/16 v1.4 Provides the ifluatex switch (HO)
Package ifluatex Info: LuaTeX not detected.
Package hobsub Info: Skipping package `ifvtex' (already loaded).
Package: intcalc 2016/05/16 v1.2 Expandable calculations with integers (HO)
Package hobsub Info: Skipping package `ifpdf' (already loaded).
Package: etexcmds 2016/05/16 v1.6 Avoid name clashes with e-TeX commands (HO)
Package etexcmds Info: Could not find \expanded.
(etexcmds)             That can mean that you are not using pdfTeX 1.50 or
(etexcmds)             that some package has redefined \expanded.
(etexcmds)             In the latter case, load this package earlier.
Package: kvsetkeys 2016/05/16 v1.17 Key value parser (HO)
Package: kvdefinekeys 2016/05/16 v1.4 Define keys (HO)
Package: pdftexcmds 2018/01/21 v0.26 Utility functions of pdfTeX for LuaTeX (HO
)
Package pdftexcmds Info: LuaTeX not detected.
Package pdftexcmds Info: \pdf@primitive is available.
Package pdftexcmds Info: \pdf@ifprimitive is available.
Package pdftexcmds Info: \pdfdraftmode found.
Package: pdfescape 2016/05/16 v1.14 Implements pdfTeX's escape features (HO)
Package: bigintcalc 2016/05/16 v1.4 Expandable calculations on big integers (HO
)
Package: bitset 2016/05/16 v1.2 Handle bit-vector datatype (HO)
Package: uniquecounter 2016/05/16 v1.3 Provide unlimited unique counter (HO)
)
Package hobsub Info: Skipping package `hobsub' (already loaded).
Package: letltxmacro 2016/05/16 v1.5 Let assignment for LaTeX macros (HO)
Package: hopatch 2016/05/16 v1.3 Wrapper for package hooks (HO)
Package: xcolor-patch 2016/05/16 xcolor patch
Package: atveryend 2016/05/16 v1.9 Hooks at the very end of document (HO)
Package: atbegshi 2016/06/09 v1.18 At begin shipout hook (HO)
Package: refcount 2016/05/16 v3.5 Data extraction from label references (HO)
Package: hycolor 2016/05/16 v1.8 Color options for hyperref/bookmark (HO)
)
(/usr/share/texlive/texmf-dist/tex/latex/oberdiek/auxhook.sty
Package: auxhook 2016/05/16 v1.4 Hooks for auxiliary files (HO)
)
(/usr/share/texlive/texmf-dist/tex/latex/oberdiek/kvoptions.sty
Package: kvoptions 2016/05/16 v3.12 Key value format for package options (HO)
)
\@linkdim=\dimen191
\Hy@linkcounter=\count293
\Hy@pagecounter=\count294

(/usr/share/texlive/texmf-dist/tex/latex/hyperref/pd1enc.def
File: pd1enc.def 2018/02/06 v6.86b Hyperref: PDFDocEncoding definition (HO)
Now handling font encoding PD1 ...
... no UTF-8 mapping file for font encoding PD1
)
\Hy@SavedSpaceFactor=\count295

(/usr/share/texlive/texmf-dist/tex/latex/latexconfig/hyperref.cfg
File: hyperref.cfg 2002/06/06 v1.2 hyperref configuration of TeXLive
)
Package hyperref Info: Hyper figures OFF on input line 4509.
Package hyperref Info: Link nesting OFF on input line 4514.
Package hyperref Info: Hyper index ON on input line 4517.
Package hyperref Info: Plain pages OFF on input line 4524.
Package hyperref Info: Backreferencing OFF on input line 4529.
Package hyperref Info: Implicit mode ON; LaTeX internals redefined.
Package hyperref Info: Bookmarks ON on input line 4762.
\c@Hy@tempcnt=\count296

(/usr/share/texlive/texmf-dist/tex/latex/url/url.sty
\Urlmuskip=\muskip17
Package: url 2013/09/16  ver 3.4  Verb mode for urls, etc.
)
LaTeX Info: Redefining \url on input line 5115.
\XeTeXLinkMargin=\dimen192
\Fld@menulength=\count297
\Field@Width=\dimen193
\Fld@charsize=\dimen194
Package hyperref Info: Hyper figures OFF on input line 6369.
Package hyperref Info: Link nesting OFF on input line 6374.
Package hyperref Info: Hyper index ON on input line 6377.
Package hyperref Info: backreferencing OFF on input line 6384.
Package hyperref Info: Link coloring OFF on input line 6389.
Package hyperref Info: Link coloring with OCG OFF on input line 6394.
Package hyperref Info: PDF/A mode OFF on input line 6399.
LaTeX Info: Redefining \ref on input line 6439.
LaTeX Info: Redefining \pageref on input line 6443.
\Hy@abspage=\count298
\c@Item=\count299
\c@Hfootnote=\count300
)
Package scrhack Info: hyperref hack deactivated because of
(scrhack)             detection of hyperref version, that doesn't
(scrhack)             need that hack, on input line 140.
Package hyperref Info: Driver (autodetected): hpdftex.

(/usr/share/texlive/texmf-dist/tex/latex/hyperref/hpdftex.def
File: hpdftex.def 2018/02/06 v6.86b Hyperref driver for pdfTeX
\Fld@listcount=\count301
\c@bookmark@seq@number=\count302

(/usr/share/texlive/texmf-dist/tex/latex/oberdiek/rerunfilecheck.sty
Package: rerunfilecheck 2016/05/16 v1.8 Rerun checks for auxiliary files (HO)
Package uniquecounter Info: New unique counter `rerunfilecheck' on input line 2
82.
)
\Hy@SectionHShift=\skip71
)
(/usr/share/texmf/tex/latex/CJK/CJK.sty
Package: CJK 2015/04/18 4.8.4

(/usr/share/texmf/tex/latex/CJK/mule/MULEenc.sty
Package: MULEenc 2015/04/18 4.8.4
)
(/usr/share/texmf/tex/latex/CJK/CJK.enc
File: CJK.enc 2015/04/18 4.8.4
Now handling font encoding C00 ...
... no UTF-8 mapping file for font encoding C00
Now handling font encoding C05 ...
... no UTF-8 mapping file for font encoding C05
Now handling font encoding C09 ...
... no UTF-8 mapping file for font encoding C09
Now handling font encoding C10 ...
... no UTF-8 mapping file for font encoding C10
Now handling font encoding C20 ...
... no UTF-8 mapping file for font encoding C20
Now handling font encoding C19 ...
... no UTF-8 mapping file for font encoding C19
Now handling font encoding C40 ...
... no UTF-8 mapping file for font encoding C40
Now handling font encoding C42 ...
... no UTF-8 mapping file for font encoding C42
Now handling font encoding C43 ...
... no UTF-8 mapping file for font encoding C43
Now handling font encoding C50 ...
... no UTF-8 mapping file for font encoding C50
Now handling font encoding C52 ...
... no UTF-8 mapping file for font encoding C52
Now handling font encoding C49 ...
... no UTF-8 mapping file for font encoding C49
Now handling font encoding C60 ...
... no UTF-8 mapping file for font encoding C60
Now handling font encoding C61 ...
... no UTF-8 mapping file for font encoding C61
Now handling font encoding C63 ...
... no UTF-8 mapping file for font encoding C63
Now handling font encoding C64 ...
... no UTF-8 mapping file for font encoding C64
Now handling font encoding C65 ...
... no UTF-8 mapping file for font encoding C65
Now handling font encoding C70 ...
... no UTF-8 mapping file for font encoding C70
Now handling font encoding C31 ...
... no UTF-8 mapping file for font encoding C31
Now handling font encoding C32 ...
... no UTF-8 mapping file for font encoding C32
Now handling font encoding C33 ...
... no UTF-8 mapping file for font encoding C33
Now handling font encoding C34 ...
... no UTF-8 mapping file for font encoding C34
Now handling font encoding C35 ...
... no UTF-8 mapping file for font encoding C35
Now handling font encoding C36 ...
... no UTF-8 mapping file for font encoding C36
Now handling font encoding C37 ...
... no UTF-8 mapping file for font encoding C37
Now handling font encoding C80 ...
... no UTF-8 mapping file for font encoding C80
Now handling font encoding C81 ...
... no UTF-8 mapping file for font encoding C81
Now handling font encoding C01 ...
... no UTF-8 mapping file for font encoding C01
Now handling font encoding C11 ...
... no UTF-8 mapping file for font encoding C11
Now handling font encoding C21 ...
... no UTF-8 mapping file for font encoding C21
Now handling font encoding C41 ...
... no UTF-8 mapping file for font encoding C41
Now handling font encoding C62 ...
... no UTF-8 mapping file for font encoding C62
)
LaTeX Info: Redefining \selectfont on input line 755.
\CJK@indent=\box56
)
(/usr/share/texlive/texmf-dist/tex/latex/lineno/lineno.sty
Package: lineno 2005/11/02 line numbers on paragraphs v4.41
\linenopenalty=\count303
\output=\toks26
\linenoprevgraf=\count304
\linenumbersep=\dimen195
\linenumberwidth=\dimen196
\c@linenumber=\count305
\c@pagewiselinenumber=\count306
\c@LN@truepage=\count307
\c@internallinenumber=\count308
\c@internallinenumbers=\count309
\quotelinenumbersep=\dimen197
\bframerule=\dimen198
\bframesep=\dimen199
\bframebox=\box57
LaTeX Info: Redefining \\ on input line 3056.
)
(/usr/share/texlive/texmf-dist/tex/latex/adjustbox/adjustbox.sty
Package: adjustbox 2012/05/21 v1.0 Adjusting TeX boxes (trim, clip, ...)

(/usr/share/texlive/texmf-dist/tex/latex/xkeyval/xkeyval.sty
Package: xkeyval 2014/12/03 v2.7a package option processing (HA)

(/usr/share/texlive/texmf-dist/tex/generic/xkeyval/xkeyval.tex
(/usr/share/texlive/texmf-dist/tex/generic/xkeyval/xkvutils.tex
\XKV@toks=\toks27
\XKV@tempa@toks=\toks28
)
\XKV@depth=\count310
File: xkeyval.tex 2014/12/03 v2.7a key=value parser (HA)
))
(/usr/share/texlive/texmf-dist/tex/latex/adjustbox/adjcalc.sty
Package: adjcalc 2012/05/16 v1.1 Provides advanced setlength with multiple back
-ends (calc, etex, pgfmath)
)
(/usr/share/texlive/texmf-dist/tex/latex/adjustbox/trimclip.sty
Package: trimclip 2012/05/16 v1.0 Trim and clip general TeX material

(/usr/share/texlive/texmf-dist/tex/latex/collectbox/collectbox.sty
Package: collectbox 2012/05/17 v0.4b Collect macro arguments as boxes
\collectedbox=\box58
)
\tc@llx=\dimen256
\tc@lly=\dimen257
\tc@urx=\dimen258
\tc@ury=\dimen259
Package trimclip Info: Using driver 'tc-pdftex.def'.

(/usr/share/texlive/texmf-dist/tex/latex/adjustbox/tc-pdftex.def
File: tc-pdftex.def 2012/05/13 v1.0 Clipping driver for pdftex
))
\adjbox@Width=\dimen260
\adjbox@Height=\dimen261
\adjbox@Depth=\dimen262
\adjbox@Totalheight=\dimen263

(/usr/share/texlive/texmf-dist/tex/latex/ifoddpage/ifoddpage.sty
Package: ifoddpage 2016/04/23 v1.1 Conditionals for odd/even page detection
\c@checkoddpage=\count311
)
(/usr/share/texlive/texmf-dist/tex/latex/varwidth/varwidth.sty
Package: varwidth 2009/03/30 ver 0.92;  Variable-width minipages
\@vwid@box=\box59
\sift@deathcycles=\count312
\@vwid@loff=\dimen264
\@vwid@roff=\dimen265
))
(/usr/share/texlive/texmf-dist/tex/latex/csquotes/csquotes.sty
Package: csquotes 2018/02/11 v5.2c context-sensitive quotations (JAW)
\csq@reset=\count313
\csq@gtype=\count314
\csq@glevel=\count315
\csq@qlevel=\count316
\csq@maxlvl=\count317
\csq@tshold=\count318
\csq@ltx@everypar=\toks29

(/usr/share/texlive/texmf-dist/tex/latex/csquotes/csquotes.def
File: csquotes.def 2018/02/11 v5.2c csquotes generic definitions (JAW)
)
Package csquotes Info: Trying to load configuration file 'csquotes.cfg'...
Package csquotes Info: ... configuration file loaded successfully.

(/usr/share/texlive/texmf-dist/tex/latex/csquotes/csquotes.cfg
File: csquotes.cfg 
)
Package csquotes Info: Enabling multilingual quotes.
)
(/usr/share/texlive/texmf-dist/tex/latex/jknapltx/mathrsfs.sty
Package: mathrsfs 1996/01/01 Math RSFS package v1.0 (jk)
\symrsfs=\mathgroup4
)
(/usr/share/texlive/texmf-dist/tex/latex/biblatex/biblatex.sty
Package: biblatex 2017/12/19 v3.10 programmable bibliographies (PK/JW/AB)

(/usr/share/texlive/texmf-dist/tex/latex/logreq/logreq.sty
Package: logreq 2010/08/04 v1.0 xml request logger
\lrq@indent=\count319

(/usr/share/texlive/texmf-dist/tex/latex/logreq/logreq.def
File: logreq.def 2010/08/04 v1.0 logreq spec v1.0
))
(/usr/share/texlive/texmf-dist/tex/generic/xstring/xstring.sty
(/usr/share/texlive/texmf-dist/tex/generic/xstring/xstring.tex
\@xs@message=\write4
\integerpart=\count320
\decimalpart=\count321
)
Package: xstring 2013/10/13  v1.7c  String manipulations (C Tellechea)
)
\c@tabx@nest=\count322
\c@listtotal=\count323
\c@listcount=\count324
\c@liststart=\count325
\c@liststop=\count326
\c@citecount=\count327
\c@citetotal=\count328
\c@multicitecount=\count329
\c@multicitetotal=\count330
\c@instcount=\count331
\c@maxnames=\count332
\c@minnames=\count333
\c@maxitems=\count334
\c@minitems=\count335
\c@citecounter=\count336
\c@savedcitecounter=\count337
\c@uniquelist=\count338
\c@uniquename=\count339
\c@refsection=\count340
\c@refsegment=\count341
\c@maxextratitle=\count342
\c@maxextratitleyear=\count343
\c@maxextradate=\count344
\c@maxextraalpha=\count345
\c@abbrvpenalty=\count346
\c@highnamepenalty=\count347
\c@lownamepenalty=\count348
\c@maxparens=\count349
\c@parenlevel=\count350
\blx@tempcnta=\count351
\blx@tempcntb=\count352
\blx@tempcntc=\count353
\blx@maxsection=\count354
\blx@maxsegment@0=\count355
\blx@notetype=\count356
\blx@parenlevel@text=\count357
\blx@parenlevel@foot=\count358
\blx@sectionciteorder@0=\count359
\labelnumberwidth=\skip72
\labelalphawidth=\skip73
\biblabelsep=\skip74
\bibitemsep=\skip75
\bibnamesep=\skip76
\bibinitsep=\skip77
\bibparsep=\skip78
\bibhang=\skip79
\blx@bcfin=\read2
\blx@bcfout=\write5
\c@mincomprange=\count360
\c@maxcomprange=\count361
\c@mincompwidth=\count362
Package biblatex Info: Trying to load biblatex default data model...
Package biblatex Info: ... file 'blx-dm.def' found.

(/usr/share/texlive/texmf-dist/tex/latex/biblatex/blx-dm.def)
Package biblatex Info: Trying to load biblatex style data model...
Package biblatex Info: ... file 'numeric.dbx' not found.
Package biblatex Info: Trying to load biblatex custom data model...
Package biblatex Info: ... file 'biblatex-dm.cfg' not found.
\c@afterword=\count363
\c@savedafterword=\count364
\c@annotator=\count365
\c@savedannotator=\count366
\c@author=\count367
\c@savedauthor=\count368
\c@bookauthor=\count369
\c@savedbookauthor=\count370
\c@commentator=\count371
\c@savedcommentator=\count372
\c@editor=\count373
\c@savededitor=\count374
\c@editora=\count375
\c@savededitora=\count376
\c@editorb=\count377
\c@savededitorb=\count378
\c@editorc=\count379
\c@savededitorc=\count380
\c@foreword=\count381
\c@savedforeword=\count382
\c@holder=\count383
\c@savedholder=\count384
\c@introduction=\count385
\c@savedintroduction=\count386
\c@namea=\count387
\c@savednamea=\count388
\c@nameb=\count389
\c@savednameb=\count390
\c@namec=\count391
\c@savednamec=\count392
\c@translator=\count393
\c@savedtranslator=\count394
\c@shortauthor=\count395
\c@savedshortauthor=\count396
\c@shorteditor=\count397
\c@savedshorteditor=\count398
\c@labelname=\count399
\c@savedlabelname=\count400
\c@institution=\count401
\c@savedinstitution=\count402
\c@lista=\count403
\c@savedlista=\count404
\c@listb=\count405
\c@savedlistb=\count406
\c@listc=\count407
\c@savedlistc=\count408
\c@listd=\count409
\c@savedlistd=\count410
\c@liste=\count411
\c@savedliste=\count412
\c@listf=\count413
\c@savedlistf=\count414
\c@location=\count415
\c@savedlocation=\count416
\c@organization=\count417
\c@savedorganization=\count418
\c@origlocation=\count419
\c@savedoriglocation=\count420
\c@origpublisher=\count421
\c@savedorigpublisher=\count422
\c@publisher=\count423
\c@savedpublisher=\count424
\c@language=\count425
\c@savedlanguage=\count426
\c@origlanguage=\count427
\c@savedoriglanguage=\count428
\c@pageref=\count429
\c@savedpageref=\count430
\shorthandwidth=\skip80
\shortjournalwidth=\skip81
\shortserieswidth=\skip82
\shorttitlewidth=\skip83
\shortauthorwidth=\skip84
\shorteditorwidth=\skip85
Package biblatex Info: Trying to load compatibility code...
Package biblatex Info: ... file 'blx-compat.def' found.

(/usr/share/texlive/texmf-dist/tex/latex/biblatex/blx-compat.def
File: blx-compat.def 2017/12/19 v3.10 biblatex compatibility (PK/JW/AB)
)
Package biblatex Info: Trying to load BibTeX backend compatibility...
Package biblatex Info: ... file 'blx-bibtex.def' found.

(/usr/share/texlive/texmf-dist/tex/latex/biblatex/blx-bibtex.def
File: blx-bibtex.def 2017/12/19 v3.10 biblatex compatibility (PK/JW/AB)


Package biblatex Warning: Using fall-back BibTeX(8) backend:
(biblatex)                functionality may be reduced/unavailable.

)
Package biblatex Info: Trying to load generic definitions...
Package biblatex Info: ... file 'biblatex.def' found.
 (/usr/share/texlive/texmf-dist/tex/latex/biblatex/biblatex.def
File: biblatex.def 2017/12/19 v3.10 biblatex compatibility (PK/JW/AB)
\c@textcitecount=\count431
\c@textcitetotal=\count432
\c@textcitemaxnames=\count433
\c@biburlnumpenalty=\count434
\c@biburlucpenalty=\count435
\c@biburllcpenalty=\count436
\c@smartand=\count437
)
Package biblatex Info: Trying to load natbib compatibility...
Package biblatex Info: ... file 'blx-natbib.def' found.

(/usr/share/texlive/texmf-dist/tex/latex/biblatex/blx-natbib.def
File: blx-natbib.def 2017/12/19 v3.10 biblatex compatibility (PK/JW/AB)
)
Package biblatex Info: Trying to load bibliography style 'numeric'...
Package biblatex Info: ... file 'numeric.bbx' found.

(/usr/share/texlive/texmf-dist/tex/latex/biblatex/bbx/numeric.bbx
File: numeric.bbx 2017/12/19 v3.10 biblatex bibliography style (PK/JW/AB)
Package biblatex Info: Trying to load bibliography style 'standard'...
Package biblatex Info: ... file 'standard.bbx' found.

(/usr/share/texlive/texmf-dist/tex/latex/biblatex/bbx/standard.bbx
File: standard.bbx 2017/12/19 v3.10 biblatex bibliography style (PK/JW/AB)
\c@bbx:relatedcount=\count438
\c@bbx:relatedtotal=\count439
))
Package biblatex Info: Trying to load citation style 'numeric'...
Package biblatex Info: ... file 'numeric.cbx' found.

(/usr/share/texlive/texmf-dist/tex/latex/biblatex/cbx/numeric.cbx
File: numeric.cbx 2017/12/19 v3.10 biblatex citation style (PK/JW/AB)
Package biblatex Info: Redefining '\cite'.
Package biblatex Info: Redefining '\parencite'.
Package biblatex Info: Redefining '\footcite'.
Package biblatex Info: Redefining '\footcitetext'.
Package biblatex Info: Redefining '\smartcite'.
Package biblatex Info: Redefining '\supercite'.
Package biblatex Info: Redefining '\textcite'.
Package biblatex Info: Redefining '\textcites'.
Package biblatex Info: Redefining '\cites'.
Package biblatex Info: Redefining '\parencites'.
Package biblatex Info: Redefining '\smartcites'.
)
Package biblatex Info: Trying to load configuration file...
Package biblatex Info: ... file 'biblatex.cfg' found.

(/usr/share/texlive/texmf-dist/tex/latex/biblatex/biblatex.cfg
File: biblatex.cfg 
))
Package hyperref Info: Option `bookmarksopen' set `true' on input line 214.
Package hyperref Info: Option `hypertexnames' set `false' on input line 214.
Package hyperref Info: Option `colorlinks' set `true' on input line 214.
Package hyperref Info: Option `unicode' set `true' on input line 214.

(/usr/share/texlive/texmf-dist/tex/latex/hyperref/puenc.def
File: puenc.def 2018/02/06 v6.86b Hyperref: PDF Unicode definition (HO)
Now handling font encoding PU ...
... no UTF-8 mapping file for font encoding PU
)
Package hyperref Info: Option `breaklinks' set `true' on input line 214.
Package csquotes Info: Checking for multilingual support...
Package csquotes Info: ... found 'babel' package.
Package biblatex Info: Trying to load language 'english'...
Package biblatex Info: ... file 'english.lbx' found.

(/usr/share/texlive/texmf-dist/tex/latex/biblatex/lbx/english.lbx
File: english.lbx 2017/12/19 v3.10 biblatex localization (PK/JW/AB)
)
(./main_simple.aux (./Chapters/chinese_abstract.aux) (./Chapters/abstract.aux)
(./Chapters/introduction.aux) (./Chapters/Chapter_1.aux)
(./Chapters/Chapter_2.aux) (./Chapters/Chapter_2_CMS.aux)
(./Chapters/Chapter_3.aux

LaTeX Warning: Label `sec:track_reco' multiply defined.

)

LaTeX Warning: Label `sec:Systematics' multiply defined.


LaTeX Warning: Label `fig:sigfits-asimov-SM-pT4l-4l:b' multiply defined.


LaTeX Warning: Label `sub@fig:sigfits-asimov-SM-pT4l-4l:b' multiply defined.


LaTeX Warning: Label `fig:sigfits-asimov-SM-pT4l-4l:c' multiply defined.


LaTeX Warning: Label `sub@fig:sigfits-asimov-SM-pT4l-4l:c' multiply defined.


LaTeX Warning: Label `fig:sigfits-asimov-SM-pT4l-4l:d' multiply defined.


LaTeX Warning: Label `sub@fig:sigfits-asimov-SM-pT4l-4l:d' multiply defined.

(./Chapters/Chapter_7.aux) (./publication_list_tahir_javaid_test.aux)
(./conferences_tahir_javaid.aux)

LaTeX Warning: Label `fig:sigfits-pT4l-ggH-powheg15-JHUgen-125-maintext:a' mult
iply defined.


LaTeX Warning: Label `sub@fig:sigfits-pT4l-ggH-powheg15-JHUgen-125-maintext:a' 
multiply defined.


LaTeX Warning: Label `fig:sigfits-pT4l-ggH-powheg15-JHUgen-125-maintext:b' mult
iply defined.


LaTeX Warning: Label `sub@fig:sigfits-pT4l-ggH-powheg15-JHUgen-125-maintext:b' 
multiply defined.


LaTeX Warning: Label `fig:sigfits-pT4l-ggH-powheg15-JHUgen-125-maintext:c' mult
iply defined.


LaTeX Warning: Label `sub@fig:sigfits-pT4l-ggH-powheg15-JHUgen-125-maintext:c' 
multiply defined.


LaTeX Warning: Label `fig:sigfits-pT4l-ggH-powheg15-JHUgen-125-maintext:d' mult
iply defined.


LaTeX Warning: Label `sub@fig:sigfits-pT4l-ggH-powheg15-JHUgen-125-maintext:d' 
multiply defined.


LaTeX Warning: Label `fig:sigfits-pT4l-ggH-powheg15-JHUgen-125-maintext:e' mult
iply defined.


LaTeX Warning: Label `sub@fig:sigfits-pT4l-ggH-powheg15-JHUgen-125-maintext:e' 
multiply defined.


LaTeX Warning: Label `fig:sigfits-pT4l-ggH-powheg15-JHUgen-125-maintext:f' mult
iply defined.


LaTeX Warning: Label `sub@fig:sigfits-pT4l-ggH-powheg15-JHUgen-125-maintext:f' 
multiply defined.


LaTeX Warning: Label `fig:sigfits-pT4l-ggH-powheg15-JHUgen-125-maintext:g' mult
iply defined.


LaTeX Warning: Label `sub@fig:sigfits-pT4l-ggH-powheg15-JHUgen-125-maintext:g' 
multiply defined.


LaTeX Warning: Label `fig:sigfits-pT4l-ggH-powheg15-JHUgen-125-maintext' multip
ly defined.


LaTeX Warning: Label `fig:sigfits-pT4l-ggH-powheg15-JHUgen-125-maintext:a' mult
iply defined.


LaTeX Warning: Label `sub@fig:sigfits-pT4l-ggH-powheg15-JHUgen-125-maintext:a' 
multiply defined.


LaTeX Warning: Label `fig:sigfits-pT4l-ggH-powheg15-JHUgen-125-maintext:b' mult
iply defined.


LaTeX Warning: Label `sub@fig:sigfits-pT4l-ggH-powheg15-JHUgen-125-maintext:b' 
multiply defined.


LaTeX Warning: Label `fig:sigfits-pT4l-ggH-powheg15-JHUgen-125-maintext:c' mult
iply defined.


LaTeX Warning: Label `sub@fig:sigfits-pT4l-ggH-powheg15-JHUgen-125-maintext:c' 
multiply defined.


LaTeX Warning: Label `fig:sigfits-pT4l-ggH-powheg15-JHUgen-125-maintext:d' mult
iply defined.


LaTeX Warning: Label `sub@fig:sigfits-pT4l-ggH-powheg15-JHUgen-125-maintext:d' 
multiply defined.


LaTeX Warning: Label `fig:sigfits-pT4l-ggH-powheg15-JHUgen-125-maintext:e' mult
iply defined.


LaTeX Warning: Label `sub@fig:sigfits-pT4l-ggH-powheg15-JHUgen-125-maintext:e' 
multiply defined.


LaTeX Warning: Label `fig:sigfits-pT4l-ggH-powheg15-JHUgen-125-maintext:f' mult
iply defined.


LaTeX Warning: Label `sub@fig:sigfits-pT4l-ggH-powheg15-JHUgen-125-maintext:f' 
multiply defined.


LaTeX Warning: Label `fig:sigfits-pT4l-ggH-powheg15-JHUgen-125-maintext:g' mult
iply defined.


LaTeX Warning: Label `sub@fig:sigfits-pT4l-ggH-powheg15-JHUgen-125-maintext:g' 
multiply defined.


LaTeX Warning: Label `fig:sigfits-pT4l-ggH-powheg15-JHUgen-125-maintext' multip
ly defined.


LaTeX Warning: Label `fig:sigfits-pT4l-VBF-powheg15-JHUgen-125-maintext:a' mult
iply defined.


LaTeX Warning: Label `sub@fig:sigfits-pT4l-VBF-powheg15-JHUgen-125-maintext:a' 
multiply defined.


LaTeX Warning: Label `fig:sigfits-pT4l-VBF-powheg15-JHUgen-125-maintext:b' mult
iply defined.


LaTeX Warning: Label `sub@fig:sigfits-pT4l-VBF-powheg15-JHUgen-125-maintext:b' 
multiply defined.


LaTeX Warning: Label `fig:sigfits-pT4l-VBF-powheg15-JHUgen-125-maintext:c' mult
iply defined.


LaTeX Warning: Label `sub@fig:sigfits-pT4l-VBF-powheg15-JHUgen-125-maintext:c' 
multiply defined.


LaTeX Warning: Label `fig:sigfits-pT4l-VBF-powheg15-JHUgen-125-maintext:d' mult
iply defined.


LaTeX Warning: Label `sub@fig:sigfits-pT4l-VBF-powheg15-JHUgen-125-maintext:d' 
multiply defined.


LaTeX Warning: Label `fig:sigfits-pT4l-VBF-powheg15-JHUgen-125-maintext:e' mult
iply defined.


LaTeX Warning: Label `sub@fig:sigfits-pT4l-VBF-powheg15-JHUgen-125-maintext:e' 
multiply defined.


LaTeX Warning: Label `fig:sigfits-pT4l-VBF-powheg15-JHUgen-125-maintext:f' mult
iply defined.


LaTeX Warning: Label `sub@fig:sigfits-pT4l-VBF-powheg15-JHUgen-125-maintext:f' 
multiply defined.


LaTeX Warning: Label `fig:sigfits-pT4l-VBF-powheg15-JHUgen-125-maintext:g' mult
iply defined.


LaTeX Warning: Label `sub@fig:sigfits-pT4l-VBF-powheg15-JHUgen-125-maintext:g' 
multiply defined.


LaTeX Warning: Label `fig:sigfits-pT4l-VBF-powheg15-JHUgen-125-maintext' multip
ly defined.


LaTeX Warning: Label `fig:sigfits-pT4l-VBF-powheg15-JHUgen-125-maintext:a' mult
iply defined.


LaTeX Warning: Label `sub@fig:sigfits-pT4l-VBF-powheg15-JHUgen-125-maintext:a' 
multiply defined.


LaTeX Warning: Label `fig:sigfits-pT4l-VBF-powheg15-JHUgen-125-maintext:b' mult
iply defined.


LaTeX Warning: Label `sub@fig:sigfits-pT4l-VBF-powheg15-JHUgen-125-maintext:b' 
multiply defined.


LaTeX Warning: Label `fig:sigfits-pT4l-VBF-powheg15-JHUgen-125-maintext:c' mult
iply defined.


LaTeX Warning: Label `sub@fig:sigfits-pT4l-VBF-powheg15-JHUgen-125-maintext:c' 
multiply defined.


LaTeX Warning: Label `fig:sigfits-pT4l-VBF-powheg15-JHUgen-125-maintext:d' mult
iply defined.


LaTeX Warning: Label `sub@fig:sigfits-pT4l-VBF-powheg15-JHUgen-125-maintext:d' 
multiply defined.


LaTeX Warning: Label `fig:sigfits-pT4l-VBF-powheg15-JHUgen-125-maintext:e' mult
iply defined.


LaTeX Warning: Label `sub@fig:sigfits-pT4l-VBF-powheg15-JHUgen-125-maintext:e' 
multiply defined.


LaTeX Warning: Label `fig:sigfits-pT4l-VBF-powheg15-JHUgen-125-maintext:f' mult
iply defined.


LaTeX Warning: Label `sub@fig:sigfits-pT4l-VBF-powheg15-JHUgen-125-maintext:f' 
multiply defined.


LaTeX Warning: Label `fig:sigfits-pT4l-VBF-powheg15-JHUgen-125-maintext:g' mult
iply defined.


LaTeX Warning: Label `sub@fig:sigfits-pT4l-VBF-powheg15-JHUgen-125-maintext:g' 
multiply defined.


LaTeX Warning: Label `fig:sigfits-pT4l-VBF-powheg15-JHUgen-125-maintext' multip
ly defined.


LaTeX Warning: Label `fig:sigfits-pT4l-WH-powheg15-JHUgen-125-maintext:a' multi
ply defined.


LaTeX Warning: Label `sub@fig:sigfits-pT4l-WH-powheg15-JHUgen-125-maintext:a' m
ultiply defined.


LaTeX Warning: Label `fig:sigfits-pT4l-WH-powheg15-JHUgen-125-maintext:b' multi
ply defined.


LaTeX Warning: Label `sub@fig:sigfits-pT4l-WH-powheg15-JHUgen-125-maintext:b' m
ultiply defined.


LaTeX Warning: Label `fig:sigfits-pT4l-WH-powheg15-JHUgen-125-maintext:c' multi
ply defined.


LaTeX Warning: Label `sub@fig:sigfits-pT4l-WH-powheg15-JHUgen-125-maintext:c' m
ultiply defined.


LaTeX Warning: Label `fig:sigfits-pT4l-WH-powheg15-JHUgen-125-maintext:d' multi
ply defined.


LaTeX Warning: Label `sub@fig:sigfits-pT4l-WH-powheg15-JHUgen-125-maintext:d' m
ultiply defined.


LaTeX Warning: Label `fig:sigfits-pT4l-WH-powheg15-JHUgen-125-maintext:e' multi
ply defined.


LaTeX Warning: Label `sub@fig:sigfits-pT4l-WH-powheg15-JHUgen-125-maintext:e' m
ultiply defined.


LaTeX Warning: Label `fig:sigfits-pT4l-WH-powheg15-JHUgen-125-maintext:f' multi
ply defined.


LaTeX Warning: Label `sub@fig:sigfits-pT4l-WH-powheg15-JHUgen-125-maintext:f' m
ultiply defined.


LaTeX Warning: Label `fig:sigfits-pT4l-WH-powheg15-JHUgen-125-maintext:g' multi
ply defined.


LaTeX Warning: Label `sub@fig:sigfits-pT4l-WH-powheg15-JHUgen-125-maintext:g' m
ultiply defined.


LaTeX Warning: Label `fig:sigfits-pT4l-WH-powheg15-JHUgen-125-maintext' multipl
y defined.


LaTeX Warning: Label `fig:sigfits-pT4l-WH-powheg15-JHUgen-125-maintext:a' multi
ply defined.


LaTeX Warning: Label `sub@fig:sigfits-pT4l-WH-powheg15-JHUgen-125-maintext:a' m
ultiply defined.


LaTeX Warning: Label `fig:sigfits-pT4l-WH-powheg15-JHUgen-125-maintext:b' multi
ply defined.


LaTeX Warning: Label `sub@fig:sigfits-pT4l-WH-powheg15-JHUgen-125-maintext:b' m
ultiply defined.


LaTeX Warning: Label `fig:sigfits-pT4l-WH-powheg15-JHUgen-125-maintext:c' multi
ply defined.


LaTeX Warning: Label `sub@fig:sigfits-pT4l-WH-powheg15-JHUgen-125-maintext:c' m
ultiply defined.


LaTeX Warning: Label `fig:sigfits-pT4l-WH-powheg15-JHUgen-125-maintext:d' multi
ply defined.


LaTeX Warning: Label `sub@fig:sigfits-pT4l-WH-powheg15-JHUgen-125-maintext:d' m
ultiply defined.


LaTeX Warning: Label `fig:sigfits-pT4l-WH-powheg15-JHUgen-125-maintext:e' multi
ply defined.


LaTeX Warning: Label `sub@fig:sigfits-pT4l-WH-powheg15-JHUgen-125-maintext:e' m
ultiply defined.


LaTeX Warning: Label `fig:sigfits-pT4l-WH-powheg15-JHUgen-125-maintext:f' multi
ply defined.


LaTeX Warning: Label `sub@fig:sigfits-pT4l-WH-powheg15-JHUgen-125-maintext:f' m
ultiply defined.


LaTeX Warning: Label `fig:sigfits-pT4l-WH-powheg15-JHUgen-125-maintext:g' multi
ply defined.


LaTeX Warning: Label `sub@fig:sigfits-pT4l-WH-powheg15-JHUgen-125-maintext:g' m
ultiply defined.


LaTeX Warning: Label `fig:sigfits-pT4l-WH-powheg15-JHUgen-125-maintext' multipl
y defined.


LaTeX Warning: Label `fig:sigfits-pT4l-ZH-powheg15-JHUgen-125-maintext:a' multi
ply defined.


LaTeX Warning: Label `sub@fig:sigfits-pT4l-ZH-powheg15-JHUgen-125-maintext:a' m
ultiply defined.


LaTeX Warning: Label `fig:sigfits-pT4l-ZH-powheg15-JHUgen-125-maintext:b' multi
ply defined.


LaTeX Warning: Label `sub@fig:sigfits-pT4l-ZH-powheg15-JHUgen-125-maintext:b' m
ultiply defined.


LaTeX Warning: Label `fig:sigfits-pT4l-ZH-powheg15-JHUgen-125-maintext:c' multi
ply defined.


LaTeX Warning: Label `sub@fig:sigfits-pT4l-ZH-powheg15-JHUgen-125-maintext:c' m
ultiply defined.


LaTeX Warning: Label `fig:sigfits-pT4l-ZH-powheg15-JHUgen-125-maintext:d' multi
ply defined.


LaTeX Warning: Label `sub@fig:sigfits-pT4l-ZH-powheg15-JHUgen-125-maintext:d' m
ultiply defined.


LaTeX Warning: Label `fig:sigfits-pT4l-ZH-powheg15-JHUgen-125-maintext:e' multi
ply defined.


LaTeX Warning: Label `sub@fig:sigfits-pT4l-ZH-powheg15-JHUgen-125-maintext:e' m
ultiply defined.


LaTeX Warning: Label `fig:sigfits-pT4l-ZH-powheg15-JHUgen-125-maintext:f' multi
ply defined.


LaTeX Warning: Label `sub@fig:sigfits-pT4l-ZH-powheg15-JHUgen-125-maintext:f' m
ultiply defined.


LaTeX Warning: Label `fig:sigfits-pT4l-ZH-powheg15-JHUgen-125-maintext:g' multi
ply defined.


LaTeX Warning: Label `sub@fig:sigfits-pT4l-ZH-powheg15-JHUgen-125-maintext:g' m
ultiply defined.


LaTeX Warning: Label `fig:sigfits-pT4l-ZH-powheg15-JHUgen-125-maintext' multipl
y defined.


LaTeX Warning: Label `fig:sigfits-pT4l-ZH-powheg15-JHUgen-125-maintext:a' multi
ply defined.


LaTeX Warning: Label `sub@fig:sigfits-pT4l-ZH-powheg15-JHUgen-125-maintext:a' m
ultiply defined.


LaTeX Warning: Label `fig:sigfits-pT4l-ZH-powheg15-JHUgen-125-maintext:b' multi
ply defined.


LaTeX Warning: Label `sub@fig:sigfits-pT4l-ZH-powheg15-JHUgen-125-maintext:b' m
ultiply defined.


LaTeX Warning: Label `fig:sigfits-pT4l-ZH-powheg15-JHUgen-125-maintext:c' multi
ply defined.


LaTeX Warning: Label `sub@fig:sigfits-pT4l-ZH-powheg15-JHUgen-125-maintext:c' m
ultiply defined.


LaTeX Warning: Label `fig:sigfits-pT4l-ZH-powheg15-JHUgen-125-maintext:d' multi
ply defined.


LaTeX Warning: Label `sub@fig:sigfits-pT4l-ZH-powheg15-JHUgen-125-maintext:d' m
ultiply defined.


LaTeX Warning: Label `fig:sigfits-pT4l-ZH-powheg15-JHUgen-125-maintext:e' multi
ply defined.


LaTeX Warning: Label `sub@fig:sigfits-pT4l-ZH-powheg15-JHUgen-125-maintext:e' m
ultiply defined.


LaTeX Warning: Label `fig:sigfits-pT4l-ZH-powheg15-JHUgen-125-maintext:f' multi
ply defined.


LaTeX Warning: Label `sub@fig:sigfits-pT4l-ZH-powheg15-JHUgen-125-maintext:f' m
ultiply defined.


LaTeX Warning: Label `fig:sigfits-pT4l-ZH-powheg15-JHUgen-125-maintext:g' multi
ply defined.


LaTeX Warning: Label `sub@fig:sigfits-pT4l-ZH-powheg15-JHUgen-125-maintext:g' m
ultiply defined.


LaTeX Warning: Label `fig:sigfits-pT4l-ZH-powheg15-JHUgen-125-maintext' multipl
y defined.


LaTeX Warning: Label `fig:sigfits-pT4l-ggH-powheg15-JHUgen-125-maintext:a' mult
iply defined.


LaTeX Warning: Label `sub@fig:sigfits-pT4l-ggH-powheg15-JHUgen-125-maintext:a' 
multiply defined.


LaTeX Warning: Label `fig:sigfits-pT4l-ggH-powheg15-JHUgen-125-maintext:b' mult
iply defined.


LaTeX Warning: Label `sub@fig:sigfits-pT4l-ggH-powheg15-JHUgen-125-maintext:b' 
multiply defined.


LaTeX Warning: Label `fig:sigfits-pT4l-ggH-powheg15-JHUgen-125-maintext:c' mult
iply defined.


LaTeX Warning: Label `sub@fig:sigfits-pT4l-ggH-powheg15-JHUgen-125-maintext:c' 
multiply defined.


LaTeX Warning: Label `fig:sigfits-pT4l-ggH-powheg15-JHUgen-125-maintext:d' mult
iply defined.


LaTeX Warning: Label `sub@fig:sigfits-pT4l-ggH-powheg15-JHUgen-125-maintext:d' 
multiply defined.


LaTeX Warning: Label `fig:sigfits-pT4l-ggH-powheg15-JHUgen-125-maintext:e' mult
iply defined.


LaTeX Warning: Label `sub@fig:sigfits-pT4l-ggH-powheg15-JHUgen-125-maintext:e' 
multiply defined.


LaTeX Warning: Label `fig:sigfits-pT4l-ggH-powheg15-JHUgen-125-maintext:f' mult
iply defined.


LaTeX Warning: Label `sub@fig:sigfits-pT4l-ggH-powheg15-JHUgen-125-maintext:f' 
multiply defined.


LaTeX Warning: Label `fig:sigfits-pT4l-ggH-powheg15-JHUgen-125-maintext:g' mult
iply defined.


LaTeX Warning: Label `sub@fig:sigfits-pT4l-ggH-powheg15-JHUgen-125-maintext:g' 
multiply defined.


LaTeX Warning: Label `fig:sigfits-pT4l-ggH-powheg15-JHUgen-125-maintext' multip
ly defined.


LaTeX Warning: Label `fig:sigfits-pT4l-ttH-powheg15-JHUgen-125-maintext:a' mult
iply defined.


LaTeX Warning: Label `sub@fig:sigfits-pT4l-ttH-powheg15-JHUgen-125-maintext:a' 
multiply defined.


LaTeX Warning: Label `fig:sigfits-pT4l-ttH-powheg15-JHUgen-125-maintext:b' mult
iply defined.


LaTeX Warning: Label `sub@fig:sigfits-pT4l-ttH-powheg15-JHUgen-125-maintext:b' 
multiply defined.


LaTeX Warning: Label `fig:sigfits-pT4l-ttH-powheg15-JHUgen-125-maintext:c' mult
iply defined.


LaTeX Warning: Label `sub@fig:sigfits-pT4l-ttH-powheg15-JHUgen-125-maintext:c' 
multiply defined.


LaTeX Warning: Label `fig:sigfits-pT4l-ttH-powheg15-JHUgen-125-maintext:d' mult
iply defined.


LaTeX Warning: Label `sub@fig:sigfits-pT4l-ttH-powheg15-JHUgen-125-maintext:d' 
multiply defined.


LaTeX Warning: Label `fig:sigfits-pT4l-ttH-powheg15-JHUgen-125-maintext:e' mult
iply defined.


LaTeX Warning: Label `sub@fig:sigfits-pT4l-ttH-powheg15-JHUgen-125-maintext:e' 
multiply defined.


LaTeX Warning: Label `fig:sigfits-pT4l-ttH-powheg15-JHUgen-125-maintext:f' mult
iply defined.


LaTeX Warning: Label `sub@fig:sigfits-pT4l-ttH-powheg15-JHUgen-125-maintext:f' 
multiply defined.


LaTeX Warning: Label `fig:sigfits-pT4l-ttH-powheg15-JHUgen-125-maintext:g' mult
iply defined.


LaTeX Warning: Label `sub@fig:sigfits-pT4l-ttH-powheg15-JHUgen-125-maintext:g' 
multiply defined.


LaTeX Warning: Label `fig:sigfits-pT4l-ttH-powheg15-JHUgen-125-maintext' multip
ly defined.


LaTeX Warning: Label `fig:differential-results-restrictive_md1' multiply define
d.

)
\openout1 = `main_simple.aux'.

LaTeX Font Info:    Checking defaults for OML/cmm/m/it on input line 217.
LaTeX Font Info:    ... okay on input line 217.
LaTeX Font Info:    Checking defaults for T1/cmr/m/n on input line 217.
LaTeX Font Info:    ... okay on input line 217.
LaTeX Font Info:    Checking defaults for OT1/cmr/m/n on input line 217.
LaTeX Font Info:    ... okay on input line 217.
LaTeX Font Info:    Checking defaults for OMS/cmsy/m/n on input line 217.
LaTeX Font Info:    ... okay on input line 217.
LaTeX Font Info:    Checking defaults for OMX/cmex/m/n on input line 217.
LaTeX Font Info:    ... okay on input line 217.
LaTeX Font Info:    Checking defaults for U/cmr/m/n on input line 217.
LaTeX Font Info:    ... okay on input line 217.
LaTeX Font Info:    Checking defaults for PD1/pdf/m/n on input line 217.
LaTeX Font Info:    ... okay on input line 217.
LaTeX Font Info:    Checking defaults for C00/song/m/n on input line 217.
LaTeX Font Info:    ... okay on input line 217.
LaTeX Font Info:    Checking defaults for C05/song/m/n on input line 217.
LaTeX Font Info:    ... okay on input line 217.
LaTeX Font Info:    Checking defaults for C09/song/m/n on input line 217.
LaTeX Font Info:    ... okay on input line 217.
LaTeX Font Info:    Checking defaults for C10/song/m/n on input line 217.
LaTeX Font Info:    ... okay on input line 217.
LaTeX Font Info:    Checking defaults for C20/song/m/n on input line 217.
LaTeX Font Info:    ... okay on input line 217.
LaTeX Font Info:    Checking defaults for C19/song/m/n on input line 217.
LaTeX Font Info:    ... okay on input line 217.
LaTeX Font Info:    Checking defaults for C40/song/m/n on input line 217.
LaTeX Font Info:    ... okay on input line 217.
LaTeX Font Info:    Checking defaults for C42/song/m/n on input line 217.
LaTeX Font Info:    ... okay on input line 217.
LaTeX Font Info:    Checking defaults for C43/song/m/n on input line 217.
LaTeX Font Info:    ... okay on input line 217.
LaTeX Font Info:    Checking defaults for C50/song/m/n on input line 217.
LaTeX Font Info:    ... okay on input line 217.
LaTeX Font Info:    Checking defaults for C52/song/m/n on input line 217.
LaTeX Font Info:    ... okay on input line 217.
LaTeX Font Info:    Checking defaults for C49/song/m/n on input line 217.
LaTeX Font Info:    ... okay on input line 217.
LaTeX Font Info:    Checking defaults for C60/mj/m/n on input line 217.
LaTeX Font Info:    ... okay on input line 217.
LaTeX Font Info:    Checking defaults for C61/mj/m/n on input line 217.
LaTeX Font Info:    ... okay on input line 217.
LaTeX Font Info:    Checking defaults for C63/mj/m/n on input line 217.
LaTeX Font Info:    ... okay on input line 217.
LaTeX Font Info:    Checking defaults for C64/mj/m/n on input line 217.
LaTeX Font Info:    ... okay on input line 217.
LaTeX Font Info:    Checking defaults for C65/mj/m/n on input line 217.
LaTeX Font Info:    ... okay on input line 217.
LaTeX Font Info:    Checking defaults for C70/song/m/n on input line 217.
LaTeX Font Info:    ... okay on input line 217.
LaTeX Font Info:    Checking defaults for C31/song/m/n on input line 217.
LaTeX Font Info:    ... okay on input line 217.
LaTeX Font Info:    Checking defaults for C32/song/m/n on input line 217.
LaTeX Font Info:    ... okay on input line 217.
LaTeX Font Info:    Checking defaults for C33/song/m/n on input line 217.
LaTeX Font Info:    ... okay on input line 217.
LaTeX Font Info:    Checking defaults for C34/song/m/n on input line 217.
LaTeX Font Info:    ... okay on input line 217.
LaTeX Font Info:    Checking defaults for C35/song/m/n on input line 217.
LaTeX Font Info:    ... okay on input line 217.
LaTeX Font Info:    Checking defaults for C36/song/m/n on input line 217.
LaTeX Font Info:    ... okay on input line 217.
LaTeX Font Info:    Checking defaults for C37/song/m/n on input line 217.
LaTeX Font Info:    ... okay on input line 217.
LaTeX Font Info:    Checking defaults for C80/song/m/n on input line 217.
LaTeX Font Info:    ... okay on input line 217.
LaTeX Font Info:    Checking defaults for C81/song/m/n on input line 217.
LaTeX Font Info:    ... okay on input line 217.
LaTeX Font Info:    Checking defaults for C01/song/m/n on input line 217.
LaTeX Font Info:    ... okay on input line 217.
LaTeX Font Info:    Checking defaults for C11/song/m/n on input line 217.
LaTeX Font Info:    ... okay on input line 217.
LaTeX Font Info:    Checking defaults for C21/song/m/n on input line 217.
LaTeX Font Info:    ... okay on input line 217.
LaTeX Font Info:    Checking defaults for C41/song/m/n on input line 217.
LaTeX Font Info:    ... okay on input line 217.
LaTeX Font Info:    Checking defaults for C62/song/m/n on input line 217.
LaTeX Font Info:    ... okay on input line 217.
LaTeX Font Info:    Checking defaults for PU/pdf/m/n on input line 217.
LaTeX Font Info:    ... okay on input line 217.
LaTeX Font Info:    Try loading font information for T1+ppl on input line 217.
 (/usr/share/texlive/texmf-dist/tex/latex/psnfss/t1ppl.fd
File: t1ppl.fd 2001/06/04 font definitions for T1/ppl.
)
Now handling font encoding TS1 ...
... processing UTF-8 mapping file for font encoding TS1

(/usr/share/texlive/texmf-dist/tex/latex/base/ts1enc.dfu
File: ts1enc.dfu 2017/01/28 v1.1t UTF-8 support for inputenc
   defining Unicode char U+00A2 (decimal 162)
   defining Unicode char U+00A3 (decimal 163)
   defining Unicode char U+00A4 (decimal 164)
   defining Unicode char U+00A5 (decimal 165)
   defining Unicode char U+00A6 (decimal 166)
   defining Unicode char U+00A7 (decimal 167)
   defining Unicode char U+00A8 (decimal 168)
   defining Unicode char U+00A9 (decimal 169)
   defining Unicode char U+00AA (decimal 170)
   defining Unicode char U+00AC (decimal 172)
   defining Unicode char U+00AE (decimal 174)
   defining Unicode char U+00AF (decimal 175)
   defining Unicode char U+00B0 (decimal 176)
   defining Unicode char U+00B1 (decimal 177)
   defining Unicode char U+00B2 (decimal 178)
   defining Unicode char U+00B3 (decimal 179)
   defining Unicode char U+00B4 (decimal 180)
   defining Unicode char U+00B5 (decimal 181)
   defining Unicode char U+00B6 (decimal 182)
   defining Unicode char U+00B7 (decimal 183)
   defining Unicode char U+00B9 (decimal 185)
   defining Unicode char U+00BA (decimal 186)
   defining Unicode char U+00BC (decimal 188)
   defining Unicode char U+00BD (decimal 189)
   defining Unicode char U+00BE (decimal 190)
   defining Unicode char U+00D7 (decimal 215)
   defining Unicode char U+00F7 (decimal 247)
   defining Unicode char U+0192 (decimal 402)
   defining Unicode char U+02C7 (decimal 711)
   defining Unicode char U+02D8 (decimal 728)
   defining Unicode char U+02DD (decimal 733)
   defining Unicode char U+0E3F (decimal 3647)
   defining Unicode char U+2016 (decimal 8214)
   defining Unicode char U+2020 (decimal 8224)
   defining Unicode char U+2021 (decimal 8225)
   defining Unicode char U+2022 (decimal 8226)
   defining Unicode char U+2030 (decimal 8240)
   defining Unicode char U+2031 (decimal 8241)
   defining Unicode char U+203B (decimal 8251)
   defining Unicode char U+203D (decimal 8253)
   defining Unicode char U+2044 (decimal 8260)
   defining Unicode char U+204E (decimal 8270)
   defining Unicode char U+2052 (decimal 8274)
   defining Unicode char U+20A1 (decimal 8353)
   defining Unicode char U+20A4 (decimal 8356)
   defining Unicode char U+20A6 (decimal 8358)
   defining Unicode char U+20A9 (decimal 8361)
   defining Unicode char U+20AB (decimal 8363)
   defining Unicode char U+20AC (decimal 8364)
   defining Unicode char U+20B1 (decimal 8369)
   defining Unicode char U+2103 (decimal 8451)
   defining Unicode char U+2116 (decimal 8470)
   defining Unicode char U+2117 (decimal 8471)
   defining Unicode char U+211E (decimal 8478)
   defining Unicode char U+2120 (decimal 8480)
   defining Unicode char U+2122 (decimal 8482)
   defining Unicode char U+2126 (decimal 8486)
   defining Unicode char U+2127 (decimal 8487)
   defining Unicode char U+212E (decimal 8494)
   defining Unicode char U+2190 (decimal 8592)
   defining Unicode char U+2191 (decimal 8593)
   defining Unicode char U+2192 (decimal 8594)
   defining Unicode char U+2193 (decimal 8595)
   defining Unicode char U+2329 (decimal 9001)
   defining Unicode char U+232A (decimal 9002)
   defining Unicode char U+2422 (decimal 9250)
   defining Unicode char U+25E6 (decimal 9702)
   defining Unicode char U+25EF (decimal 9711)
   defining Unicode char U+266A (decimal 9834)
)
(/usr/share/texlive/texmf-dist/tex/latex/translator/translator-basic-dictionary
-English.dict
Dictionary: translator-basic-dictionary, Language: English 
)
(/usr/share/texlive/texmf-dist/tex/latex/siunitx/siunitx-abbreviations.cfg
File: siunitx-abbreviations.cfg 2017/11/26 v2.7k siunitx: Abbreviated units
)
(/usr/share/texlive/texmf-dist/tex/context/base/mkii/supp-pdf.mkii
[Loading MPS to PDF converter (version 2006.09.02).]
\scratchcounter=\count440
\scratchdimen=\dimen266
\scratchbox=\box60
\nofMPsegments=\count441
\nofMParguments=\count442
\everyMPshowfont=\toks30
\MPscratchCnt=\count443
\MPscratchDim=\dimen267
\MPnumerator=\count444
\makeMPintoPDFobject=\count445
\everyMPtoPDFconversion=\toks31
) (/usr/share/texlive/texmf-dist/tex/latex/oberdiek/epstopdf-base.sty
Package: epstopdf-base 2016/05/15 v2.6 Base part for package epstopdf

(/usr/share/texlive/texmf-dist/tex/latex/oberdiek/grfext.sty
Package: grfext 2016/05/16 v1.2 Manage graphics extensions (HO)
)
Package epstopdf-base Info: Redefining graphics rule for `.eps' on input line 4
38.
Package grfext Info: Graphics extension search list:
(grfext)             [.pdf,.png,.jpg,.mps,.jpeg,.jbig2,.jb2,.PDF,.PNG,.JPG,.JPE
G,.JBIG2,.JB2,.eps]
(grfext)             \AppendGraphicsExtensions on input line 456.

(/usr/share/texlive/texmf-dist/tex/latex/latexconfig/epstopdf-sys.cfg
File: epstopdf-sys.cfg 2010/07/13 v1.3 Configuration of (r)epstopdf for TeX Liv
e
))
Package caption Info: Begin \AtBeginDocument code.
Package caption Info: hyperref package is loaded.
Package caption Info: rotating package is loaded.
Package caption Info: subfigure package is loaded.
Package caption Info: End \AtBeginDocument code.

*geometry* driver: auto-detecting
*geometry* detected driver: pdftex
*geometry* verbose mode - [ preamble ] result:
* driver: pdftex
* paper: <default>
* layout: <same size as paper>
* layoutoffset:(h,v)=(0.0pt,0.0pt)
* modes: includehead includefoot twoside 
* h-part:(L,W,R)=(90.3375pt, 433.62001pt, 90.3375pt)
* v-part:(T,H,B)=(36.135pt, 722.7pt, 36.135pt)
* \paperwidth=614.295pt
* \paperheight=794.96999pt
* \textwidth=433.62001pt
* \textheight=658.3262pt
* \oddsidemargin=18.0675pt
* \evensidemargin=18.0675pt
* \topmargin=-36.135pt
* \headheight=14.5pt
* \headsep=19.8738pt
* \topskip=12.0pt
* \footskip=30.0pt
* \marginparwidth=98.0pt
* \marginparsep=7.0pt
* \columnsep=10.0pt
* \skip\footins=10.8pt plus 4.0pt minus 2.0pt
* \hoffset=0.0pt
* \voffset=0.0pt
* \mag=1000
* \@twocolumnfalse
* \@twosidetrue
* \@mparswitchtrue
* \@reversemarginfalse
* (1in=72.27pt=25.4mm, 1cm=28.453pt)

Package scrlayer Info: Setting magic \footheight to \baselineskip while
(scrlayer)             \begin{document} on input line 217.
Package scrbase Info: activating english \authorshipname on input line 217.
Package scrbase Info: activating english \byname on input line 217.
Package scrbase Info: activating english \abbrevname on input line 217.
Package scrbase Info: activating english \constantsname on input line 217.
Package scrbase Info: activating english \symbolsname on input line 217.
Package scrbase Info: activating english \acknowledgementname on input line 217
.
\AtBeginShipoutBox=\box61
(/usr/share/texlive/texmf-dist/tex/latex/graphics/color.sty
Package: color 2016/07/10 v1.1e Standard LaTeX Color (DPC)
LaTeX Info: Redefining \color on input line 86.

(/usr/share/texlive/texmf-dist/tex/latex/graphics-cfg/color.cfg
File: color.cfg 2016/01/02 v1.6 sample color configuration
)
Package color Info: Driver file: pdftex.def on input line 147.
)
Package hyperref Info: Link coloring ON on input line 217.

(/usr/share/texlive/texmf-dist/tex/latex/hyperref/nameref.sty
Package: nameref 2016/05/21 v2.44 Cross-referencing by name of section

(/usr/share/texlive/texmf-dist/tex/generic/oberdiek/gettitlestring.sty
Package: gettitlestring 2016/05/16 v1.5 Cleanup title references (HO)
)
\c@section@level=\count446
)
LaTeX Info: Redefining \ref on input line 217.
LaTeX Info: Redefining \pageref on input line 217.
LaTeX Info: Redefining \nameref on input line 217.

(./main_simple.out) (./main_simple.out)
\@outlinefile=\write6
\openout6 = `main_simple.out'.

Package biblatex Info: Input encoding 'utf8' detected.
Package biblatex Info: Automatic encoding selection.
(biblatex)             Assuming data encoding 'utf8'.
Package biblatex Info: Input encoding 'utf8' specified.
Package biblatex Info: Data encoding 'utf8' specified.
(biblatex)             No need to reencode data.
\openout5 = `main_simple-blx.bib'.

Package biblatex Info: Trying to load bibliographic data...
Package biblatex Info: ... file 'main_simple.bbl' found.
 (./main_simple.bbl)
Package biblatex Info: Reference section=0 on input line 217.
Package biblatex Info: Reference segment=0 on input line 217.
\c__siunitx_mathsf_int=\count447
LaTeX Font Info:    Try loading font information for U+rsfs on input line 217.

(/usr/share/texlive/texmf-dist/tex/latex/jknapltx/ursfs.fd
File: ursfs.fd 1998/03/24 rsfs font definition file (jk)
)
\c__siunitx_mathtt_int=\count448

1: section
LaTeX Font Info:    Try loading font information for T1+phv on input line 236.
(/usr/share/texlive/texmf-dist/tex/latex/psnfss/t1phv.fd
File: t1phv.fd 2001/06/04 scalable font definitions for T1/phv.
)
LaTeX Font Info:    Font shape `T1/ppl/bx/n' in size <24.88> not available
(Font)              Font shape `T1/ppl/b/n' tried instead on input line 239.
<Figures/Logo.jpg, id=441, 226.8475pt x 223.83624pt>
File: Figures/Logo.jpg Graphic file (type jpg)
<use Figures/Logo.jpg>
Package pdftex.def Info: Figures/Logo.jpg  used on input line 262.
(pdftex.def)             Requested size: 71.13188pt x 70.18773pt.
 [1



{/var/lib/texmf/fonts/map/pdftex/updmap/pdftex.map} <./Figures/Logo.jpg>]
\openout2 = `Chapters/chinese_abstract.aux'.


(./Chapters/chinese_abstract.tex (/usr/share/texmf/tex/latex/CJK/UTF8/UTF8.bdg
File: UTF8.bdg 2015/04/18 4.8.4
) (/usr/share/texmf/tex/latex/CJK/UTF8/UTF8.enc
File: UTF8.enc 2015/04/18 4.8.4
)
(/usr/share/texmf/tex/latex/CJK/UTF8/UTF8.chr
File: UTF8.chr 2015/04/18 4.8.4
) [2


]
! Use of \@chapter doesn't match its definition.
\CJK@altchar ...fx \csname \reserved@a \endcsname 
                                                  \relax \CJKsymbol {\@tempc...
l.2 \chapter{摘要}
                    
? 
! Missing \endcsname inserted.
<to be read again> 
                   \relax 
l.2 \chapter{摘要}
                    
? 
! Use of \@chapter doesn't match its definition.
\CJK@altchar ...fx \csname \reserved@a \endcsname 
                                                  \relax \CJKsymbol {\@tempc...
l.2 \chapter{摘要}
                    
? 
! Missing \endcsname inserted.
<to be read again> 
                   \relax 
l.2 \chapter{摘要}
                    
? 

Package hyperref Warning: Token not allowed in a PDF string (Unicode):
(hyperref)                removing `\global' on input line 2.


Package hyperref Warning: Token not allowed in a PDF string (Unicode):
(hyperref)                removing `\let' on input line 2.


Package hyperref Warning: Token not allowed in a PDF string (Unicode):
(hyperref)                removing `\global' on input line 2.


Package hyperref Warning: Token not allowed in a PDF string (Unicode):
(hyperref)                removing `\let' on input line 2.


Package hyperref Warning: Token not allowed in a PDF string (Unicode):
(hyperref)                removing `\@tempcnta' on input line 2.


Package hyperref Warning: Token not allowed in a PDF string (Unicode):
(hyperref)                removing `\@tempcntb' on input line 2.


Package hyperref Warning: Token not allowed in a PDF string (Unicode):
(hyperref)                removing `\divide' on input line 2.


Package hyperref Warning: Token not allowed in a PDF string (Unicode):
(hyperref)                removing `\@tempcntb' on input line 2.


Package hyperref Warning: Token not allowed in a PDF string (Unicode):
(hyperref)                removing `\advance' on input line 2.


Package hyperref Warning: Token not allowed in a PDF string (Unicode):
(hyperref)                removing `\@tempcnta' on input line 2.


Package hyperref Warning: Token not allowed in a PDF string (Unicode):
(hyperref)                removing `\@tempcntb' on input line 2.


Package hyperref Warning: Token not allowed in a PDF string (Unicode):
(hyperref)                removing `\count' on input line 2.


Package hyperref Warning: Token not allowed in a PDF string (Unicode):
(hyperref)                removing `\z@' on input line 2.


Package hyperref Warning: Token not allowed in a PDF string (Unicode):
(hyperref)                removing `\@tempcnta' on input line 2.


Package hyperref Warning: Token not allowed in a PDF string (Unicode):
(hyperref)                removing `\count' on input line 2.


Package hyperref Warning: Token not allowed in a PDF string (Unicode):
(hyperref)                removing `\tw@' on input line 2.


Package hyperref Warning: Token not allowed in a PDF string (Unicode):
(hyperref)                removing `\count' on input line 2.


Package hyperref Warning: Token not allowed in a PDF string (Unicode):
(hyperref)                removing `\z@' on input line 2.


Package hyperref Warning: Token not allowed in a PDF string (Unicode):
(hyperref)                removing `\divide' on input line 2.


Package hyperref Warning: Token not allowed in a PDF string (Unicode):
(hyperref)                removing `\count' on input line 2.


Package hyperref Warning: Token not allowed in a PDF string (Unicode):
(hyperref)                removing `\z@' on input line 2.


Package hyperref Warning: Token not allowed in a PDF string (Unicode):
(hyperref)                removing `\sixt@@n' on input line 2.


Package hyperref Warning: Token not allowed in a PDF string (Unicode):
(hyperref)                removing `\count@' on input line 2.


Package hyperref Warning: Token not allowed in a PDF string (Unicode):
(hyperref)                removing `\count' on input line 2.


Package hyperref Warning: Token not allowed in a PDF string (Unicode):
(hyperref)                removing `\z@' on input line 2.


Package hyperref Warning: Token not allowed in a PDF string (Unicode):
(hyperref)                removing `\multiply' on input line 2.


Package hyperref Warning: Token not allowed in a PDF string (Unicode):
(hyperref)                removing `\count@' on input line 2.


Package hyperref Warning: Token not allowed in a PDF string (Unicode):
(hyperref)                removing `\sixt@@n' on input line 2.


Package hyperref Warning: Token not allowed in a PDF string (Unicode):
(hyperref)                removing `\advance' on input line 2.


Package hyperref Warning: Token not allowed in a PDF string (Unicode):
(hyperref)                removing `\count' on input line 2.


Package hyperref Warning: Token not allowed in a PDF string (Unicode):
(hyperref)                removing `\tw@' on input line 2.


Package hyperref Warning: Token not allowed in a PDF string (Unicode):
(hyperref)                removing `\count@' on input line 2.


Package hyperref Warning: Token not allowed in a PDF string (Unicode):
(hyperref)                removing `\<def>-command' on input line 2.


Package hyperref Warning: Token not allowed in a PDF string (Unicode):
(hyperref)                removing `\CJK@gtemp' on input line 2.


Package hyperref Warning: Token not allowed in a PDF string (Unicode):
(hyperref)                removing `\<def>-command' on input line 2.


Package hyperref Warning: Token not allowed in a PDF string (Unicode):
(hyperref)                removing `\CJK@tempa' on input line 2.


Package hyperref Warning: Token not allowed in a PDF string (Unicode):
(hyperref)                removing `\CJK@tempa' on input line 2.


Package hyperref Warning: Token not allowed in a PDF string (Unicode):
(hyperref)                removing `\CJK@gtemp' on input line 2.


Package hyperref Warning: Token not allowed in a PDF string (Unicode):
(hyperref)                removing `\@tempcnta' on input line 2.


Package hyperref Warning: Token not allowed in a PDF string (Unicode):
(hyperref)                removing `\multiply' on input line 2.


Package hyperref Warning: Token not allowed in a PDF string (Unicode):
(hyperref)                removing `\@tempcntb' on input line 2.


Package hyperref Warning: Token not allowed in a PDF string (Unicode):
(hyperref)                removing `\advance' on input line 2.


Package hyperref Warning: Token not allowed in a PDF string (Unicode):
(hyperref)                removing `\@tempcnta' on input line 2.


Package hyperref Warning: Token not allowed in a PDF string (Unicode):
(hyperref)                removing `\@tempcntb' on input line 2.


Package hyperref Warning: Token not allowed in a PDF string (Unicode):
(hyperref)                removing `\multiply' on input line 2.


Package hyperref Warning: Token not allowed in a PDF string (Unicode):
(hyperref)                removing `\@tempcnta' on input line 2.


Package hyperref Warning: Token not allowed in a PDF string (Unicode):
(hyperref)                removing `\advance' on input line 2.


Package hyperref Warning: Token not allowed in a PDF string (Unicode):
(hyperref)                removing `\@tempcnta' on input line 2.


Package hyperref Warning: Token not allowed in a PDF string (Unicode):
(hyperref)                removing `\advance' on input line 2.


Package hyperref Warning: Token not allowed in a PDF string (Unicode):
(hyperref)                removing `\@tempcnta' on input line 2.


Package hyperref Warning: Token not allowed in a PDF string (Unicode):
(hyperref)                removing `\<def>-command' on input line 2.


Package hyperref Warning: Token not allowed in a PDF string (Unicode):
(hyperref)                removing `\reserved@a' on input line 2.


Package hyperref Warning: Token not allowed in a PDF string (Unicode):
(hyperref)                removing `\char' on input line 2.


Package hyperref Warning: Token not allowed in a PDF string (Unicode):
(hyperref)                removing `\@tempcnta' on input line 2.


Package hyperref Warning: Token not allowed in a PDF string (Unicode):
(hyperref)                removing `\global' on input line 2.


Package hyperref Warning: Token not allowed in a PDF string (Unicode):
(hyperref)                removing `\let' on input line 2.


Package hyperref Warning: Token not allowed in a PDF string (Unicode):
(hyperref)                removing `\global' on input line 2.


Package hyperref Warning: Token not allowed in a PDF string (Unicode):
(hyperref)                removing `\let' on input line 2.


Package hyperref Warning: Token not allowed in a PDF string (Unicode):
(hyperref)                removing `\@tempcnta' on input line 2.


Package hyperref Warning: Token not allowed in a PDF string (Unicode):
(hyperref)                removing `\@tempcntb' on input line 2.


Package hyperref Warning: Token not allowed in a PDF string (Unicode):
(hyperref)                removing `\divide' on input line 2.


Package hyperref Warning: Token not allowed in a PDF string (Unicode):
(hyperref)                removing `\@tempcntb' on input line 2.


Package hyperref Warning: Token not allowed in a PDF string (Unicode):
(hyperref)                removing `\advance' on input line 2.


Package hyperref Warning: Token not allowed in a PDF string (Unicode):
(hyperref)                removing `\@tempcnta' on input line 2.


Package hyperref Warning: Token not allowed in a PDF string (Unicode):
(hyperref)                removing `\@tempcntb' on input line 2.


Package hyperref Warning: Token not allowed in a PDF string (Unicode):
(hyperref)                removing `\count' on input line 2.


Package hyperref Warning: Token not allowed in a PDF string (Unicode):
(hyperref)                removing `\z@' on input line 2.


Package hyperref Warning: Token not allowed in a PDF string (Unicode):
(hyperref)                removing `\@tempcnta' on input line 2.


Package hyperref Warning: Token not allowed in a PDF string (Unicode):
(hyperref)                removing `\count' on input line 2.


Package hyperref Warning: Token not allowed in a PDF string (Unicode):
(hyperref)                removing `\tw@' on input line 2.


Package hyperref Warning: Token not allowed in a PDF string (Unicode):
(hyperref)                removing `\count' on input line 2.


Package hyperref Warning: Token not allowed in a PDF string (Unicode):
(hyperref)                removing `\z@' on input line 2.


Package hyperref Warning: Token not allowed in a PDF string (Unicode):
(hyperref)                removing `\divide' on input line 2.


Package hyperref Warning: Token not allowed in a PDF string (Unicode):
(hyperref)                removing `\count' on input line 2.


Package hyperref Warning: Token not allowed in a PDF string (Unicode):
(hyperref)                removing `\z@' on input line 2.


Package hyperref Warning: Token not allowed in a PDF string (Unicode):
(hyperref)                removing `\sixt@@n' on input line 2.


Package hyperref Warning: Token not allowed in a PDF string (Unicode):
(hyperref)                removing `\count@' on input line 2.


Package hyperref Warning: Token not allowed in a PDF string (Unicode):
(hyperref)                removing `\count' on input line 2.


Package hyperref Warning: Token not allowed in a PDF string (Unicode):
(hyperref)                removing `\z@' on input line 2.


Package hyperref Warning: Token not allowed in a PDF string (Unicode):
(hyperref)                removing `\multiply' on input line 2.


Package hyperref Warning: Token not allowed in a PDF string (Unicode):
(hyperref)                removing `\count@' on input line 2.


Package hyperref Warning: Token not allowed in a PDF string (Unicode):
(hyperref)                removing `\sixt@@n' on input line 2.


Package hyperref Warning: Token not allowed in a PDF string (Unicode):
(hyperref)                removing `\advance' on input line 2.


Package hyperref Warning: Token not allowed in a PDF string (Unicode):
(hyperref)                removing `\count' on input line 2.


Package hyperref Warning: Token not allowed in a PDF string (Unicode):
(hyperref)                removing `\tw@' on input line 2.


Package hyperref Warning: Token not allowed in a PDF string (Unicode):
(hyperref)                removing `\count@' on input line 2.


Package hyperref Warning: Token not allowed in a PDF string (Unicode):
(hyperref)                removing `\<def>-command' on input line 2.


Package hyperref Warning: Token not allowed in a PDF string (Unicode):
(hyperref)                removing `\CJK@gtemp' on input line 2.


Package hyperref Warning: Token not allowed in a PDF string (Unicode):
(hyperref)                removing `\<def>-command' on input line 2.


Package hyperref Warning: Token not allowed in a PDF string (Unicode):
(hyperref)                removing `\CJK@tempa' on input line 2.


Package hyperref Warning: Token not allowed in a PDF string (Unicode):
(hyperref)                removing `\CJK@tempa' on input line 2.


Package hyperref Warning: Token not allowed in a PDF string (Unicode):
(hyperref)                removing `\CJK@gtemp' on input line 2.


Package hyperref Warning: Token not allowed in a PDF string (Unicode):
(hyperref)                removing `\@tempcnta' on input line 2.


Package hyperref Warning: Token not allowed in a PDF string (Unicode):
(hyperref)                removing `\multiply' on input line 2.


Package hyperref Warning: Token not allowed in a PDF string (Unicode):
(hyperref)                removing `\@tempcntb' on input line 2.


Package hyperref Warning: Token not allowed in a PDF string (Unicode):
(hyperref)                removing `\advance' on input line 2.


Package hyperref Warning: Token not allowed in a PDF string (Unicode):
(hyperref)                removing `\@tempcnta' on input line 2.


Package hyperref Warning: Token not allowed in a PDF string (Unicode):
(hyperref)                removing `\@tempcntb' on input line 2.


Package hyperref Warning: Token not allowed in a PDF string (Unicode):
(hyperref)                removing `\multiply' on input line 2.


Package hyperref Warning: Token not allowed in a PDF string (Unicode):
(hyperref)                removing `\@tempcnta' on input line 2.


Package hyperref Warning: Token not allowed in a PDF string (Unicode):
(hyperref)                removing `\advance' on input line 2.


Package hyperref Warning: Token not allowed in a PDF string (Unicode):
(hyperref)                removing `\@tempcnta' on input line 2.


Package hyperref Warning: Token not allowed in a PDF string (Unicode):
(hyperref)                removing `\advance' on input line 2.


Package hyperref Warning: Token not allowed in a PDF string (Unicode):
(hyperref)                removing `\@tempcnta' on input line 2.


Package hyperref Warning: Token not allowed in a PDF string (Unicode):
(hyperref)                removing `\<def>-command' on input line 2.


Package hyperref Warning: Token not allowed in a PDF string (Unicode):
(hyperref)                removing `\reserved@a' on input line 2.


Package hyperref Warning: Token not allowed in a PDF string (Unicode):
(hyperref)                removing `\char' on input line 2.


Package hyperref Warning: Token not allowed in a PDF string (Unicode):
(hyperref)                removing `\@tempcnta' on input line 2.

LaTeX Font Info:    Try loading font information for C70+gbsn on input line 2.
(/usr/share/texmf/tex/latex/CJK/UTF8/c70gbsn.fd
File: c70gbsn.fd 2008/10/03 4.8.1
)
(/usr/share/texmf/tex/latex/CJK/UTF8/c70gbsn.fdx
File: c70gbsn.fdx 2012/05/07 4.8.3
))
1: section
[3]
\openout2 = `Chapters/abstract.aux'.

 (./Chapters/abstract.tex [4



]
--------------------
 Abstract
--------------------
LaTeX Font Info:    Font shape `T1/ppl/bx/n' in size <12> not available
(Font)              Font shape `T1/ppl/b/n' tried instead on input line 1.
)
1: section
[5] (/usr/share/texmf/tex/latex/CJK/UTF8/UTF8.enc
File: UTF8.enc 2015/04/18 4.8.4
)
(/usr/share/texmf/tex/latex/CJK/UTF8/UTF8.chr
File: UTF8.chr 2015/04/18 4.8.4
) [6


] (./main_simple.toc
1: section
[7] [8])
\tf@toc=\write7
\openout7 = `main_simple.toc'.

 [9] [10

] (./main_simple.lof
1: section
[11]
! Undefined control sequence.
\CJK@XX ...r `#1\endcsname {`#2}\CJK@ignorespaces 
                                                  \fi 
l.49 ... EGM POG.\relax }}{53}{figure.caption.141}
                                                  
? 

Overfull \hbox (5.214pt too wide) in paragraph at lines 49--49
 [][] [][][]\T1/ppl/m/n/12 Reconstruction ef-fi-cien-cies of elec-tron in data 
ver-sus $\OML/cmm/m/it/12 p[]$ \T1/ppl/m/n/12 (left), $\OML/cmm/m/it/12 ^^Q$ \T
1/ppl/m/n/12 (right) 
 []


Overfull \hbox (17.92346pt too wide) in paragraph at lines 50--50
 [][] [][][]\T1/ppl/m/n/12 Output of the mul-ti-clas-si-fier dis-crim-i-nant fo
r prompt elec-trons matched 
 []

! You can't use `macro parameter character #' in math mode.
<argument> ... and $|\eta |<0.8$~(top), $0.8 < |##
                                                  ######eta| < 1.479$~(middl...
l.51 ...ctively. \relax }}{55}{figure.caption.145}
                                                  
? 
! You can't use `macro parameter character #' in math mode.
<argument> ...nd $|\eta |<0.8$~(top), $0.8 < |####
                                                  ####eta| < 1.479$~(middle)...
l.51 ...ctively. \relax }}{55}{figure.caption.145}
                                                  
? 
! You can't use `macro parameter character #' in math mode.
<argument> ... $|\eta |<0.8$~(top), $0.8 < |######
                                                  ##eta| < 1.479$~(middle) a...
l.51 ...ctively. \relax }}{55}{figure.caption.145}
                                                  
? 
! You can't use `macro parameter character #' in math mode.
<argument> ...|\eta |<0.8$~(top), $0.8 < |########
                                                  eta| < 1.479$~(middle) and...
l.51 ...ctively. \relax }}{55}{figure.caption.145}
                                                  
? 
! You can't use `macro parameter character #' in math mode.
<argument> ...#####eta| < 1.479$~(middle) and $|##
                                                  ######eta| > 1.479$~(botto...
l.51 ...ctively. \relax }}{55}{figure.caption.145}
                                                  
? 
! You can't use `macro parameter character #' in math mode.
<argument> ...###eta| < 1.479$~(middle) and $|####
                                                  ####eta| > 1.479$~(bottom)...
l.51 ...ctively. \relax }}{55}{figure.caption.145}
                                                  
? 
! You can't use `macro parameter character #' in math mode.
<argument> ...#eta| < 1.479$~(middle) and $|######
                                                  ##eta| > 1.479$~(bottom). ...
l.51 ...ctively. \relax }}{55}{figure.caption.145}
                                                  
? 
! You can't use `macro parameter character #' in math mode.
<argument> ...ta| < 1.479$~(middle) and $|########
                                                  eta| > 1.479$~(bottom). V1...
l.51 ...ctively. \relax }}{55}{figure.caption.145}
                                                  
? 
[12]

! LaTeX Error: \mathrm allowed only in math mode.

See the LaTeX manual or LaTeX Companion for explanation.
Type  H <return>  for immediate help.
 ...                                              
                                                  
l.77 ...tainties.\relax }}{65}{figure.caption.186}
                                                  
? 

Overfull \hbox (18.50002pt too wide) in paragraph at lines 77--77
 [][] [][][]\T1/ppl/m/n/12 Efficiency of muon iso-la-tion re-quire-ment, mea-su
red with the tag&probe 
 []

[13]
Overfull \hbox (5.81549pt too wide) in paragraph at lines 94--94
 [][] [][][]\T1/ppl/m/n/12 Probability den-sity func-tions $\OML/cmm/m/it/12 f\
OT1/cmr/m/n/12 (\OML/cmm/m/it/12 m[]\OMS/cmsy/m/n/12 j\OML/cmm/m/it/12 m[]\OT1/
cmr/m/n/12 )$ \T1/ppl/m/n/12 for sig-nal with $\OML/cmm/m/it/12 m[]$\T1/ppl/b/n
/12 =125 [] 
 []

[14] [15] [16]
Overfull \hbox (59.3644pt too wide) in paragraph at lines 164--164
 \T1/ppl/m/n/12 m(4$\OML/cmm/m/it/12 `$\T1/ppl/m/n/12 ) in $\OT1/cmr/m/n/12 4\O
ML/cmm/m/it/12 e$ \T1/ppl/m/n/12 fi-nal state for the $\OML/cmm/m/it/12 gg \OMS
/cmsy/m/n/12 ! \OT1/cmr/m/n/12 H$ \T1/ppl/m/n/12 pro-duc-tion mode from \T1/ppl
/m/sc/12 powheg+JHUGen 
 []


Overfull \hbox (60.98799pt too wide) in paragraph at lines 172--172
 \T1/ppl/m/n/12 m(4$\OML/cmm/m/it/12 `$\T1/ppl/m/n/12 ) in $\OT1/cmr/m/n/12 4\O
ML/cmm/m/it/12 ^^V$ \T1/ppl/m/n/12 fi-nal state for the $\OML/cmm/m/it/12 gg \O
MS/cmsy/m/n/12 ! \OT1/cmr/m/n/12 H$ \T1/ppl/m/n/12 pro-duc-tion mode from \T1/p
pl/m/sc/12 powheg+JHUGen 
 []


Overfull \hbox (60.95111pt too wide) in paragraph at lines 180--180
 \T1/ppl/m/n/12 m(4$\OML/cmm/m/it/12 `$\T1/ppl/m/n/12 ) in $\OT1/cmr/m/n/12 2\O
ML/cmm/m/it/12 e\OT1/cmr/m/n/12 2\OML/cmm/m/it/12 ^^V$ \T1/ppl/m/n/12 fi-nal st
ate for the $\OML/cmm/m/it/12 VBF$ \T1/ppl/m/n/12 pro-duc-tion mode from \T1/pp
l/m/sc/12 powheg+JHUGen 
 []


Overfull \hbox (48.00679pt too wide) in paragraph at lines 188--188
 \T1/ppl/m/n/12 m(4$\OML/cmm/m/it/12 `$\T1/ppl/m/n/12 ) in $\OT1/cmr/m/n/12 4\O
ML/cmm/m/it/12 e$ \T1/ppl/m/n/12 fi-nal state for the $\OML/cmm/m/it/12 VBF$ \T
1/ppl/m/n/12 pro-duc-tion mode from \T1/ppl/m/sc/12 powheg+JHUGen 
 []


Overfull \hbox (49.63039pt too wide) in paragraph at lines 196--196
 \T1/ppl/m/n/12 m(4$\OML/cmm/m/it/12 `$\T1/ppl/m/n/12 ) in $\OT1/cmr/m/n/12 4\O
ML/cmm/m/it/12 ^^V$ \T1/ppl/m/n/12 fi-nal state for the $\OML/cmm/m/it/12 VBF$ 
\T1/ppl/m/n/12 pro-duc-tion mode from \T1/ppl/m/sc/12 powheg+JHUGen 
 []


Overfull \hbox (56.10742pt too wide) in paragraph at lines 204--204
 \T1/ppl/m/n/12 m(4$\OML/cmm/m/it/12 `$\T1/ppl/m/n/12 ) in $\OT1/cmr/m/n/12 2\O
ML/cmm/m/it/12 e\OT1/cmr/m/n/12 2\OML/cmm/m/it/12 ^^V$ \T1/ppl/m/n/12 fi-nal st
ate for the $\OML/cmm/m/it/12 WH$ \T1/ppl/m/n/12 pro-duc-tion mode from \T1/ppl
/m/sc/12 powheg+JHUGen 
 []


Overfull \hbox (43.1631pt too wide) in paragraph at lines 212--212
 \T1/ppl/m/n/12 m(4$\OML/cmm/m/it/12 `$\T1/ppl/m/n/12 ) in $\OT1/cmr/m/n/12 4\O
ML/cmm/m/it/12 e$ \T1/ppl/m/n/12 fi-nal state for the $\OML/cmm/m/it/12 WH$ \T1
/ppl/m/n/12 pro-duc-tion mode from \T1/ppl/m/sc/12 powheg+JHUGen 
 []


Overfull \hbox (60.98799pt too wide) in paragraph at lines 220--220
 \T1/ppl/m/n/12 m(4$\OML/cmm/m/it/12 `$\T1/ppl/m/n/12 ) in $\OT1/cmr/m/n/12 4\O
ML/cmm/m/it/12 ^^V$ \T1/ppl/m/n/12 fi-nal state for the $\OML/cmm/m/it/12 gg \O
MS/cmsy/m/n/12 ! \OT1/cmr/m/n/12 H$ \T1/ppl/m/n/12 pro-duc-tion mode from \T1/p
pl/m/sc/12 powheg+JHUGen 
 []

[17]
Overfull \hbox (52.28664pt too wide) in paragraph at lines 228--228
 \T1/ppl/m/n/12 m(4$\OML/cmm/m/it/12 `$\T1/ppl/m/n/12 ) in $\OT1/cmr/m/n/12 2\O
ML/cmm/m/it/12 e\OT1/cmr/m/n/12 2\OML/cmm/m/it/12 ^^V$ \T1/ppl/m/n/12 fi-nal st
ate for the $\OML/cmm/m/it/12 ZH$ \T1/ppl/m/n/12 pro-duc-tion mode from \T1/ppl
/m/sc/12 powheg+JHUGen 
 []


Overfull \hbox (39.34232pt too wide) in paragraph at lines 236--236
 \T1/ppl/m/n/12 m(4$\OML/cmm/m/it/12 `$\T1/ppl/m/n/12 ) in $\OT1/cmr/m/n/12 4\O
ML/cmm/m/it/12 e$ \T1/ppl/m/n/12 fi-nal state for the $\OML/cmm/m/it/12 ZH$ \T1
/ppl/m/n/12 pro-duc-tion mode from \T1/ppl/m/sc/12 powheg+JHUGen 
 []


Overfull \hbox (40.96591pt too wide) in paragraph at lines 244--244
 \T1/ppl/m/n/12 m(4$\OML/cmm/m/it/12 `$\T1/ppl/m/n/12 ) in $\OT1/cmr/m/n/12 4\O
ML/cmm/m/it/12 ^^V$ \T1/ppl/m/n/12 fi-nal state for the $\OML/cmm/m/it/12 ZH$ \
T1/ppl/m/n/12 pro-duc-tion mode from \T1/ppl/m/sc/12 powheg+JHUGen 
 []


Overfull \hbox (51.86858pt too wide) in paragraph at lines 252--252
 \T1/ppl/m/n/12 m(4$\OML/cmm/m/it/12 `$\T1/ppl/m/n/12 ) in $\OT1/cmr/m/n/12 2\O
ML/cmm/m/it/12 e\OT1/cmr/m/n/12 2\OML/cmm/m/it/12 ^^V$ \T1/ppl/m/n/12 fi-nal st
ate for the $\OML/cmm/m/it/12 ttH$ \T1/ppl/m/n/12 pro-duc-tion mode from \T1/pp
l/m/sc/12 powheg+JHUGen 
 []


Overfull \hbox (38.92426pt too wide) in paragraph at lines 260--260
 \T1/ppl/m/n/12 m(4$\OML/cmm/m/it/12 `$\T1/ppl/m/n/12 ) in $\OT1/cmr/m/n/12 4\O
ML/cmm/m/it/12 e$ \T1/ppl/m/n/12 fi-nal state for the $\OML/cmm/m/it/12 ttH$ \T
1/ppl/m/n/12 pro-duc-tion mode from \T1/ppl/m/sc/12 powheg+JHUGen 
 []


Overfull \hbox (40.54785pt too wide) in paragraph at lines 268--268
 \T1/ppl/m/n/12 m(4$\OML/cmm/m/it/12 `$\T1/ppl/m/n/12 ) in $\OT1/cmr/m/n/12 4\O
ML/cmm/m/it/12 ^^V$ \T1/ppl/m/n/12 fi-nal state for the $\OML/cmm/m/it/12 ttH$ 
\T1/ppl/m/n/12 pro-duc-tion mode from \T1/ppl/m/sc/12 powheg+JHUGen 
 []

[18])
\tf@lof=\write8
\openout8 = `main_simple.lof'.

 [19] [20

] (./main_simple.lot
1: section
[21]
Overfull \hbox (2.35594pt too wide) in paragraph at lines 25--25
 \T1/ppl/m/n/12 events re-con-structed within the fidu-cial re-gion ($\OML/cmm/
m/it/12 f[]$\T1/ppl/m/n/12 ) per fi-nal state 
 []


Overfull \hbox (5.27576pt too wide) in paragraph at lines 28--28
 \T1/ppl/m/n/12 lep-ton mo-men-tum scale and res-o-lu-tion un-cer-tain-ties hav
e been prop- 
 []

[22])
\tf@lot=\write9
\openout9 = `main_simple.lot'.

 [23] [24

]
1: section
\openout2 = `Chapters/introduction.aux'.

(./Chapters/introduction.tex
Chapter 1.

LaTeX Warning: Citation 'Khachatryan:2015yvw' on page 1 undefined on input line
 43.


LaTeX Warning: Citation 'CMS:2015hja' on page 1 undefined on input line 43.


LaTeX Warning: Citation 'CMS:2016rqf' on page 1 undefined on input line 43.


LaTeX Warning: Citation 'Sirunyan:2017exp' on page 1 undefined on input line 43
.


LaTeX Warning: Citation 'CMS:2018hhg' on page 1 undefined on input line 43.


LaTeX Warning: Citation 'ATLAS-CONF-2019-029' on page 1 undefined on input line
 43.


LaTeX Warning: Citation 'ATLAS-CONF-2019-025 ' on page 1 undefined on input lin
e 43.


LaTeX Warning: Citation 'ATLAS:2018uso' on page 1 undefined on input line 43.


LaTeX Warning: Citation 'ATLAS-CONF-2019-032' on page 1 undefined on input line
 43.


LaTeX Warning: Citation 'ATLAS:2017myr' on page 1 undefined on input line 43.


LaTeX Warning: Citation 'CMS:2019chr' on page 1 undefined on input line 43.


LaTeX Warning: Citation 'Sirunyan:2020xwk' on page 1 undefined on input line 43
.


Overfull \hbox (10.6542pt too wide) in paragraph at lines 40--58
[]\T1/ppl/m/n/12 , [], [], [],
 []

1: section
[1


]
LaTeX Font Info:    Try loading font information for OMS+ppl on input line 61.
 (/usr/share/texlive/texmf-dist/tex/latex/psnfss/omsppl.fd
File: omsppl.fd 
)
LaTeX Font Info:    Font shape `OMS/ppl/m/n' in size <12> not available
(Font)              Font shape `OMS/cmsy/m/n' tried instead on input line 61.
) [2]
\openout2 = `Chapters/Chapter_1.aux'.


(./Chapters/Chapter_1.tex
Chapter 2.
LaTeX Font Info:    Font shape `T1/ppl/bx/n' in size <17.28> not available
(Font)              Font shape `T1/ppl/b/n' tried instead on input line 10.
LaTeX Font Info:    Font shape `T1/ppl/bx/n' in size <14.4> not available
(Font)              Font shape `T1/ppl/b/n' tried instead on input line 13.
1: section
[3



]
Overfull \hbox (2.31712pt too wide) in paragraph at lines 56--56
[]\T1/ppl/b/n/17.28 Fundamental Par-ti-cles and un-der-ly-ing In-ter-ac-tions 
 []

[4]
Underfull \hbox (badness 10000) in paragraph at lines 64--70

 []


LaTeX Warning: Citation 'masses' on page 5 undefined on input line 85.

LaTeX Font Info:    Font shape `T1/ppl/bx/n' in size <10.95> not available
(Font)              Font shape `T1/ppl/b/n' tried instead on input line 85.

LaTeX Warning: Citation 'masses' on page 5 undefined on input line 85.


Overfull \hbox (55.06999pt too wide) in paragraph at lines 87--110
 [] 
 []

<SM.pdf, id=1702, 257.8724pt x 218.54247pt>
File: SM.pdf Graphic file (type pdf)
<use SM.pdf>
Package pdftex.def Info: SM.pdf  used on input line 173.
(pdftex.def)             Requested size: 433.62001pt x 367.52232pt.
[5] [6 <./SM.pdf>] [7]
Underfull \hbox (badness 10000) in paragraph at lines 233--234

 []


Underfull \hbox (badness 10000) in paragraph at lines 243--244

 []

[8] [9]
<Figures/chapter1_Figure/higgs_potential.png, id=1863, 1054.94125pt x 681.54625
pt>
File: Figures/chapter1_Figure/higgs_potential.png Graphic file (type png)
<use Figures/chapter1_Figure/higgs_potential.png>
Package pdftex.def Info: Figures/chapter1_Figure/higgs_potential.png  used on i
nput line 434.
(pdftex.def)             Requested size: 260.17465pt x 168.07744pt.
 [10 <./Figures/chapter1_Figure/higgs_potential.png>]
Underfull \hbox (badness 10000) in paragraph at lines 487--489

 []

! Missing delimiter (. inserted).
<to be read again> 
                   {
l.508 ...pm} =(\left\frac{W^{1}\mp~iW^2}{\sqrt{2}}
                                                  )\right    %\mathscr{L}_{H...

? 
! Missing delimiter (. inserted).
<to be read again> 
                   \gdef 
l.509 	\label
             {w_terms}
? 
[11]
Overfull \hbox (5.05664pt too wide) in paragraph at lines 564--566
[]\T1/ppl/m/n/12 With spon-ta-neous sym-me-try break-ing (SSB), gauge bosons (W
,Z) ac-quire masses
 []


Overfull \hbox (5.66891pt too wide) in paragraph at lines 702--702
[]\T1/ppl/b/n/17.28 Phenomenology of proton-proton col-li-sions at LHC 
 []


LaTeX Warning: Citation 'scattering_pp' on page 12 undefined on input line 709.


<Figures/chapter1_Figure/scattering.png, id=1896, 1172.38pt x 838.13126pt>
File: Figures/chapter1_Figure/scattering.png Graphic file (type png)
<use Figures/chapter1_Figure/scattering.png>
Package pdftex.def Info: Figures/chapter1_Figure/scattering.png  used on input 
line 713.
(pdftex.def)             Requested size: 303.53267pt x 216.98819pt.
[12] [13 <./Figures/chapter1_Figure/scattering.png>]
Overfull \hbox (0.55626pt too wide) in paragraph at lines 726--729
[]\T1/ppl/m/n/12 In hard scat-ter-ing ex-per-i-ments, prob-a-blity of a cer-tai
n pro-cess to oc-cur is known
 []

<Figures/chapter1_Figure/higgs_production.png, id=1920, 800.9925pt x 678.535pt>

File: Figures/chapter1_Figure/higgs_production.png Graphic file (type png)
<use Figures/chapter1_Figure/higgs_production.png>
Package pdftex.def Info: Figures/chapter1_Figure/higgs_production.png  used on 
input line 768.
(pdftex.def)             Requested size: 281.85036pt x 238.7643pt.
<Figures/chapter1_Figure/Escan_h125.pdf, id=1921, 569.12625pt x 547.04375pt>
File: Figures/chapter1_Figure/Escan_h125.pdf Graphic file (type pdf)
<use Figures/chapter1_Figure/Escan_h125.pdf>
Package pdftex.def Info: Figures/chapter1_Figure/Escan_h125.pdf  used on input 
line 777.
(pdftex.def)             Requested size: 190.79385pt x 183.38808pt.
<Figures/chapter1_Figure/plot_13tev_BSM_aa.pdf, id=1922, 569.12625pt x 410.5337
5pt>
File: Figures/chapter1_Figure/plot_13tev_BSM_aa.pdf Graphic file (type pdf)
<use Figures/chapter1_Figure/plot_13tev_BSM_aa.pdf>
Package pdftex.def Info: Figures/chapter1_Figure/plot_13tev_BSM_aa.pdf  used on
 input line 778.
(pdftex.def)             Requested size: 234.15189pt x 168.9025pt.
[14] [15 <./Figures/chapter1_Figure/higgs_production.png> <./Figures/chapter1_F
igure/Escan_h125.pdf, page is rotated 90 degrees> <./Figures/chapter1_Figure/pl
ot_13tev_BSM_aa.pdf, page is rotated 90 degrees>]
<Figures/chapter1_Figure/Higgs_BR_LM.pdf, id=2030, 569.12625pt x 546.04pt>
File: Figures/chapter1_Figure/Higgs_BR_LM.pdf Graphic file (type pdf)
<use Figures/chapter1_Figure/Higgs_BR_LM.pdf>
Package pdftex.def Info: Figures/chapter1_Figure/Higgs_BR_LM.pdf  used on input
 line 885.
(pdftex.def)             Requested size: 260.17465pt x 249.63171pt.
) [16] [17 <./Figures/chapter1_Figure/Higgs_BR_LM.pdf>]
\openout2 = `Chapters/Chapter_2.aux'.

 (./Chapters/Chapter_2.tex [18



]
Chapter 3.
<Figures/chapter2_Figure/Cross-section-of-LHC-cryodipole.png, id=2060, 853.1875
pt x 476.78125pt>
File: Figures/chapter2_Figure/Cross-section-of-LHC-cryodipole.png Graphic file 
(type png)
<use Figures/chapter2_Figure/Cross-section-of-LHC-cryodipole.png>
Package pdftex.def Info: Figures/chapter2_Figure/Cross-section-of-LHC-cryodipol
e.png  used on input line 17.
(pdftex.def)             Requested size: 346.89732pt x 193.85922pt.
<Figures/chapter2_Figure/CERN_accelerating_complex.png, id=2062, 1025.8325pt x 
822.07124pt>
File: Figures/chapter2_Figure/CERN_accelerating_complex.png Graphic file (type 
png)
<use Figures/chapter2_Figure/CERN_accelerating_complex.png>
Package pdftex.def Info: Figures/chapter2_Figure/CERN_accelerating_complex.png 
 used on input line 27.
(pdftex.def)             Requested size: 346.89732pt x 277.99527pt.

Overfull \hbox (1.13481pt too wide) in paragraph at lines 32--42
\T1/ppl/m/n/12 achieved 1.18 TeV en-ergy each beam thus de-feat-ing the Teva-tr
on's high-est achieved
 []

1: section
[19] [20 <./Figures/chapter2_Figure/Cross-section-of-LHC-cryodipole.png> <./Fig
ures/chapter2_Figure/CERN_accelerating_complex.png>]
Overfull \hbox (0.10309pt too wide) in paragraph at lines 54--70
\T1/ppl/m/n/12 sep-a-rate rings con-tain-ing clock-wise and coun-ter-clock-wise
 pro-ton beams, equipped
 []

[21]
! Missing delimiter (. inserted).
<to be read again> 
                   1
l.102  F = \left1
                 +(\frac{\theta_{c}\theta_{X}}{2\sigma^{\ast}})^{2}\right
? 
! Missing delimiter (. inserted).
<to be read again> 
                   \gdef 
l.103 \end{equation}
                    
? 
<Figures/chapter2_Figure/pp_XS.png, id=2088, 630.355pt x 722.7pt>
File: Figures/chapter2_Figure/pp_XS.png Graphic file (type png)
<use Figures/chapter2_Figure/pp_XS.png>
Package pdftex.def Info: Figures/chapter2_Figure/pp_XS.png  used on input line 
154.
(pdftex.def)             Requested size: 238.49232pt x 273.42685pt.
<Figures/chapter2_Figure/int_lumi_per_day_cumulative_pp_2015_prelim.pdf, id=209
0, 578.16pt x 433.62pt>
File: Figures/chapter2_Figure/int_lumi_per_day_cumulative_pp_2015_prelim.pdf Gr
aphic file (type pdf)
<use Figures/chapter2_Figure/int_lumi_per_day_cumulative_pp_2015_prelim.pdf>
Package pdftex.def Info: Figures/chapter2_Figure/int_lumi_per_day_cumulative_pp
_2015_prelim.pdf  used on input line 177.
(pdftex.def)             Requested size: 208.13574pt x 156.09647pt.
<Figures/chapter2_Figure/int_lumi_per_day_cumulative_pp_2016_prelim.pdf, id=209
1, 578.16pt x 433.62pt>
File: Figures/chapter2_Figure/int_lumi_per_day_cumulative_pp_2016_prelim.pdf Gr
aphic file (type pdf)
<use Figures/chapter2_Figure/int_lumi_per_day_cumulative_pp_2016_prelim.pdf>
Package pdftex.def Info: Figures/chapter2_Figure/int_lumi_per_day_cumulative_pp
_2016_prelim.pdf  used on input line 181.
(pdftex.def)             Requested size: 208.13574pt x 156.09647pt.
<Figures/chapter2_Figure/int_lumi_per_day_cumulative_pp_2017_prelim.pdf, id=209
2, 578.16pt x 433.62pt>
File: Figures/chapter2_Figure/int_lumi_per_day_cumulative_pp_2017_prelim.pdf Gr
aphic file (type pdf)
<use Figures/chapter2_Figure/int_lumi_per_day_cumulative_pp_2017_prelim.pdf>
Package pdftex.def Info: Figures/chapter2_Figure/int_lumi_per_day_cumulative_pp
_2017_prelim.pdf  used on input line 186.
(pdftex.def)             Requested size: 208.13574pt x 156.09647pt.
<Figures/chapter2_Figure/int_lumi_per_day_cumulative_pp_2018_prelim.pdf, id=209
3, 578.16pt x 433.62pt>
File: Figures/chapter2_Figure/int_lumi_per_day_cumulative_pp_2018_prelim.pdf Gr
aphic file (type pdf)
<use Figures/chapter2_Figure/int_lumi_per_day_cumulative_pp_2018_prelim.pdf>
Package pdftex.def Info: Figures/chapter2_Figure/int_lumi_per_day_cumulative_pp
_2018_prelim.pdf  used on input line 190.
(pdftex.def)             Requested size: 208.13574pt x 156.09647pt.

LaTeX Warning: Reference `CERN:news_linac2' on page 22 undefined on input line 
751.


LaTeX Warning: Reference `CERN:LS2_upgrades' on page 22 undefined on input line
 752.

[22] [23 <./Figures/chapter2_Figure/pp_XS.png>] [24 <./Figures/chapter2_Figure/
int_lumi_per_day_cumulative_pp_2015_prelim.pdf> <./Figures/chapter2_Figure/int_
lumi_per_day_cumulative_pp_2016_prelim.pdf

pdfTeX warning: pdflatex (file ./Figures/chapter2_Figure/int_lumi_per_day_cumul
ative_pp_2016_prelim.pdf): PDF inclusion: multiple pdfs with page group include
d in a single page
> <./Figures/chapter2_Figure/int_lumi_per_day_cumulative_pp_2017_prelim.pdf

pdfTeX warning: pdflatex (file ./Figures/chapter2_Figure/int_lumi_per_day_cumul
ative_pp_2017_prelim.pdf): PDF inclusion: multiple pdfs with page group include
d in a single page
> <./Figures/chapter2_Figure/int_lumi_per_day_cumulative_pp_2018_prelim.pdf

pdfTeX warning: pdflatex (file ./Figures/chapter2_Figure/int_lumi_per_day_cumul
ative_pp_2018_prelim.pdf): PDF inclusion: multiple pdfs with page group include
d in a single page
>]) [25]
\openout2 = `Chapters/Chapter_2_CMS.aux'.

 (./Chapters/Chapter_2_CMS.tex [26



]
Chapter 4.
<Figures/chapter2_Figure/CMS_detector_design.png, id=2401, 3189.9175pt x 2253.4
1875pt>
File: Figures/chapter2_Figure/CMS_detector_design.png Graphic file (type png)
<use Figures/chapter2_Figure/CMS_detector_design.png>
Package pdftex.def Info: Figures/chapter2_Figure/CMS_detector_design.png  used 
on input line 31.
(pdftex.def)             Requested size: 346.89732pt x 245.02292pt.
1: section
[27]
<Figures/chapter2_Figure/magnet_diagram.png, id=2409, 853.1875pt x 733.74126pt>

File: Figures/chapter2_Figure/magnet_diagram.png Graphic file (type png)
<use Figures/chapter2_Figure/magnet_diagram.png>
Package pdftex.def Info: Figures/chapter2_Figure/magnet_diagram.png  used on in
put line 49.
(pdftex.def)             Requested size: 195.12767pt x 167.80528pt.
 [28 <./Figures/chapter2_Figure/CMS_detector_design.png>]
<Figures/chapter2_Figure/cms_coordinate_system1.png, id=2424, 136.3494pt x 138.
7584pt>
File: Figures/chapter2_Figure/cms_coordinate_system1.png Graphic file (type png
)
<use Figures/chapter2_Figure/cms_coordinate_system1.png>
Package pdftex.def Info: Figures/chapter2_Figure/cms_coordinate_system1.png  us
ed on input line 70.
(pdftex.def)             Requested size: 130.08733pt x 132.38927pt.
<Figures/chapter2_Figure/cms_coordinate_system2.png, id=2425, 903.375pt x 443.6
575pt>
File: Figures/chapter2_Figure/cms_coordinate_system2.png Graphic file (type png
)
<use Figures/chapter2_Figure/cms_coordinate_system2.png>
Package pdftex.def Info: Figures/chapter2_Figure/cms_coordinate_system2.png  us
ed on input line 74.
(pdftex.def)             Requested size: 281.85036pt x 138.41922pt.
 [29 <./Figures/chapter2_Figure/magnet_diagram.png>]
<Figures/chapter2_Figure/CMS_tracker.pdf, id=2439, 817.139pt x 394.5942pt>
File: Figures/chapter2_Figure/CMS_tracker.pdf Graphic file (type pdf)
<use Figures/chapter2_Figure/CMS_tracker.pdf>
Package pdftex.def Info: Figures/chapter2_Figure/CMS_tracker.pdf  used on input
 line 129.
(pdftex.def)             Requested size: 346.89732pt x 167.51666pt.
 [30 <./Figures/chapter2_Figure/cms_coordinate_system1.png> <./Figures/chapter2
_Figure/cms_coordinate_system2.png>]

LaTeX Warning: Citation 'Klein:2017nke' on page 31 undefined on input line 177.


<Figures/chapter2_Figure/CMS_pixel_upgrade.png, id=2448, 1891.065pt x 604.2575p
t>
File: Figures/chapter2_Figure/CMS_pixel_upgrade.png Graphic file (type png)
<use Figures/chapter2_Figure/CMS_pixel_upgrade.png>
Package pdftex.def Info: Figures/chapter2_Figure/CMS_pixel_upgrade.png  used on
 input line 193.
(pdftex.def)             Requested size: 346.89732pt x 110.84541pt.

! LaTeX Error: There's no line here to end.

See the LaTeX manual or LaTeX Companion for explanation.
Type  H <return>  for immediate help.
 ...                                              
                                                  
l.199 
      
? 

LaTeX Warning: Citation 'Sonneveld:2018ntf' on page 31 undefined on input line 
205.

<Figures/chapter2_Figure/hit_efficiency_upgrade.png, id=2450, 1786.675pt x 838.
13126pt>
File: Figures/chapter2_Figure/hit_efficiency_upgrade.png Graphic file (type png
)
<use Figures/chapter2_Figure/hit_efficiency_upgrade.png>
Package pdftex.def Info: Figures/chapter2_Figure/hit_efficiency_upgrade.png  us
ed on input line 209.
(pdftex.def)             Requested size: 346.89732pt x 162.72516pt.
[31 <./Figures/chapter2_Figure/CMS_tracker.pdf>] [32 <./Figures/chapter2_Figure
/CMS_pixel_upgrade.png> <./Figures/chapter2_Figure/hit_efficiency_upgrade.png>]
<Figures/chapter2_Figure/ecal_2.pdf, id=2531, 569.54585pt x 278.23146pt>
File: Figures/chapter2_Figure/ecal_2.pdf Graphic file (type pdf)
<use Figures/chapter2_Figure/ecal_2.pdf>
Package pdftex.def Info: Figures/chapter2_Figure/ecal_2.pdf  used on input line
 300.
(pdftex.def)             Requested size: 303.53267pt x 148.28134pt.
! Missing $ inserted.
<inserted text> 
                $
l.308 ...m${}^{3}$) with less radiation length (X_
                                                  $\circ$ of 0.89~cm ).
? 
! Missing { inserted.
<to be read again> 
                   $
l.308 ...${}^{3}$) with less radiation length (X_$
                                                  \circ$ of 0.89~cm ).
? 
! Missing } inserted.
<inserted text> 
                }
l.308 ...${}^{3}$) with less radiation length (X_$
                                                  \circ$ of 0.89~cm ).
? 
! Missing $ inserted.
<inserted text> 
                $
l.308 ...3}$) with less radiation length (X_$\circ
                                                  $ of 0.89~cm ).
? 
[33]
<Figures/chapter2_Figure/CMS_Electromagnetic_calorimeter.pdf, id=2539, 805.1516
6pt x 553.4301pt>
File: Figures/chapter2_Figure/CMS_Electromagnetic_calorimeter.pdf Graphic file 
(type pdf)
<use Figures/chapter2_Figure/CMS_Electromagnetic_calorimeter.pdf>
Package pdftex.def Info: Figures/chapter2_Figure/CMS_Electromagnetic_calorimete
r.pdf  used on input line 344.
(pdftex.def)             Requested size: 303.53267pt x 208.64201pt.
<Figures/chapter2_Figure/ecal_contributions.png, id=2541, 865.2325pt x 732.7375
pt>
File: Figures/chapter2_Figure/ecal_contributions.png Graphic file (type png)
<use Figures/chapter2_Figure/ecal_contributions.png>
Package pdftex.def Info: Figures/chapter2_Figure/ecal_contributions.png  used o
n input line 372.
(pdftex.def)             Requested size: 260.17465pt x 220.32608pt.
 [34 <./Figures/chapter2_Figure/ecal_2.pdf> <./Figures/chapter2_Figure/CMS_Elec
tromagnetic_calorimeter.pdf>]

LaTeX Warning: Citation 'Zghiche_2019' on page 35 undefined on input line 381.

<Figures/chapter2_Figure/ecal_energy_resolution_2017.png, id=2594, 1854.93pt x 
625.33624pt>
File: Figures/chapter2_Figure/ecal_energy_resolution_2017.png Graphic file (typ
e png)
<use Figures/chapter2_Figure/ecal_energy_resolution_2017.png>
Package pdftex.def Info: Figures/chapter2_Figure/ecal_energy_resolution_2017.pn
g  used on input line 386.
(pdftex.def)             Requested size: 433.62001pt x 146.18114pt.
[35 <./Figures/chapter2_Figure/ecal_contributions.png>]
<Figures/chapter2_Figure/CMS_HCAL.pdf, id=2605, 1073.00874pt x 636.37732pt>
File: Figures/chapter2_Figure/CMS_HCAL.pdf Graphic file (type pdf)
<use Figures/chapter2_Figure/CMS_HCAL.pdf>
Package pdftex.def Info: Figures/chapter2_Figure/CMS_HCAL.pdf  used on input li
ne 410.
(pdftex.def)             Requested size: 303.53267pt x 180.00996pt.

! Missing $ inserted.
<inserted text> 
                $
l.424 ...a \eta \times \Delta \phi $ = 0.87 \times
                                                   0.87.
? 
! Missing $ inserted.
<inserted text> 
                $
l.425 
      
? 
[36 <./Figures/chapter2_Figure/ecal_energy_resolution_2017.png> <./Figures/chap
ter2_Figure/CMS_HCAL.pdf>]

LaTeX Warning: Citation 'pixel_hcal_upgrade' on page 37 undefined on input line
 499.


Overfull \hbox (34.42325pt too wide) in paragraph at lines 499--528
\T1/ppl/m/n/12 (SiPMs) for noise elim-i-na-tion and bet-ter photo de-tec-tion e
f-fi-ciency  [[]]. 
 []

! Missing $ inserted.
<inserted text> 
                $
l.529 ...e. Having long lifetime (i.e. 2.19 \times
                                                   $10^{-6}$ , which is even...

? 
! Missing $ inserted.
<inserted text> 
                $
l.529 ...ving long lifetime (i.e. 2.19 \times $10^
                                                  {-6}$ , which is even high...

? 

Overfull \hbox (42.19861pt too wide) in paragraph at lines 529--530
\T1/ppl/m/n/12 (about 200 times the mass of elec-trons) it tends to lose very l
it-tle en-ergy via bremsstrahlung.
 []

[37]
<Figures/chapter2_Figure/cms_muon_system_layout.png, id=2680, 1307.88625pt x 84
9.1725pt>
File: Figures/chapter2_Figure/cms_muon_system_layout.png Graphic file (type png
)
<use Figures/chapter2_Figure/cms_muon_system_layout.png>
Package pdftex.def Info: Figures/chapter2_Figure/cms_muon_system_layout.png  us
ed on input line 547.
(pdftex.def)             Requested size: 390.25536pt x 253.38023pt.


LaTeX Warning: Citation 'Paolucci:927394' on page 38 undefined on input line 59
1.

! Undefined control sequence.
\micro ->\ERROR 
                
l.592 ...e wire made of steel (of radius 25 \micro
                                                   m) togther with walls of ...

? 

LaTeX Warning: Citation 'article_dt' on page 38 undefined on input line 593.

[38 <./Figures/chapter2_Figure/cms_muon_system_layout.png>]
<Figures/chapter2_Figure/drift_tube.png, id=2688, 916.42375pt x 533.995pt>
File: Figures/chapter2_Figure/drift_tube.png Graphic file (type png)
<use Figures/chapter2_Figure/drift_tube.png>
Package pdftex.def Info: Figures/chapter2_Figure/drift_tube.png  used on input 
line 617.
(pdftex.def)             Requested size: 195.12767pt x 113.69855pt.
<Figures/chapter2_Figure/dt_chamers.png, id=2689, 830.10126pt x 849.1725pt>
File: Figures/chapter2_Figure/dt_chamers.png Graphic file (type png)
<use Figures/chapter2_Figure/dt_chamers.png>
Package pdftex.def Info: Figures/chapter2_Figure/dt_chamers.png  used on input 
line 621.
(pdftex.def)             Requested size: 216.81pt x 221.79031pt.
 [39 <./Figures/chapter2_Figure/drift_tube.png> <./Figures/chapter2_Figure/dt_c
hamers.png>]

LaTeX Warning: Citation 'article_rpc' on page 40 undefined on input line 648.

<Figures/chapter2_Figure/cms_rpc.png, id=2699, 853.1875pt x 323.2075pt>
File: Figures/chapter2_Figure/cms_rpc.png Graphic file (type png)
<use Figures/chapter2_Figure/cms_rpc.png>
Package pdftex.def Info: Figures/chapter2_Figure/cms_rpc.png  used on input lin
e 660.
(pdftex.def)             Requested size: 303.53267pt x 114.98851pt.
[40 <./Figures/chapter2_Figure/cms_rpc.png>]
<Figures/chapter2_Figure/csc_layout.png, id=2707, 1389.19pt x 718.685pt>
File: Figures/chapter2_Figure/csc_layout.png Graphic file (type png)
<use Figures/chapter2_Figure/csc_layout.png>
Package pdftex.def Info: Figures/chapter2_Figure/csc_layout.png  used on input 
line 707.
(pdftex.def)             Requested size: 303.53267pt x 157.02553pt.
<Figures/chapter2_Figure/csc_chamber_electronics2.png, id=2710, 1544.77126pt x 
778.91pt>
File: Figures/chapter2_Figure/csc_chamber_electronics2.png Graphic file (type p
ng)
<use Figures/chapter2_Figure/csc_chamber_electronics2.png>
Package pdftex.def Info: Figures/chapter2_Figure/csc_chamber_electronics2.png  
used on input line 718.
(pdftex.def)             Requested size: 411.93768pt x 207.70566pt.


LaTeX Warning: Citation 'Sirunyan:2018fpa' on page 41 undefined on input line 7
26.


Underfull \hbox (badness 10000) in paragraph at lines 726--747

 []

[41 <./Figures/chapter2_Figure/csc_layout.png>]

LaTeX Warning: Citation 'Radogna:2016esa' on page 42 undefined on input line 75
2.


LaTeX Warning: Citation 'Costantini:2711362' on page 42 undefined on input line
 752.

<Figures/chapter2_Figure/updated_cms.png, id=2718, 555.0336pt x 365.6862pt>
File: Figures/chapter2_Figure/updated_cms.png Graphic file (type png)
<use Figures/chapter2_Figure/updated_cms.png>
Package pdftex.def Info: Figures/chapter2_Figure/updated_cms.png  used on input
 line 786.
(pdftex.def)             Requested size: 411.93768pt x 271.40706pt.
[42 <./Figures/chapter2_Figure/csc_chamber_electronics2.png>]
! Undefined control sequence.
\micro ->\ERROR 
                
l.898 ...uon system to make decisions (in 4 \micro
                                                   s) in several steps to ac...

? 
<Figures/chapter2_Figure/cms_l1_trigger.png, id=2725, 986.68625pt x 706.64pt>
File: Figures/chapter2_Figure/cms_l1_trigger.png Graphic file (type png)
<use Figures/chapter2_Figure/cms_l1_trigger.png>
Package pdftex.def Info: Figures/chapter2_Figure/cms_l1_trigger.png  used on in
put line 903.
(pdftex.def)             Requested size: 368.57965pt x 263.96501pt.
[43 <./Figures/chapter2_Figure/updated_cms.png>] [44 <./Figures/chapter2_Figure
/cms_l1_trigger.png>]

LaTeX Warning: Citation 'Fisk:2010jd' on page 45 undefined on input line 962.

<Figures/chapter2_Figure/LHC_computing_grid.jpg, id=2738, 545.78906pt x 536.002
5pt>
File: Figures/chapter2_Figure/LHC_computing_grid.jpg Graphic file (type jpg)
<use Figures/chapter2_Figure/LHC_computing_grid.jpg>
Package pdftex.def Info: Figures/chapter2_Figure/LHC_computing_grid.jpg  used o
n input line 980.
(pdftex.def)             Requested size: 281.85036pt x 276.79272pt.
[45]) [46 <./Figures/chapter2_Figure/LHC_computing_grid.jpg>]
\openout2 = `Chapters/Chapter_3.aux'.


(./Chapters/Chapter_3.tex
Chapter 5.
(./Objects/trackReco.tex

LaTeX Warning: Citation 'Chatrchyan:2014fea' on page 47 undefined on input line
 4.

1: section
[47



]

! LaTeX Error: There's no line here to end.

See the LaTeX manual or LaTeX Companion for explanation.
Type  H <return>  for immediate help.
 ...                                              
                                                  
l.28 
     
? 

Underfull \hbox (badness 10000) in paragraph at lines 29--30

 []


! LaTeX Error: There's no line here to end.

See the LaTeX manual or LaTeX Companion for explanation.
Type  H <return>  for immediate help.
 ...                                              
                                                  
l.40 
     
? 
<Figures/eff_track_pt.png, id=2752, 602.25pt x 602.25pt>
File: Figures/eff_track_pt.png Graphic file (type png)
<use Figures/eff_track_pt.png>
Package pdftex.def Info: Figures/eff_track_pt.png  used on input line 58.
(pdftex.def)             Requested size: 208.13574pt x 208.13486pt.
<Figures/eff_track_eta.png, id=2753, 602.25pt x 602.25pt>
File: Figures/eff_track_eta.png Graphic file (type png)
<use Figures/eff_track_eta.png>
Package pdftex.def Info: Figures/eff_track_eta.png  used on input line 60.
(pdftex.def)             Requested size: 208.13574pt x 208.13486pt.
<Figures/eff_track_nvertices.png, id=2754, 602.25pt x 602.25pt>
File: Figures/eff_track_nvertices.png Graphic file (type png)
<use Figures/eff_track_nvertices.png>
Package pdftex.def Info: Figures/eff_track_nvertices.png  used on input line 63
.
(pdftex.def)             Requested size: 208.13574pt x 208.13486pt.
) (./Objects/TnP.tex

! LaTeX Error: There's no line here to end.

See the LaTeX manual or LaTeX Companion for explanation.
Type  H <return>  for immediate help.
 ...                                              
                                                  
l.2 \par
         Simulation studies are important to validate the measurements on da...

? 
[48] [49 <./Figures/eff_track_pt.png> <./Figures/eff_track_eta.png> <./Figures/
eff_track_nvertices.png>]

LaTeX Warning: Citation 'pog_tnp' on page 50 undefined on input line 10.


! LaTeX Error: There's no line here to end.

See the LaTeX manual or LaTeX Companion for explanation.
Type  H <return>  for immediate help.
 ...                                              
                                                  
l.22 A
      n example of a TnP fit is shown in the Figure. \ref{fig:tnp_fit_exampl...

? 
<Figures/tnp_fit_example1.png, id=2774, 637.38126pt x 219.82124pt>
File: Figures/tnp_fit_example1.png Graphic file (type png)
<use Figures/tnp_fit_example1.png>
Package pdftex.def Info: Figures/tnp_fit_example1.png  used on input line 29.
(pdftex.def)             Requested size: 433.62001pt x 149.54689pt.
<Figures/tnp_workflow.png, id=2775, 695.59875pt x 300.12125pt>
File: Figures/tnp_workflow.png Graphic file (type png)
<use Figures/tnp_workflow.png>
Package pdftex.def Info: Figures/tnp_workflow.png  used on input line 40.
(pdftex.def)             Requested size: 368.57965pt x 159.02686pt.
) (./Objects/elephoReco.tex
Overfull \hbox (3.67892pt too wide) in paragraph at lines 2--3
\T1/ppl/m/n/12 the dis-ser-ta-tion is based. Both in-ter-act elec-tro-mag-net-i
-cally and can be re-con-structed
 []

<Figures/ele_photo.png, id=2778, 1496.59125pt x 529.98pt>
File: Figures/ele_photo.png Graphic file (type png)
<use Figures/ele_photo.png>
Package pdftex.def Info: Figures/ele_photo.png  used on input line 9.
(pdftex.def)             Requested size: 390.25536pt x 138.19588pt.
[50] [51 <./Figures/tnp_fit_example1.png> <./Figures/tnp_workflow.png>]
<Figures/Electrons/ErecoPt.pdf, id=2795, 569.12625pt x 546.04pt>
File: Figures/Electrons/ErecoPt.pdf Graphic file (type pdf)
<use Figures/Electrons/ErecoPt.pdf>
Package pdftex.def Info: Figures/Electrons/ErecoPt.pdf  used on input line 39.
(pdftex.def)             Requested size: 208.13574pt x 199.69037pt.
<Figures/Electrons/ErecoEta.pdf, id=2796, page=2, 569.12625pt x 552.0625pt>
File: Figures/Electrons/ErecoEta.pdf Graphic file (type pdf)
<use Figures/Electrons/ErecoEta.pdf, page 2>
Package pdftex.def Info: Figures/Electrons/ErecoEta.pdf , page2 used on input l
ine 40.
(pdftex.def)             Requested size: 208.13574pt x 201.89284pt.
<Figures/Electrons/ErecoPt_lowPt.pdf, id=2797, 569.12625pt x 546.04pt>
File: Figures/Electrons/ErecoPt_lowPt.pdf Graphic file (type pdf)
<use Figures/Electrons/ErecoPt_lowPt.pdf>
Package pdftex.def Info: Figures/Electrons/ErecoPt_lowPt.pdf  used on input lin
e 41.
(pdftex.def)             Requested size: 208.13574pt x 199.69037pt.

! Undefined control sequence.
\CJK@XX ...r `#1\endcsname {`#2}\CJK@ignorespaces 
                                                  \fi 
l.44 ...cale factors as provided by the EGM POG.}
                                                  
? 
! Undefined control sequence.
\CJK@XX ...r `#1\endcsname {`#2}\CJK@ignorespaces 
                                                  \fi 
l.44 ...cale factors as provided by the EGM POG.}
                                                  
? 
) (./Objects/eleID.tex
! Undefined control sequence.
l.17 \multirow
              {6}{*}{cluster shape}
? 
! Undefined control sequence.
\CJK@XX ...r `#1\endcsname {`#2}\CJK@ignorespaces 
                                                  \fi 
l.20 ...ergy behind the supercluster of electron 
                                                  to supercluster energy, $H...

? 
! Undefined control sequence.
<recently read> \multirow 
                          
l.25 \multirow
              {2}{*}{track-cluster matching}
? 
! Undefined control sequence.
<recently read> \multirow 
                          
l.29 \multirow
              {5}{*}{tracking}
? 
! Undefined control sequence.
<recently read> \multirow 
                          
l.36 \multirow
              {3}{*}{isolation}
? 
! Undefined control sequence.
<recently read> \multirow 
                          
l.41 \multirow
              {1}{*}{For PU-resilience}
? 

LaTeX Warning: `!h' float specifier changed to `!ht'.

<Figures/Electrons/Ele_BDTv2_Score.pdf, id=2800, 569.12625pt x 544.0325pt>
File: Figures/Electrons/Ele_BDTv2_Score.pdf Graphic file (type pdf)
<use Figures/Electrons/Ele_BDTv2_Score.pdf>
Package pdftex.def Info: Figures/Electrons/Ele_BDTv2_Score.pdf  used on input l
ine 63.
(pdftex.def)             Requested size: 346.89732pt x 331.6186pt.
[52 <./Figures/ele_photo.png>]
<Figures/Electrons/2018_EB1_5.pdf, id=2809, 416.32538pt x 315.83257pt>
File: Figures/Electrons/2018_EB1_5.pdf Graphic file (type pdf)
<use Figures/Electrons/2018_EB1_5.pdf>
Package pdftex.def Info: Figures/Electrons/2018_EB1_5.pdf  used on input line 7
5.
(pdftex.def)             Requested size: 195.12767pt x 148.0317pt.
<Figures/Electrons/2018_EB1_10.pdf, id=2810, 416.32538pt x 315.83257pt>
File: Figures/Electrons/2018_EB1_10.pdf Graphic file (type pdf)
<use Figures/Electrons/2018_EB1_10.pdf>
Package pdftex.def Info: Figures/Electrons/2018_EB1_10.pdf  used on input line 
76.
(pdftex.def)             Requested size: 195.12767pt x 148.0317pt.
<Figures/Electrons/2018_EB2_5.pdf, id=2811, 416.32538pt x 315.83257pt>
File: Figures/Electrons/2018_EB2_5.pdf Graphic file (type pdf)
<use Figures/Electrons/2018_EB2_5.pdf>
Package pdftex.def Info: Figures/Electrons/2018_EB2_5.pdf  used on input line 7
7.
(pdftex.def)             Requested size: 195.12767pt x 148.0317pt.
<Figures/Electrons/2018_EB2_10.pdf, id=2812, 416.32538pt x 315.83257pt>
File: Figures/Electrons/2018_EB2_10.pdf Graphic file (type pdf)
<use Figures/Electrons/2018_EB2_10.pdf>
Package pdftex.def Info: Figures/Electrons/2018_EB2_10.pdf  used on input line 
78.
(pdftex.def)             Requested size: 195.12767pt x 148.0317pt.
<Figures/Electrons/2018_EE_5.pdf, id=2813, 416.32538pt x 315.83257pt>
File: Figures/Electrons/2018_EE_5.pdf Graphic file (type pdf)
<use Figures/Electrons/2018_EE_5.pdf>
Package pdftex.def Info: Figures/Electrons/2018_EE_5.pdf  used on input line 79
.
(pdftex.def)             Requested size: 195.12767pt x 148.0317pt.
<Figures/Electrons/2018_EE_10.pdf, id=2814, 416.32538pt x 315.83257pt>
File: Figures/Electrons/2018_EE_10.pdf Graphic file (type pdf)
<use Figures/Electrons/2018_EE_10.pdf>
Package pdftex.def Info: Figures/Electrons/2018_EE_10.pdf  used on input line 8
0.
(pdftex.def)             Requested size: 195.12767pt x 148.0317pt.

! Illegal parameter number in definition of \GetTitleStringResult.
<to be read again> 
                   e
l.83 \label{fig:ele_ID_ROC}}
                            
? 
! Illegal parameter number in definition of \GetTitleStringResult.
<to be read again> 
                   e
l.83 \label{fig:ele_ID_ROC}}
                            
? 
! Illegal parameter number in definition of \GTS@GlobalString.
<to be read again> 
                   e
l.83 \label{fig:ele_ID_ROC}}
                            
? 
! Illegal parameter number in definition of \GTS@GlobalString.
<to be read again> 
                   e
l.83 \label{fig:ele_ID_ROC}}
                            
? 
! Illegal parameter number in definition of \@tempa.
<to be read again> 
                   e
l.83 \label{fig:ele_ID_ROC}}
                            
? 
! Illegal parameter number in definition of \@tempa.
<to be read again> 
                   e
l.83 \label{fig:ele_ID_ROC}}
                            
? 
! Illegal parameter number in definition of \reserved@a.
<to be read again> 
                   e
l.83 \label{fig:ele_ID_ROC}}
                            
? 
! Illegal parameter number in definition of \reserved@a.
<to be read again> 
                   e
l.83 \label{fig:ele_ID_ROC}}
                            
? 
! Illegal parameter number in definition of \caption@tempa.
<to be read again> 
                   e
l.83 \label{fig:ele_ID_ROC}}
                            
? 
! Illegal parameter number in definition of \caption@tempa.
<to be read again> 
                   e
l.83 \label{fig:ele_ID_ROC}}
                            
? 
! You can't use `macro parameter character #' in math mode.
<argument> ... and $|\eta |<0.8$~(top), $0.8 < |##
                                                  eta| < 1.479$~(middle) and...
l.83 \label{fig:ele_ID_ROC}}
                            
? 
! You can't use `macro parameter character #' in math mode.
<argument> ...< |##eta| < 1.479$~(middle) and $|##
                                                  eta| > 1.479$~(bottom). V1...
l.83 \label{fig:ele_ID_ROC}}
                            
? 
! You can't use `macro parameter character #' in math mode.
<argument> ... and $|\eta |<0.8$~(top), $0.8 < |##
                                                  eta| < 1.479$~(middle) and...
l.83 \label{fig:ele_ID_ROC}}
                            
? 
! You can't use `macro parameter character #' in math mode.
<argument> ...< |##eta| < 1.479$~(middle) and $|##
                                                  eta| > 1.479$~(bottom). V1...
l.83 \label{fig:ele_ID_ROC}}
                            
? 

LaTeX Warning: `!h' float specifier changed to `!ht'.

) (./Objects/eleIP.tex) [53 <./Figures/Electrons/ErecoPt.pdf, page is rotated 9
0 degrees> <./Figures/Electrons/ErecoEta.pdf, page is rotated 90 degrees> <./Fi
gures/Electrons/ErecoPt_lowPt.pdf, page is rotated 90 degrees>]

LaTeX Warning: Text page 54 contains only floats.

[54 <./Figures/Electrons/Ele_BDTv2_Score.pdf, page is rotated 90 degrees>]
[55 <./Figures/Electrons/2018_EB1_5.pdf> <./Figures/Electrons/2018_EB1_10.pdf

pdfTeX warning: pdflatex (file ./Figures/Electrons/2018_EB1_10.pdf): PDF inclus
ion: multiple pdfs with page group included in a single page
> <./Figures/Electrons/2018_EB2_5.pdf

pdfTeX warning: pdflatex (file ./Figures/Electrons/2018_EB2_5.pdf): PDF inclusi
on: multiple pdfs with page group included in a single page
> <./Figures/Electrons/2018_EB2_10.pdf

pdfTeX warning: pdflatex (file ./Figures/Electrons/2018_EB2_10.pdf): PDF inclus
ion: multiple pdfs with page group included in a single page
> <./Figures/Electrons/2018_EE_5.pdf

pdfTeX warning: pdflatex (file ./Figures/Electrons/2018_EE_5.pdf): PDF inclusio
n: multiple pdfs with page group included in a single page
> <./Figures/Electrons/2018_EE_10.pdf

pdfTeX warning: pdflatex (file ./Figures/Electrons/2018_EE_10.pdf): PDF inclusi
on: multiple pdfs with page group included in a single page
>] (./Objects/eleCalib.tex
! Undefined control sequence.
\CJK@XX ...r `#1\endcsname {`#2}\CJK@ignorespaces 
                                                  \fi 
l.5 ...w \Pe \Pe$ sample to align the dielectron 
                                                  mass spectrum in data to t...

? 
<Figures/Electrons/ZMass_ele.pdf, id=3245, 569.12625pt x 552.0625pt>
File: Figures/Electrons/ZMass_ele.pdf Graphic file (type pdf)
<use Figures/Electrons/ZMass_ele.pdf>
Package pdftex.def Info: Figures/Electrons/ZMass_ele.pdf  used on input line 20
.
(pdftex.def)             Requested size: 569.12486pt x 552.06114pt.
<Figures/Electrons/ZMass_ele_EBEB.pdf, id=3246, 569.12625pt x 552.0625pt>
File: Figures/Electrons/ZMass_ele_EBEB.pdf Graphic file (type pdf)
<use Figures/Electrons/ZMass_ele_EBEB.pdf>
Package pdftex.def Info: Figures/Electrons/ZMass_ele_EBEB.pdf  used on input li
ne 21.
(pdftex.def)             Requested size: 569.12486pt x 552.06114pt.
<Figures/Electrons/ZMass_ele_EBEE.pdf, id=3247, 569.12625pt x 552.0625pt>
File: Figures/Electrons/ZMass_ele_EBEE.pdf Graphic file (type pdf)
<use Figures/Electrons/ZMass_ele_EBEE.pdf>
Package pdftex.def Info: Figures/Electrons/ZMass_ele_EBEE.pdf  used on input li
ne 22.
(pdftex.def)             Requested size: 569.12486pt x 552.06114pt.
<Figures/Electrons/ZMass_ele_EEEE.pdf, id=3248, 569.12625pt x 552.0625pt>
File: Figures/Electrons/ZMass_ele_EEEE.pdf Graphic file (type pdf)
<use Figures/Electrons/ZMass_ele_EEEE.pdf>
Package pdftex.def Info: Figures/Electrons/ZMass_ele_EEEE.pdf  used on input li
ne 23.
(pdftex.def)             Requested size: 569.12486pt x 552.06114pt.
) (./Objects/eleEffMeas.tex [56] [57 <./Figures/Electrons/ZMass_ele.pdf, page i
s rotated 90 degrees> <./Figures/Electrons/ZMass_ele_EBEB.pdf, page is rotated 
90 degrees> <./Figures/Electrons/ZMass_ele_EBEE.pdf, page is rotated 90 degrees
> <./Figures/Electrons/ZMass_ele_EEEE.pdf, page is rotated 90 degrees>]
<Figures/Electrons/eleSFvspT.png, id=3438, 1073.82312pt x 1030.8702pt>
File: Figures/Electrons/eleSFvspT.png Graphic file (type png)
<use Figures/Electrons/eleSFvspT.png>
Package pdftex.def Info: Figures/Electrons/eleSFvspT.png  used on input line 30
.
(pdftex.def)             Requested size: 1073.82051pt x 1030.86768pt.
<Figures/Electrons/eleSFvspTgap.png, id=3439, 1073.82312pt x 1030.8702pt>
File: Figures/Electrons/eleSFvspTgap.png Graphic file (type png)
<use Figures/Electrons/eleSFvspTgap.png>
Package pdftex.def Info: Figures/Electrons/eleSFvspTgap.png  used on input line
 31.
(pdftex.def)             Requested size: 1073.82051pt x 1030.86768pt.
<Figures/Electrons/eleSFvsEta.png, id=3440, 1073.82312pt x 1041.77887pt>
File: Figures/Electrons/eleSFvsEta.png Graphic file (type png)
<use Figures/Electrons/eleSFvsEta.png>
Package pdftex.def Info: Figures/Electrons/eleSFvsEta.png  used on input line 3
9.
(pdftex.def)             Requested size: 1073.82051pt x 1041.77634pt.
<Figures/Electrons/eleSFvsEtagap.png, id=3441, 1073.82312pt x 1041.77887pt>
File: Figures/Electrons/eleSFvsEtagap.png Graphic file (type png)
<use Figures/Electrons/eleSFvsEtagap.png>
Package pdftex.def Info: Figures/Electrons/eleSFvsEtagap.png  used on input lin
e 40.
(pdftex.def)             Requested size: 1073.82051pt x 1041.77634pt.
<Figures/egama_SF.png, id=3443, 1141.26375pt x 713.66624pt>
File: Figures/egama_SF.png Graphic file (type png)
<use Figures/egama_SF.png>
Package pdftex.def Info: Figures/egama_SF.png  used on input line 76.
(pdftex.def)             Requested size: 433.62001pt x 271.15242pt.
)
[58 <./Figures/Electrons/eleSFvspT.png> <./Figures/Electrons/eleSFvspTgap.png>]
[59 <./Figures/Electrons/eleSFvsEta.png> <./Figures/Electrons/eleSFvsEtagap.png
> <./Figures/egama_SF.png>] (./Objects/muonReco.tex
LaTeX Font Info:    Try loading font information for T1+pcr on input line 10.

(/usr/share/texlive/texmf-dist/tex/latex/psnfss/t1pcr.fd
File: t1pcr.fd 2001/06/04 font definitions for T1/pcr.
)
Overfull \hbox (18.89674pt too wide) in paragraph at lines 5--13
\T1/ppl/m/n/12 structed only in the muon sys-tem are re-jected. Muons with [][]
\T1/pcr/m/n/12 muonBestTrackType==2
 []

! Undefined control sequence.
<recently read> \cPZ 
                     
l.22 ...a very heavy resonance decays to two $\cPZ
                                                  $ bosons, both bosons
? 
! Undefined control sequence.
<recently read> \cPZ 
                     
l.26 corresponds to muons originating from $\cPZ
                                                $ bosons with $\pt > 500\GeV$.
? 
[60

]) (./Objects/muonIso.tex
Overfull \hbox (2.34631pt too wide) in paragraph at lines 1--7
\T1/ppl/m/n/12 or-der to sub-tract the pileup con-tri-bu-tion for muons, whereb
y $\OT1/cmr/m/n/12 ^^A\OML/cmm/m/it/12 ^^L \OT1/cmr/m/n/12 = [] [][] \OML/cmm/m
/it/12 p[]$
 []


Overfull \hbox (9.31921pt too wide) in paragraph at lines 1--7
\T1/ppl/m/n/12 gives an es-ti-mate of the en-ergy de-posit of neu-tral par-ti-c
les (i.e. pho-tons and hadrons)
 []

! Undefined control sequence.
<argument> ...max (\sum ^\text {neutral had.} \ET 
                                                  + \sum ^\text {photon} \ET...
l.9 ... \ET - \Delta \beta, 0)}{\pt^\text{lepton}}
                                                  
? 
! Undefined control sequence.
<argument> ...ad.} \ET + \sum ^\text {photon} \ET 
                                                  - \Delta \beta , 0)
l.9 ... \ET - \Delta \beta, 0)}{\pt^\text{lepton}}
                                                  
? 
) (./Objects/muIP.tex) (./Objects/muCalib.tex
<Figures/Muons/ZMass_mu.pdf, id=3467, 569.12625pt x 552.0625pt>
File: Figures/Muons/ZMass_mu.pdf Graphic file (type pdf)
<use Figures/Muons/ZMass_mu.pdf>
Package pdftex.def Info: Figures/Muons/ZMass_mu.pdf  used on input line 9.
(pdftex.def)             Requested size: 569.12486pt x 552.06114pt.
<Figures/Muons/ZMass_mu_MBMB.pdf, id=3468, 569.12625pt x 552.0625pt>
File: Figures/Muons/ZMass_mu_MBMB.pdf Graphic file (type pdf)
<use Figures/Muons/ZMass_mu_MBMB.pdf>
Package pdftex.def Info: Figures/Muons/ZMass_mu_MBMB.pdf  used on input line 10
.
(pdftex.def)             Requested size: 569.12486pt x 552.06114pt.
<Figures/Muons/ZMass_mu_MBME.pdf, id=3469, 569.12625pt x 552.0625pt>
File: Figures/Muons/ZMass_mu_MBME.pdf Graphic file (type pdf)
<use Figures/Muons/ZMass_mu_MBME.pdf>
Package pdftex.def Info: Figures/Muons/ZMass_mu_MBME.pdf  used on input line 11
.
(pdftex.def)             Requested size: 569.12486pt x 552.06114pt.
<Figures/Muons/ZMass_mu_MEME.pdf, id=3470, 569.12625pt x 552.0625pt>
File: Figures/Muons/ZMass_mu_MEME.pdf Graphic file (type pdf)
<use Figures/Muons/ZMass_mu_MEME.pdf>
Package pdftex.def Info: Figures/Muons/ZMass_mu_MEME.pdf  used on input line 12
.
(pdftex.def)             Requested size: 569.12486pt x 552.06114pt.
) (./Objects/muonEffMeas.tex
Overfull \hbox (0.8239pt too wide) in paragraph at lines 1--12
\T1/ppl/m/n/12 RunA,B,C,D data while the mea-sure-ments cor-re-spond-ing to 201
6 and 2017 datasets
 []

[61]
! Undefined control sequence.
l.20 ...for low \pt muons were derived using \Jpsi
                                                   events, with the same def...

? 

Overfull \hbox (11.96088pt too wide) in paragraph at lines 15--23
 []\T1/ppl/b/n/12 Muon re-con-struc-tion and iden-ti-fi-ca-tion ef-fi-ciency me
a-sure-ment \T1/ppl/m/n/12 Re-sults for muon
 []

[62 <./Figures/Muons/ZMass_mu.pdf, page is rotated 90 degrees> <./Figures/Muons
/ZMass_mu_MBMB.pdf, page is rotated 90 degrees> <./Figures/Muons/ZMass_mu_MBME.
pdf, page is rotated 90 degrees> <./Figures/Muons/ZMass_mu_MEME.pdf, page is ro
tated 90 degrees>]
<Figures/Muons/mu_Loose_barrel.pdf, id=3668, 469.755pt x 569.12625pt>
File: Figures/Muons/mu_Loose_barrel.pdf Graphic file (type pdf)
<use Figures/Muons/mu_Loose_barrel.pdf>
Package pdftex.def Info: Figures/Muons/mu_Loose_barrel.pdf  used on input line 
27.
(pdftex.def)             Requested size: 138.76157pt x 168.1079pt.
<Figures/Muons/mu_Loose_endcap.pdf, id=3669, 469.755pt x 569.12625pt>
File: Figures/Muons/mu_Loose_endcap.pdf Graphic file (type pdf)
<use Figures/Muons/mu_Loose_endcap.pdf>
Package pdftex.def Info: Figures/Muons/mu_Loose_endcap.pdf  used on input line 
28.
(pdftex.def)             Requested size: 138.76157pt x 168.1079pt.
<Figures/Muons/mu_Loose_pt7.pdf, id=3670, 469.755pt x 569.12625pt>
File: Figures/Muons/mu_Loose_pt7.pdf Graphic file (type pdf)
<use Figures/Muons/mu_Loose_pt7.pdf>
Package pdftex.def Info: Figures/Muons/mu_Loose_pt7.pdf  used on input line 29.

(pdftex.def)             Requested size: 138.76157pt x 168.1079pt.

! Undefined control sequence.
<argument> ...red with the $T\&P$ method on \Jpsi 
                                                  events, in bins of \pt in ...
l.30 ...et rectangles include both uncertainties.}
                                                  
? 
! Undefined control sequence.
<argument> ...red with the $T\&P$ method on \Jpsi 
                                                  events, in bins of \pt in ...
l.30 ...et rectangles include both uncertainties.}
                                                  
? 
! Undefined control sequence.
<argument> ...red with the $T\&P$ method on \Jpsi 
                                                  events, in bins of \pt in ...
l.30 ...et rectangles include both uncertainties.}
                                                  
? 

Overfull \hbox (8.26077pt too wide) in paragraph at lines 24--34
[]\T1/ppl/m/n/12 The data and sim-u-la-tion ef-fi-cien-cies and their ra-tios i
n bins are shown in Fig. [][]5.13[][].
 []

<Figures/Muons/mu_SIP4_barrel.pdf, id=3672, 469.755pt x 569.12625pt>
File: Figures/Muons/mu_SIP4_barrel.pdf Graphic file (type pdf)
<use Figures/Muons/mu_SIP4_barrel.pdf>
Package pdftex.def Info: Figures/Muons/mu_SIP4_barrel.pdf  used on input line 4
7.
(pdftex.def)             Requested size: 138.76157pt x 168.1079pt.
<Figures/Muons/mu_SIP4_endcap.pdf, id=3673, 469.755pt x 569.12625pt>
File: Figures/Muons/mu_SIP4_endcap.pdf Graphic file (type pdf)
<use Figures/Muons/mu_SIP4_endcap.pdf>
Package pdftex.def Info: Figures/Muons/mu_SIP4_endcap.pdf  used on input line 4
8.
(pdftex.def)             Requested size: 138.76157pt x 168.1079pt.
<Figures/Muons/mu_SIP4_pt20.pdf, id=3674, 469.755pt x 569.12625pt>
File: Figures/Muons/mu_SIP4_pt20.pdf Graphic file (type pdf)
<use Figures/Muons/mu_SIP4_pt20.pdf>
Package pdftex.def Info: Figures/Muons/mu_SIP4_pt20.pdf  used on input line 49.

(pdftex.def)             Requested size: 138.76157pt x 168.1079pt.

Overfull \hbox (28.94162pt too wide) in paragraph at lines 56--63
[]\T1/ppl/m/n/12 is used and for 2016 mea-sure-ments, $\OML/cmm/m/it/12 OR$ \T1
/ppl/m/n/12 con-di-tion is re-quired among [][]\T1/pcr/m/n/12 HLT_IsoMu20_v*[]\
T1/ppl/m/n/12 ,
 []


Overfull \hbox (17.65189pt too wide) in paragraph at lines 56--63
[][]\T1/pcr/m/n/12 HLT_IsoTkMu20_v*[]\T1/ppl/m/n/12 , [][]\T1/pcr/m/n/12 HLT_Is
oMu22_v*[]\T1/ppl/m/n/12 , [][]\T1/pcr/m/n/12 HLT_IsoTkMu22_v*[]\T1/ppl/m/n/12 
, [][]\T1/pcr/m/n/12 HLT_IsoMu24_v*[]\T1/ppl/m/n/12 ,
 []

[63 <./Figures/Muons/mu_Loose_barrel.pdf> <./Figures/Muons/mu_Loose_endcap.pdf>
 <./Figures/Muons/mu_Loose_pt7.pdf>]
<Figures/Muons/mu_Iso_barrel.pdf, id=3815, 469.755pt x 569.12625pt>
File: Figures/Muons/mu_Iso_barrel.pdf Graphic file (type pdf)
<use Figures/Muons/mu_Iso_barrel.pdf>
Package pdftex.def Info: Figures/Muons/mu_Iso_barrel.pdf  used on input line 67
.
(pdftex.def)             Requested size: 138.76157pt x 168.1079pt.
<Figures/Muons/mu_Iso_endcap.pdf, id=3816, 469.755pt x 569.12625pt>
File: Figures/Muons/mu_Iso_endcap.pdf Graphic file (type pdf)
<use Figures/Muons/mu_Iso_endcap.pdf>
Package pdftex.def Info: Figures/Muons/mu_Iso_endcap.pdf  used on input line 68
.
(pdftex.def)             Requested size: 138.76157pt x 168.1079pt.


! LaTeX Error: \mathrm allowed only in math mode.

See the LaTeX manual or LaTeX Companion for explanation.
Type  H <return>  for immediate help.
 ...                                              
                                                  
l.69 ...et rectangles include both uncertainties.}
                                                  
? 

! LaTeX Error: \mathrm allowed only in math mode.

See the LaTeX manual or LaTeX Companion for explanation.
Type  H <return>  for immediate help.
 ...                                              
                                                  
l.69 ...et rectangles include both uncertainties.}
                                                  
? 
<Figures/Muons/HZZ_SF_2018_RunA2D_2801.png, id=3819, 903.375pt x 893.3375pt>
File: Figures/Muons/HZZ_SF_2018_RunA2D_2801.png Graphic file (type png)
<use Figures/Muons/HZZ_SF_2018_RunA2D_2801.png>
Package pdftex.def Info: Figures/Muons/HZZ_SF_2018_RunA2D_2801.png  used on inp
ut line 97.
(pdftex.def)             Requested size: 195.12767pt x 192.94984pt.
<Figures/Muons/HZZ_SF_errors_2018_RunA2D_2801.png, id=3820, 903.375pt x 893.337
5pt>
File: Figures/Muons/HZZ_SF_errors_2018_RunA2D_2801.png Graphic file (type png)
<use Figures/Muons/HZZ_SF_errors_2018_RunA2D_2801.png>
Package pdftex.def Info: Figures/Muons/HZZ_SF_errors_2018_RunA2D_2801.png  used
 on input line 98.
(pdftex.def)             Requested size: 195.12767pt x 192.94984pt.
) [64 <./Figures/Muons/mu_SIP4_barrel.pdf> <./Figures/Muons/mu_SIP4_endcap.pdf>
 <./Figures/Muons/mu_SIP4_pt20.pdf>] [65 <./Figures/Muons/mu_Iso_barrel.pdf> <.
/Figures/Muons/mu_Iso_endcap.pdf> <./Figures/Muons/HZZ_SF_2018_RunA2D_2801.png>
 <./Figures/Muons/HZZ_SF_errors_2018_RunA2D_2801.png>] (./Objects/FSR.tex
Underfull \hbox (badness 10000) in paragraph at lines 3--6

 []


Overfull \hbox (14.41391pt too wide) in paragraph at lines 11--12
[]\T1/ppl/m/n/12 Photons should ful-fill the re-quire-ments of $\OT1/cmr/m/n/12
 ^^A\OML/cmm/m/it/12 R\OT1/cmr/m/n/12 (\OML/cmm/m/it/12 ^^M; l\OT1/cmr/m/n/12 )
\OML/cmm/m/it/12 =E[] < \OT1/cmr/m/n/12 0\OML/cmm/m/it/12 :\OT1/cmr/m/n/12 012$
\T1/ppl/m/n/12 , and $\OT1/cmr/m/n/12 ^^A\OML/cmm/m/it/12 R\OT1/cmr/m/n/12 (\OM
L/cmm/m/it/12 ^^M; l\OT1/cmr/m/n/12 ) \OML/cmm/m/it/12 <
 []

) (./Objects/jets.tex

LaTeX Warning: Citation 'jets_at_cms' on page 66 undefined on input line 6.

<Figures/jet_cone.png, id=4057, 1111.15125pt x 410.53375pt>
File: Figures/jet_cone.png Graphic file (type png)
<use Figures/jet_cone.png>
Package pdftex.def Info: Figures/jet_cone.png  used on input line 12.
(pdftex.def)             Requested size: 346.89732pt x 128.16618pt.
[66

]

LaTeX Warning: Citation 'Sirunyan:2017ezt' on page 67 undefined on input line 4
6.

[67 <./Figures/jet_cone.png>]
<Figures/bjet.png, id=4084, 1133.23375pt x 692.5875pt>
File: Figures/bjet.png Graphic file (type png)
<use Figures/bjet.png>
Package pdftex.def Info: Figures/bjet.png  used on input line 67.
(pdftex.def)             Requested size: 346.89732pt x 212.00505pt.


! LaTeX Error: There's no line here to end.

See the LaTeX manual or LaTeX Companion for explanation.
Type  H <return>  for immediate help.
 ...                                              
                                                  
l.75 I
      n order to distinguish whether a jet is b-jet or not \emph{DeepCSV} al...

? 
! Undefined control sequence.
<recently read> \Zee 
                     
l.84 Events containing $\Zee
                            $ or $Z\rightarrow\cP\mu^{+}\cP\mu^{-}$ were sel...

? 
! Undefined control sequence.
l.84 Events containing $\Zee$ or $Z\rightarrow\cP
                                                 \mu^{+}\cP\mu^{-}$ were sel...

? 
! Undefined control sequence.
l.84 ...ining $\Zee$ or $Z\rightarrow\cP\mu^{+}\cP
                                                  \mu^{-}$ were selecting, f...

? 
! Undefined control sequence.
<argument> \cPqt 
                 \bar {\cPqt }
l.86 ...ell-Yan and $\ensuremath{\cPqt\bar{\cPqt}}
                                                  $ are used. Uncertainties ...

? 
! Undefined control sequence.
<recently read> \cPqt 
                      
l.86 ...ell-Yan and $\ensuremath{\cPqt\bar{\cPqt}}
                                                  $ are used. Uncertainties ...

? 
! Undefined control sequence.
<argument> \cPqt 
                 
l.86 ...ell-Yan and $\ensuremath{\cPqt\bar{\cPqt}}
                                                  $ are used. Uncertainties ...

? 
[68 <./Figures/bjet.png>]
<Figures/Jets/leadingJet_Eta.pdf, id=4093, 569.12625pt x 385.44pt>
File: Figures/Jets/leadingJet_Eta.pdf Graphic file (type pdf)
<use Figures/Jets/leadingJet_Eta.pdf>
Package pdftex.def Info: Figures/Jets/leadingJet_Eta.pdf  used on input line 11
6.
(pdftex.def)             Requested size: 299.19885pt x 202.64133pt.
) [69 <./Figures/Jets/leadingJet_Eta.pdf, page is rotated 90 degrees>] (./Objec
ts/summary.tex
Overfull \hbox (0.96376pt too wide) in paragraph at lines 3--4
[]\T1/ppl/m/n/12 A lep-ton is de-clared \T1/ppl/b/n/12 loose \T1/ppl/m/n/12 if 
it passes the re-con-struc-tion, kine-mat-ics and dxy/dz
 []


Overfull \hbox (25.54529pt too wide) in paragraph at lines 9--11
[][]\T1/pcr/m/n/12 pfCombinedInclusiveSecondaryVertexV2BJetTags []\T1/ppl/m/n/1
2 dis-crim-i-na-tor should
 []


! LaTeX Error: Unknown float option `H'.

See the LaTeX manual or LaTeX Companion for explanation.
Type  H <return>  for immediate help.
 ...                                              
                                                  
l.13 \begin{table}[H]
                     
? 
LaTeX Font Info:    Font shape `T1/ppl/bx/n' in size <8> not available
(Font)              Font shape `T1/ppl/b/n' tried instead on input line 23.
! Undefined control sequence.
<recently read> \abs 
                     
l.24 ...\GeV$ \hspace{0.5cm} $\abs{\eta^e} < 2.5$}
                                                                            ...

? 
! Undefined control sequence.
<recently read> \abs 
                     
l.35 ...d \hspace{0.5cm} $\abs{\eta^{\mu}} < 2.4$}
                                                                            ...

? 
! Undefined control sequence.
<recently read> \abs 
                     
l.41 ...hspace{0.5cm} $\abs{\eta^{\gamma}} < 2.4$}
                                                                            ...

? 
! Undefined control sequence.
<recently read> \abs 
                     
l.45 ...{0.5cm} $\abs{\eta^{\mathrm{jet}}} < 4.7$}
                                                                            ...

? 
)) [70

] [71] [72


]
Chapter 6.
(./Chapters/Chapter4/introduction/introduction.tex

LaTeX Warning: Citation 'Khachatryan:2015yvw' on page 73 undefined on input lin
e 9.


LaTeX Warning: Citation 'CMS:2015hja' on page 73 undefined on input line 9.


LaTeX Warning: Citation 'CMS:2016rqf' on page 73 undefined on input line 9.


LaTeX Warning: Citation 'Sirunyan:2017exp' on page 73 undefined on input line 9
.


LaTeX Warning: Citation 'CMS:2018hhg' on page 73 undefined on input line 9.


LaTeX Warning: Citation 'atlas-conf-2019-029' on page 73 undefined on input lin
e 9.


LaTeX Warning: Citation 'atlas-conf-2019-025 ' on page 73 undefined on input li
ne 9.


LaTeX Warning: Citation 'atlas-conf-2019-032' on page 73 undefined on input lin
e 9.


LaTeX Warning: Citation 'CMS:2019drq' on page 73 undefined on input line 9.


Overfull \hbox (36.03091pt too wide) in paragraph at lines 1--10
\T1/ppl/m/n/12 ent de-cay chan-nels of Higgs which can been stud-ied in Ref.  [
[],
 []


Overfull \hbox (41.07329pt too wide) in paragraph at lines 1--10
[]\T1/ppl/m/n/12 , [], [], [], [],
 []

<Figures/fiducial1.pdf, id=4177, 722.67157pt x 541.99657pt>
File: Figures/fiducial1.pdf Graphic file (type pdf)
<use Figures/fiducial1.pdf>
Package pdftex.def Info: Figures/fiducial1.pdf  used on input line 22.
(pdftex.def)             Requested size: 368.57965pt x 276.43112pt.
) (./Chapters/Chapter4/DatasetsandSimulations/dataset.tex
1: section
[73]

LaTeX Warning: Citation 'CMS:2019chr' on page 74 undefined on input line 12.


LaTeX Warning: Citation 'CMS:2019chr' on page 74 undefined on input line 25.

[74 <./Figures/fiducial1.pdf>]
<Figures/Trigger/Histo_TrigEff_ptMin_4e_mZ2_12.pdf, id=4236, 569.12625pt x 384.
43625pt>
File: Figures/Trigger/Histo_TrigEff_ptMin_4e_mZ2_12.pdf Graphic file (type pdf)

<use Figures/Trigger/Histo_TrigEff_ptMin_4e_mZ2_12.pdf>
Package pdftex.def Info: Figures/Trigger/Histo_TrigEff_ptMin_4e_mZ2_12.pdf  use
d on input line 356.
(pdftex.def)             Requested size: 195.12767pt x 131.80353pt.
<Figures/Trigger/Histo_TrigEff_ptMin_4mu_mZ2_12.pdf, id=4237, 569.12625pt x 384
.43625pt>
File: Figures/Trigger/Histo_TrigEff_ptMin_4mu_mZ2_12.pdf Graphic file (type pdf
)
<use Figures/Trigger/Histo_TrigEff_ptMin_4mu_mZ2_12.pdf>
Package pdftex.def Info: Figures/Trigger/Histo_TrigEff_ptMin_4mu_mZ2_12.pdf  us
ed on input line 357.
(pdftex.def)             Requested size: 195.12767pt x 131.80353pt.
<Figures/Trigger/Histo_TrigEff_ptMin_2e2mu_mZ2_12.pdf, id=4238, 569.12625pt x 3
84.43625pt>
File: Figures/Trigger/Histo_TrigEff_ptMin_2e2mu_mZ2_12.pdf Graphic file (type p
df)
<use Figures/Trigger/Histo_TrigEff_ptMin_2e2mu_mZ2_12.pdf>
Package pdftex.def Info: Figures/Trigger/Histo_TrigEff_ptMin_2e2mu_mZ2_12.pdf  
used on input line 358.
(pdftex.def)             Requested size: 195.12767pt x 131.80353pt.
<Figures/Trigger/Histo_TrigEff_ptMin_4l_mZ2_12.pdf, id=4239, 569.12625pt x 384.
43625pt>
File: Figures/Trigger/Histo_TrigEff_ptMin_4l_mZ2_12.pdf Graphic file (type pdf)

<use Figures/Trigger/Histo_TrigEff_ptMin_4l_mZ2_12.pdf>
Package pdftex.def Info: Figures/Trigger/Histo_TrigEff_ptMin_4l_mZ2_12.pdf  use
d on input line 359.
(pdftex.def)             Requested size: 195.12767pt x 131.80353pt.
) [75 <./Figures/Trigger/Histo_TrigEff_ptMin_4e_mZ2_12.pdf, page is rotated 90 
degrees> <./Figures/Trigger/Histo_TrigEff_ptMin_4mu_mZ2_12.pdf, page is rotated
 90 degrees> <./Figures/Trigger/Histo_TrigEff_ptMin_2e2mu_mZ2_12.pdf, page is r
otated 90 degrees> <./Figures/Trigger/Histo_TrigEff_ptMin_4l_mZ2_12.pdf, page i
s rotated 90 degrees>]
(./Chapters/Chapter4/DatasetsandSimulations/simulation_theoretical_pridiction.t
ex
Overfull \hbox (13.57715pt too wide) in paragraph at lines 19--30
[]\T1/ppl/m/n/12 The \T1/ppl/m/sc/12 powheg\T1/ppl/m/n/12 , pro-vides per-tur-b
a-tive QCD cal-cu-la-tions at next-to-leading (NLO)
 []


Package hyperref Warning: Difference (2) between bookmark levels is greater 
(hyperref)                than one, level fixed on input line 31.


LaTeX Warning: Citation 'CMS:2019chr' on page 76 undefined on input line 46.


Overfull \hbox (12.17354pt too wide) in paragraph at lines 32--48
\T1/ppl/m/n/12 Descriptions of the SM Higgs bo-son pro-duc-tion are ob-tained u
s-ing the \T1/ppl/m/sc/12 powheg
 []

<Figures/ggH_feynman2.png, id=4433, 328.22626pt x 249.93375pt>
File: Figures/ggH_feynman2.png Graphic file (type png)
<use Figures/ggH_feynman2.png>
Package pdftex.def Info: Figures/ggH_feynman2.png  used on input line 63.
(pdftex.def)             Requested size: 195.12767pt x 148.58466pt.
[76]
Overfull \hbox (1.55453pt too wide) in paragraph at lines 118--125
\T1/ppl/m/n/12 For the es-ti-ma-tions of the back-grounds, \T1/ppl/m/sc/12 powh
eg V2 \T1/ppl/m/n/12 in-ter-faced with \T1/ppl/m/sc/12 pythia8
 []

<Figures/figures_feynman-qqZZ-t.png, id=4459, 281.05pt x 295.1025pt>
File: Figures/figures_feynman-qqZZ-t.png Graphic file (type png)
<use Figures/figures_feynman-qqZZ-t.png>
Package pdftex.def Info: Figures/figures_feynman-qqZZ-t.png  used on input line
 144.
(pdftex.def)             Requested size: 130.08733pt x 136.59082pt.
<Figures/figures_feynman-qqZZ-s.png, id=4460, 303.1325pt x 296.10625pt>
File: Figures/figures_feynman-qqZZ-s.png Graphic file (type png)
<use Figures/figures_feynman-qqZZ-s.png>
Package pdftex.def Info: Figures/figures_feynman-qqZZ-s.png  used on input line
 148.
(pdftex.def)             Requested size: 130.08733pt x 127.07469pt.
<Figures/figures_feynman-ggbox.png, id=4461, 283.0575pt x 282.05376pt>
File: Figures/figures_feynman-ggbox.png Graphic file (type png)
<use Figures/figures_feynman-ggbox.png>
Package pdftex.def Info: Figures/figures_feynman-ggbox.png  used on input line 
152.
(pdftex.def)             Requested size: 130.08733pt x 129.6301pt.
[77 <./Figures/ggH_feynman2.png> <./Figures/figures_feynman-qqZZ-t.png> <./Figu
res/figures_feynman-qqZZ-s.png> <./Figures/figures_feynman-ggbox.png>]
<Figures/PileUp/PileUp_2018.pdf, id=4477, 569.12625pt x 534.99875pt>
File: Figures/PileUp/PileUp_2018.pdf Graphic file (type pdf)
<use Figures/PileUp/PileUp_2018.pdf>
Package pdftex.def Info: Figures/PileUp/PileUp_2018.pdf  used on input line 212
.
(pdftex.def)             Requested size: 195.12767pt x 183.42372pt.
)
(./Chapters/Chapter4/AnalysisStrategy/AnalysisStrategy.tex [78 <./Figures/PileU
p/PileUp_2018.pdf, page is rotated 90 degrees>]
Overfull \hbox (3.8827pt too wide) in paragraph at lines 15--22
[]\T1/ppl/m/n/12 In case of as-so-ci-ated pro-duc-tion of Higgs with vec-tor bo
sons where the bosons
 []

<Figures/fiducial2.pdf, id=4528, 722.67157pt x 541.99657pt>
File: Figures/fiducial2.pdf Graphic file (type pdf)
<use Figures/fiducial2.pdf>
Package pdftex.def Info: Figures/fiducial2.pdf  used on input line 31.
(pdftex.def)             Requested size: 368.57965pt x 276.43112pt.
)
Overfull \hbox (9.31754pt too wide) in paragraph at lines 43--379
[]\T1/ppl/m/n/12 The ef-fects of im-per-fect de-tec-tor res-o-lu-tion can in ge
n-eral have a non-negligible
 []

(./Chapters/Chapter4/AnalysisStrategy/events_selection.tex

LaTeX Warning: Citation 'CMS:2018mmw' on page 79 undefined on input line 1.


LaTeX Warning: Citation 'CMS:2017jkd' on page 79 undefined on input line 1.

[79]

Package hyperref Warning: Token not allowed in a PDF string (Unicode):
(hyperref)                removing `math shift' on input line 14.


Package hyperref Warning: Token not allowed in a PDF string (Unicode):
(hyperref)                removing `subscript' on input line 14.


Package hyperref Warning: Token not allowed in a PDF string (Unicode):
(hyperref)                removing `math shift' on input line 14.

[80 <./Figures/fiducial2.pdf>]
Overfull \hbox (12.11841pt too wide) in paragraph at lines 35--42
\T1/ppl/m/n/12 Four-lepton can-di-dates are built from the se-lected lep-tons, 
that pass the $[] \OML/cmm/m/it/12 <
 []


Overfull \hbox (10.0359pt too wide) in paragraph at lines 54--55
[]\T1/ppl/b/n/12 Ghost re-moval \T1/ppl/m/n/12 : Se-lected four lep-tons are re
-quired to have $\OT1/cmr/m/n/12 ^^A\OML/cmm/m/it/12 R\OT1/cmr/m/n/12 (\OML/cmm
/m/it/12 ^^Q; ^^^\OT1/cmr/m/n/12 ) \OML/cmm/m/it/12 >
 []

[81]) (./Chapters/Chapter4/AnalysisStrategy/fiducial_volume.tex [82]
Overfull \hbox (2.176pt too wide) in paragraph at lines 32--36
\T1/ppl/m/n/12 mass clos-est to the SM Z bo-son and re-con-structed with $\OT1/
cmr/m/n/12 40 \OMS/cmsy/m/n/12 ^^T \OML/cmm/m/it/12 m\OT1/cmr/m/n/12 ([]) \OMS/
cmsy/m/n/12 ^^T \OT1/cmr/m/n/12 120$ \T1/ppl/m/n/12 GeV.
 []


Overfull \hbox (69.32175pt too wide) in paragraph at lines 51--92
 [] 
 []


Overfull \hbox (6.0903pt too wide) in paragraph at lines 37--94
[]\T1/ppl/m/n/12 Invariant mass of se-lected four-leptons is re-quired to ful-f
ill $\OT1/cmr/m/n/12 105[] \OML/cmm/m/it/12 < \OT1/cmr/m/n/12 m(4\OML/cmm/m/it/
12 `\OT1/cmr/m/n/12 ) \OML/cmm/m/it/12 <
 []

) [83] (./Chapters/Chapter4/AnalysisStrategy/SignalModel.tex [84]
Overfull \hbox (17.58835pt too wide) detected at line 59
[]\OML/cmm/m/it/12 params \OT1/cmr/m/n/12 = \OML/cmm/m/it/12 parms[] \OT1/cmr/m
/n/12 + \OML/cmm/m/it/12 params[] \OMS/cmsy/m/n/12 ^^B \OT1/cmr/m/n/12 (\OML/cm
m/m/it/12 m[] \OMS/cmsy/m/n/12 ^^@ \OT1/cmr/m/n/12 125\OML/cmm/m/it/12 GeV\OT1/
cmr/m/n/12 ) + \OML/cmm/m/it/12 params[] \OMS/cmsy/m/n/12 ^^B \OT1/cmr/m/n/12 (
\OML/cmm/m/it/12 m[] \OMS/cmsy/m/n/12 ^^@ \OT1/cmr/m/n/12 125\OML/cmm/m/it/12 G
eV\OT1/cmr/m/n/12 )[]
 []

<../AN-18-340/Figures/Signal/fit_stage_ggH_0j_0_10_4e2018.png, id=4618, 598.235
pt x 574.145pt>
File: ../AN-18-340/Figures/Signal/fit_stage_ggH_0j_0_10_4e2018.png Graphic file
 (type png)
<use ../AN-18-340/Figures/Signal/fit_stage_ggH_0j_0_10_4e2018.png>
Package pdftex.def Info: ../AN-18-340/Figures/Signal/fit_stage_ggH_0j_0_10_4e20
18.png  used on input line 66.
(pdftex.def)             Requested size: 138.76157pt x 133.17194pt.
<../AN-18-340/Figures/Signal/fit_stage_ggH_0j_0_10_4mu2018.png, id=4619, 598.23
5pt x 574.145pt>
File: ../AN-18-340/Figures/Signal/fit_stage_ggH_0j_0_10_4mu2018.png Graphic fil
e (type png)
<use ../AN-18-340/Figures/Signal/fit_stage_ggH_0j_0_10_4mu2018.png>
Package pdftex.def Info: ../AN-18-340/Figures/Signal/fit_stage_ggH_0j_0_10_4mu2
018.png  used on input line 67.
(pdftex.def)             Requested size: 138.76157pt x 133.17194pt.
<../AN-18-340/Figures/Signal/fit_stage_ggH_0j_0_10_2e2mu2018.png, id=4620, 598.
235pt x 574.145pt>
File: ../AN-18-340/Figures/Signal/fit_stage_ggH_0j_0_10_2e2mu2018.png Graphic f
ile (type png)
<use ../AN-18-340/Figures/Signal/fit_stage_ggH_0j_0_10_2e2mu2018.png>
Package pdftex.def Info: ../AN-18-340/Figures/Signal/fit_stage_ggH_0j_0_10_2e2m
u2018.png  used on input line 68.
(pdftex.def)             Requested size: 138.76157pt x 133.17194pt.

Overfull \hbox (5.74918pt too wide) in paragraph at lines 59--73
\T1/ppl/m/n/12 Simultaneous fits are per-formed us-ing 5 mass sam-ples to ex-tr
act the $\OML/cmm/m/it/12 parms[]$\T1/ppl/m/n/12 ,
 []

<../AN-18-340/Figures/Signal/simFit_ggH_0j_0_10_120_2e2mu_2018.png, id=4621, 69
8.61pt x 473.77pt>
File: ../AN-18-340/Figures/Signal/simFit_ggH_0j_0_10_120_2e2mu_2018.png Graphic
 file (type png)
<use ../AN-18-340/Figures/Signal/simFit_ggH_0j_0_10_120_2e2mu_2018.png>
Package pdftex.def Info: ../AN-18-340/Figures/Signal/simFit_ggH_0j_0_10_120_2e2
mu_2018.png  used on input line 79.
(pdftex.def)             Requested size: 138.76157pt x 94.1017pt.
<../AN-18-340/Figures/Signal/simFit_ggH_0j_0_10_125_2e2mu_2018.png, id=4622, 69
8.61pt x 473.77pt>
File: ../AN-18-340/Figures/Signal/simFit_ggH_0j_0_10_125_2e2mu_2018.png Graphic
 file (type png)
<use ../AN-18-340/Figures/Signal/simFit_ggH_0j_0_10_125_2e2mu_2018.png>
Package pdftex.def Info: ../AN-18-340/Figures/Signal/simFit_ggH_0j_0_10_125_2e2
mu_2018.png  used on input line 80.
(pdftex.def)             Requested size: 138.76157pt x 94.1017pt.
<../AN-18-340/Figures/Signal/simFit_ggH_0j_0_10_130_2e2mu_2018.png, id=4623, 69
8.61pt x 473.77pt>
File: ../AN-18-340/Figures/Signal/simFit_ggH_0j_0_10_130_2e2mu_2018.png Graphic
 file (type png)
<use ../AN-18-340/Figures/Signal/simFit_ggH_0j_0_10_130_2e2mu_2018.png>
Package pdftex.def Info: ../AN-18-340/Figures/Signal/simFit_ggH_0j_0_10_130_2e2
mu_2018.png  used on input line 81.
(pdftex.def)             Requested size: 138.76157pt x 94.1017pt.

LaTeX Warning: `!h' float specifier changed to `!ht'.

) (./Chapters/Chapter4/AnalysisStrategy/background_model.tex [85 <../AN-18-340/
Figures/Signal/fit_stage_ggH_0j_0_10_4e2018.png> <../AN-18-340/Figures/Signal/f
it_stage_ggH_0j_0_10_4mu2018.png> <../AN-18-340/Figures/Signal/fit_stage_ggH_0j
_0_10_2e2mu2018.png>]

Package hyperref Warning: Token not allowed in a PDF string (Unicode):
(hyperref)                removing `math shift' on input line 90.


Package hyperref Warning: Token not allowed in a PDF string (Unicode):
(hyperref)                removing `\@@overline' on input line 90.


Package hyperref Warning: Token not allowed in a PDF string (Unicode):
(hyperref)                removing `\to' on input line 90.


Package hyperref Warning: Token not allowed in a PDF string (Unicode):
(hyperref)                removing `math shift' on input line 90.


LaTeX Warning: `h' float specifier changed to `ht'.

<../AN-18-340/Figures/IrrBkg/Kfactor_qqZZ_mZZ.pdf, id=4636, 569.12625pt x 552.0
625pt>
File: ../AN-18-340/Figures/IrrBkg/Kfactor_qqZZ_mZZ.pdf Graphic file (type pdf)
<use ../AN-18-340/Figures/IrrBkg/Kfactor_qqZZ_mZZ.pdf>
Package pdftex.def Info: ../AN-18-340/Figures/IrrBkg/Kfactor_qqZZ_mZZ.pdf  used
 on input line 125.
(pdftex.def)             Requested size: 208.13574pt x 201.89284pt.
<../AN-18-340/Figures/IrrBkg/K_ewk_qqZZ.pdf, id=4637, 569.12625pt x 523.9575pt>

File: ../AN-18-340/Figures/IrrBkg/K_ewk_qqZZ.pdf Graphic file (type pdf)
<use ../AN-18-340/Figures/IrrBkg/K_ewk_qqZZ.pdf>
Package pdftex.def Info: ../AN-18-340/Figures/IrrBkg/K_ewk_qqZZ.pdf  used on in
put line 126.
(pdftex.def)             Requested size: 208.13574pt x 191.61465pt.
[86 <../AN-18-340/Figures/Signal/simFit_ggH_0j_0_10_120_2e2mu_2018.png> <../AN-
18-340/Figures/Signal/simFit_ggH_0j_0_10_125_2e2mu_2018.png> <../AN-18-340/Figu
res/Signal/simFit_ggH_0j_0_10_130_2e2mu_2018.png>]

Package hyperref Warning: Token not allowed in a PDF string (Unicode):
(hyperref)                removing `\to' on input line 133.

! Undefined control sequence.
l.135 ...nd is done at LO with the generator \MCFM
                                                  ~7.0~\cite{MCFM,Campbell:2...

? 
! Undefined control sequence.
\MeV ->\ERROR 
              
l.143 ...mall $H$ boson decay width of $4.07$~\MeV
                                                   and taking their ratios. ...

? 
<../AN-18-340/Figures/IrrBkg/cCompare_hnnlo_ggHZZ2l2l_xsec.pdf, id=4656, 569.12
625pt x 552.0625pt>
File: ../AN-18-340/Figures/IrrBkg/cCompare_hnnlo_ggHZZ2l2l_xsec.pdf Graphic fil
e (type pdf)
<use ../AN-18-340/Figures/IrrBkg/cCompare_hnnlo_ggHZZ2l2l_xsec.pdf>
Package pdftex.def Info: ../AN-18-340/Figures/IrrBkg/cCompare_hnnlo_ggHZZ2l2l_x
sec.pdf  used on input line 149.
(pdftex.def)             Requested size: 138.76157pt x 134.60364pt.
<../AN-18-340/Figures/IrrBkg/cCompare_hnnlo_ggHZZ2l2l_narrowwidth_xsec.pdf, id=
4657, 569.12625pt x 552.0625pt>
File: ../AN-18-340/Figures/IrrBkg/cCompare_hnnlo_ggHZZ2l2l_narrowwidth_xsec.pdf
 Graphic file (type pdf)
<use ../AN-18-340/Figures/IrrBkg/cCompare_hnnlo_ggHZZ2l2l_narrowwidth_xsec.pdf>

Package pdftex.def Info: ../AN-18-340/Figures/IrrBkg/cCompare_hnnlo_ggHZZ2l2l_n
arrowwidth_xsec.pdf  used on input line 150.
(pdftex.def)             Requested size: 138.76157pt x 134.60364pt.
<../AN-18-340/Figures/IrrBkg/cCompare_hnnlo_ggHZZ2l2l_narrowwidth_kfactor.pdf, 
id=4658, 569.12625pt x 552.0625pt>
File: ../AN-18-340/Figures/IrrBkg/cCompare_hnnlo_ggHZZ2l2l_narrowwidth_kfactor.
pdf Graphic file (type pdf)
<use ../AN-18-340/Figures/IrrBkg/cCompare_hnnlo_ggHZZ2l2l_narrowwidth_kfactor.p
df>
Package pdftex.def Info: ../AN-18-340/Figures/IrrBkg/cCompare_hnnlo_ggHZZ2l2l_n
arrowwidth_kfactor.pdf  used on input line 151.
(pdftex.def)             Requested size: 138.76157pt x 134.60364pt.
! Undefined control sequence.
<argument> ...$H$ boson decay width (top \cmsLeft 
                                                  ) or at the fixed and smal...
l.153 }
       
? 
! Undefined control sequence.
<argument> ... width of $4.07$~MeV (top \cmsRight 
                                                  ). The cross sections usin...
l.153 }
       
? 
! Undefined control sequence.
<argument> ...$H$ boson decay width (top \cmsLeft 
                                                  ) or at the fixed and smal...
l.153 }
       
? 
! Undefined control sequence.
<argument> ... width of $4.07$~MeV (top \cmsRight 
                                                  ). The cross sections usin...
l.153 }
       
? 
! Undefined control sequence.
<argument> ...$H$ boson decay width (top \cmsLeft 
                                                  ) or at the fixed and smal...
l.153 }
       
? 
! Undefined control sequence.
<argument> ... width of $4.07$~MeV (top \cmsRight 
                                                  ). The cross sections usin...
l.153 }
       
? 
[87 <../AN-18-340/Figures/IrrBkg/Kfactor_qqZZ_mZZ.pdf, page is rotated 90 degre
es> <../AN-18-340/Figures/IrrBkg/K_ewk_qqZZ.pdf, page is rotated 90 degrees>]
! Extra }, or forgotten \endgroup.
<recently read> }
                 
l.167 ...c:zzcandsel}) ~\cite{Chatrchyan:2013mxa}}
                                                  .
? 

! LaTeX Error: There's no line here to end.

See the LaTeX manual or LaTeX Companion for explanation.
Type  H <return>  for immediate help.
 ...                                              
                                                  
l.177 \par
           Fore lepton fake ratios $f_{e}$, $f_{\mu}$,  samples of $Z(\ell\e...

? 
[88 <../AN-18-340/Figures/IrrBkg/cCompare_hnnlo_ggHZZ2l2l_xsec.pdf, page is rot
ated 90 degrees> <../AN-18-340/Figures/IrrBkg/cCompare_hnnlo_ggHZZ2l2l_narrowwi
dth_xsec.pdf, page is rotated 90 degrees> <../AN-18-340/Figures/IrrBkg/cCompare
_hnnlo_ggHZZ2l2l_narrowwidth_kfactor.pdf, page is rotated 90 degrees>]
<../AN-18-340/Figures/RedBkg/FR_OS_electrons.png, id=4901, 2371.86125pt x 2275.
50125pt>
File: ../AN-18-340/Figures/RedBkg/FR_OS_electrons.png Graphic file (type png)
<use ../AN-18-340/Figures/RedBkg/FR_OS_electrons.png>
Package pdftex.def Info: ../AN-18-340/Figures/RedBkg/FR_OS_electrons.png  used 
on input line 194.
(pdftex.def)             Requested size: 195.12767pt x 187.18257pt.
<../AN-18-340/Figures/RedBkg/FR_OS_muons.png, id=4902, 2371.86125pt x 2275.5012
5pt>
File: ../AN-18-340/Figures/RedBkg/FR_OS_muons.png Graphic file (type png)
<use ../AN-18-340/Figures/RedBkg/FR_OS_muons.png>
Package pdftex.def Info: ../AN-18-340/Figures/RedBkg/FR_OS_muons.png  used on i
nput line 195.
(pdftex.def)             Requested size: 195.12767pt x 187.18257pt.
 [89 <../AN-18-340/Figures/RedBkg/FR_OS_electrons.png> <../AN-18-340/Figures/Re
dBkg/FR_OS_muons.png>]
<../AN-18-340/Figures/RedBkg/M4l_OS_2P2F_4mu_Inclusive.png, id=4916, 2371.86125
pt x 2275.50125pt>
File: ../AN-18-340/Figures/RedBkg/M4l_OS_2P2F_4mu_Inclusive.png Graphic file (t
ype png)
<use ../AN-18-340/Figures/RedBkg/M4l_OS_2P2F_4mu_Inclusive.png>
Package pdftex.def Info: ../AN-18-340/Figures/RedBkg/M4l_OS_2P2F_4mu_Inclusive.
png  used on input line 251.
(pdftex.def)             Requested size: 195.12767pt x 187.18257pt.
<../AN-18-340/Figures/RedBkg/M4l_OS_2P2F_4e_Inclusive.png, id=4917, 2371.86125p
t x 2275.50125pt>
File: ../AN-18-340/Figures/RedBkg/M4l_OS_2P2F_4e_Inclusive.png Graphic file (ty
pe png)
<use ../AN-18-340/Figures/RedBkg/M4l_OS_2P2F_4e_Inclusive.png>
Package pdftex.def Info: ../AN-18-340/Figures/RedBkg/M4l_OS_2P2F_4e_Inclusive.p
ng  used on input line 252.
(pdftex.def)             Requested size: 195.12767pt x 187.18257pt.
<../AN-18-340/Figures/RedBkg/M4l_OS_2P2F_2mu2e_Inclusive.png, id=4918, 2371.861
25pt x 2275.50125pt>
File: ../AN-18-340/Figures/RedBkg/M4l_OS_2P2F_2mu2e_Inclusive.png Graphic file 
(type png)
<use ../AN-18-340/Figures/RedBkg/M4l_OS_2P2F_2mu2e_Inclusive.png>
Package pdftex.def Info: ../AN-18-340/Figures/RedBkg/M4l_OS_2P2F_2mu2e_Inclusiv
e.png  used on input line 253.
(pdftex.def)             Requested size: 195.12767pt x 187.18257pt.
<../AN-18-340/Figures/RedBkg/M4l_OS_2P2F_2e2mu_Inclusive.png, id=4919, 2371.861
25pt x 2275.50125pt>
File: ../AN-18-340/Figures/RedBkg/M4l_OS_2P2F_2e2mu_Inclusive.png Graphic file 
(type png)
<use ../AN-18-340/Figures/RedBkg/M4l_OS_2P2F_2e2mu_Inclusive.png>
Package pdftex.def Info: ../AN-18-340/Figures/RedBkg/M4l_OS_2P2F_2e2mu_Inclusiv
e.png  used on input line 254.
(pdftex.def)             Requested size: 195.12767pt x 187.18257pt.
<../AN-18-340/Figures/RedBkg/M4l_OS_3P1F_4mu_Inclusive.png, id=4920, 2371.86125
pt x 2275.50125pt>
File: ../AN-18-340/Figures/RedBkg/M4l_OS_3P1F_4mu_Inclusive.png Graphic file (t
ype png)
<use ../AN-18-340/Figures/RedBkg/M4l_OS_3P1F_4mu_Inclusive.png>
Package pdftex.def Info: ../AN-18-340/Figures/RedBkg/M4l_OS_3P1F_4mu_Inclusive.
png  used on input line 265.
(pdftex.def)             Requested size: 195.12767pt x 187.18257pt.
<../AN-18-340/Figures/RedBkg/M4l_OS_3P1F_4e_Inclusive.png, id=4921, 2371.86125p
t x 2275.50125pt>
File: ../AN-18-340/Figures/RedBkg/M4l_OS_3P1F_4e_Inclusive.png Graphic file (ty
pe png)
<use ../AN-18-340/Figures/RedBkg/M4l_OS_3P1F_4e_Inclusive.png>
Package pdftex.def Info: ../AN-18-340/Figures/RedBkg/M4l_OS_3P1F_4e_Inclusive.p
ng  used on input line 266.
(pdftex.def)             Requested size: 195.12767pt x 187.18257pt.
<../AN-18-340/Figures/RedBkg/M4l_OS_3P1F_2mu2e_Inclusive.png, id=4922, 2371.861
25pt x 2275.50125pt>
File: ../AN-18-340/Figures/RedBkg/M4l_OS_3P1F_2mu2e_Inclusive.png Graphic file 
(type png)
<use ../AN-18-340/Figures/RedBkg/M4l_OS_3P1F_2mu2e_Inclusive.png>
Package pdftex.def Info: ../AN-18-340/Figures/RedBkg/M4l_OS_3P1F_2mu2e_Inclusiv
e.png  used on input line 267.
(pdftex.def)             Requested size: 195.12767pt x 187.18257pt.
<../AN-18-340/Figures/RedBkg/M4l_OS_3P1F_2e2mu_Inclusive.png, id=4923, 2371.861
25pt x 2275.50125pt>
File: ../AN-18-340/Figures/RedBkg/M4l_OS_3P1F_2e2mu_Inclusive.png Graphic file 
(type png)
<use ../AN-18-340/Figures/RedBkg/M4l_OS_3P1F_2e2mu_Inclusive.png>
Package pdftex.def Info: ../AN-18-340/Figures/RedBkg/M4l_OS_3P1F_2e2mu_Inclusiv
e.png  used on input line 268.
(pdftex.def)             Requested size: 195.12767pt x 187.18257pt.
 [90] [91 <../AN-18-340/Figures/RedBkg/M4l_OS_2P2F_4mu_Inclusive.png> <../AN-18
-340/Figures/RedBkg/M4l_OS_2P2F_4e_Inclusive.png> <../AN-18-340/Figures/RedBkg/
M4l_OS_2P2F_2mu2e_Inclusive.png> <../AN-18-340/Figures/RedBkg/M4l_OS_2P2F_2e2mu
_Inclusive.png>] [92 <../AN-18-340/Figures/RedBkg/M4l_OS_3P1F_4mu_Inclusive.png
> <../AN-18-340/Figures/RedBkg/M4l_OS_3P1F_4e_Inclusive.png> <../AN-18-340/Figu
res/RedBkg/M4l_OS_3P1F_2mu2e_Inclusive.png> <../AN-18-340/Figures/RedBkg/M4l_OS
_3P1F_2e2mu_Inclusive.png>]

! LaTeX Error: There's no line here to end.

See the LaTeX manual or LaTeX Companion for explanation.
Type  H <return>  for immediate help.
 ...                                              
                                                  
l.419 \par
           This method used to predict the reducible background allows to
? 
! Undefined control sequence.
l.433 ...quired to satisfy $m_{4\ell} > 100~\GeVcc
                                                  $,
? 
[93]
<../AN-18-340/Figures/RedBkg/FR_SS_muons.png, id=4965, 2371.86125pt x 2275.5012
5pt>
File: ../AN-18-340/Figures/RedBkg/FR_SS_muons.png Graphic file (type png)
<use ../AN-18-340/Figures/RedBkg/FR_SS_muons.png>
Package pdftex.def Info: ../AN-18-340/Figures/RedBkg/FR_SS_muons.png  used on i
nput line 471.
(pdftex.def)             Requested size: 2371.85548pt x 2275.49573pt.
 [94]
Overfull \hbox (10.25285pt too wide) in paragraph at lines 518--524
[]\T1/ppl/m/n/12 In a given $\OT1/cmr/m/n/12 (\OML/cmm/m/it/12 p[]; ^^Q\OT1/cmr
/m/n/12 )$ \T1/ppl/m/n/12 bin, both the mea-sured fake rate and the av-er-age $
\OML/cmm/m/it/12 < N[] >$
 []

<../AN-18-340/Figures/RedBkg/FR_MissingHits_graph_eta_0_pT_0.png, id=4972, 2371
.86125pt x 2308.625pt>
File: ../AN-18-340/Figures/RedBkg/FR_MissingHits_graph_eta_0_pT_0.png Graphic f
ile (type png)
<use ../AN-18-340/Figures/RedBkg/FR_MissingHits_graph_eta_0_pT_0.png>
Package pdftex.def Info: ../AN-18-340/Figures/RedBkg/FR_MissingHits_graph_eta_0
_pT_0.png  used on input line 528.
(pdftex.def)             Requested size: 195.12767pt x 189.90733pt.
<../AN-18-340/Figures/RedBkg/FR_MissingHits_graph_eta_1_pT_3.png, id=4973, 2371
.86125pt x 2308.625pt>
File: ../AN-18-340/Figures/RedBkg/FR_MissingHits_graph_eta_1_pT_3.png Graphic f
ile (type png)
<use ../AN-18-340/Figures/RedBkg/FR_MissingHits_graph_eta_1_pT_3.png>
Package pdftex.def Info: ../AN-18-340/Figures/RedBkg/FR_MissingHits_graph_eta_1
_pT_3.png  used on input line 529.
(pdftex.def)             Requested size: 195.12767pt x 189.90733pt.
<../AN-18-340/Figures/RedBkg/FR_SS_electrons.png, id=4975, 2371.86125pt x 2275.
50125pt>
File: ../AN-18-340/Figures/RedBkg/FR_SS_electrons.png Graphic file (type png)
<use ../AN-18-340/Figures/RedBkg/FR_SS_electrons.png>
Package pdftex.def Info: ../AN-18-340/Figures/RedBkg/FR_SS_electrons.png  used 
on input line 556.
(pdftex.def)             Requested size: 2371.85548pt x 2275.49573pt.
[95 <../AN-18-340/Figures/RedBkg/FR_SS_muons.png>]
! Missing $ inserted.
<inserted text> 
                $
l.603    Channel \to
                      &  4e               &  2$\mu$2e          &  4$\mu$    ...

? 
! Missing $ inserted.
<inserted text> 
                $
l.603    Channel \to  &
                         4e               &  2$\mu$2e          &  4$\mu$    ...

? 
<../AN-18-340/Figures/RedBkg/M4l_SS_4e_Inclusive.png, id=4985, 2371.86125pt x 2
275.50125pt>
File: ../AN-18-340/Figures/RedBkg/M4l_SS_4e_Inclusive.png Graphic file (type pn
g)
<use ../AN-18-340/Figures/RedBkg/M4l_SS_4e_Inclusive.png>
Package pdftex.def Info: ../AN-18-340/Figures/RedBkg/M4l_SS_4e_Inclusive.png  u
sed on input line 616.
(pdftex.def)             Requested size: 195.12767pt x 187.18257pt.
<../AN-18-340/Figures/RedBkg/M4l_SS_2mu2e_Inclusive.png, id=4986, 2371.86125pt 
x 2275.50125pt>
File: ../AN-18-340/Figures/RedBkg/M4l_SS_2mu2e_Inclusive.png Graphic file (type
 png)
<use ../AN-18-340/Figures/RedBkg/M4l_SS_2mu2e_Inclusive.png>
Package pdftex.def Info: ../AN-18-340/Figures/RedBkg/M4l_SS_2mu2e_Inclusive.png
  used on input line 617.
(pdftex.def)             Requested size: 195.12767pt x 187.18257pt.
<../AN-18-340/Figures/RedBkg/M4l_SS_4mu_Inclusive.png, id=4987, 2371.86125pt x 
2275.50125pt>
File: ../AN-18-340/Figures/RedBkg/M4l_SS_4mu_Inclusive.png Graphic file (type p
ng)
<use ../AN-18-340/Figures/RedBkg/M4l_SS_4mu_Inclusive.png>
Package pdftex.def Info: ../AN-18-340/Figures/RedBkg/M4l_SS_4mu_Inclusive.png  
used on input line 618.
(pdftex.def)             Requested size: 195.12767pt x 187.18257pt.
<../AN-18-340/Figures/RedBkg/M4l_SS_2e2mu_Inclusive.png, id=4988, 2371.86125pt 
x 2275.50125pt>
File: ../AN-18-340/Figures/RedBkg/M4l_SS_2e2mu_Inclusive.png Graphic file (type
 png)
<use ../AN-18-340/Figures/RedBkg/M4l_SS_2e2mu_Inclusive.png>
Package pdftex.def Info: ../AN-18-340/Figures/RedBkg/M4l_SS_2e2mu_Inclusive.png
  used on input line 619.
(pdftex.def)             Requested size: 195.12767pt x 187.18257pt.
[96 <../AN-18-340/Figures/RedBkg/FR_MissingHits_graph_eta_0_pT_0.png> <../AN-18
-340/Figures/RedBkg/FR_MissingHits_graph_eta_1_pT_3.png>]

LaTeX Warning: `h' float specifier changed to `ht'.


! LaTeX Error: There's no line here to end.

See the LaTeX manual or LaTeX Companion for explanation.
Type  H <return>  for immediate help.
 ...                                              
                                                  
l.835 ...inties on Reducible Background} \\ \label
                                                  {syst_reducible_bkg}
? 

! LaTeX Error: There's no line here to end.

See the LaTeX manual or LaTeX Companion for explanation.
Type  H <return>  for immediate help.
 ...                                              
                                                  
l.836 \newline
              
? 
[97 <../AN-18-340/Figures/RedBkg/FR_SS_electrons.png>] [98 <../AN-18-340/Figure
s/RedBkg/M4l_SS_4e_Inclusive.png> <../AN-18-340/Figures/RedBkg/M4l_SS_2mu2e_Inc
lusive.png> <../AN-18-340/Figures/RedBkg/M4l_SS_4mu_Inclusive.png> <../AN-18-34
0/Figures/RedBkg/M4l_SS_2e2mu_Inclusive.png>] [99]
Overfull \hbox (14.8019pt too wide) in paragraph at lines 916--919
[]\T1/ppl/m/n/12 Reconstructed four-leptons in-vari-ant mass dis-tri-bu-tion fo
r whole Run 2 datasets
 []

<Chapters/Chapter4/AnalysisStrategy/figures/Combination.pdf, id=5026, 569.12625
pt x 415.5525pt>
File: Chapters/Chapter4/AnalysisStrategy/figures/Combination.pdf Graphic file (
type pdf)
<use Chapters/Chapter4/AnalysisStrategy/figures/Combination.pdf>
Package pdftex.def Info: Chapters/Chapter4/AnalysisStrategy/figures/Combination
.pdf  used on input line 924.
(pdftex.def)             Requested size: 216.81pt x 158.30472pt.
<Chapters/Chapter4/AnalysisStrategy/figures/Combination_lowMass.pdf, id=5027, 5
69.12625pt x 415.5525pt>
File: Chapters/Chapter4/AnalysisStrategy/figures/Combination_lowMass.pdf Graphi
c file (type pdf)
<use Chapters/Chapter4/AnalysisStrategy/figures/Combination_lowMass.pdf>
Package pdftex.def Info: Chapters/Chapter4/AnalysisStrategy/figures/Combination
_lowMass.pdf  used on input line 928.
(pdftex.def)             Requested size: 216.81pt x 158.30472pt.

Overfull \hbox (2.28001pt too wide) in paragraph at lines 922--931
[]$[]$ $[]$ 
 []


! LaTeX Error: \mathrm allowed only in math mode.

See the LaTeX manual or LaTeX Companion for explanation.
Type  H <return>  for immediate help.
 ...                                              
                                                  
l.949 \Z
        \ + X               & $  21.1^{+ 8.5}_{-10.4}$ & $  34.4^{+14.5}_{-1...

? 

! LaTeX Error: \mathrm allowed only in math mode.

See the LaTeX manual or LaTeX Companion for explanation.
Type  H <return>  for immediate help.
 ...                                              
                                                  
l.963 \Z
        \ + X & $17.1^{+ 6.4}_{- 6.1}$ & $33.3^{+ 11.9}_{- 11.4}$ & $46.9^{+...

? 

! LaTeX Error: \mathrm allowed only in math mode.

See the LaTeX manual or LaTeX Companion for explanation.
Type  H <return>  for immediate help.
 ...                                              
                                                  
l.981         \Z
                \ + X & $19.3\pm7.2$ & $50.8\pm15.2$ & $64.6\pm15.6$ & $134....

? 
) (./Chapters/Chapter4/AnalysisStrategy/StatProcedure.tex [100 <./Chapters/Chap
ter4/AnalysisStrategy/figures/Combination.pdf, page is rotated 90 degrees> <./C
hapters/Chapter4/AnalysisStrategy/figures/Combination_lowMass.pdf, page is rota
ted 90 degrees>] [101]
Overfull \hbox (15.7502pt too wide) in paragraph at lines 111--122
\T1/ppl/m/n/12 tracted with the help of sim-u-lated sam-ples and then en-coded 
in the parametriza-
 []

[102])

Package hyperref Warning: Token not allowed in a PDF string (Unicode):
(hyperref)                removing `math shift' on input line 393.


Package hyperref Warning: Token not allowed in a PDF string (Unicode):
(hyperref)                removing `\to' on input line 393.


Package hyperref Warning: Token not allowed in a PDF string (Unicode):
(hyperref)                removing `\ell' on input line 393.


Package hyperref Warning: Token not allowed in a PDF string (Unicode):
(hyperref)                removing `math shift' on input line 393.

(./Chapters/Chapter4/AnalysisStrategy/Extraction.tex
<Plots/asimovdata_SM_125_v2_unfoldwith_SM_125_v2_mass4l_4e_recobin0.pdf, id=514
6, 569.12625pt x 440.64626pt>
File: Plots/asimovdata_SM_125_v2_unfoldwith_SM_125_v2_mass4l_4e_recobin0.pdf Gr
aphic file (type pdf)
<use Plots/asimovdata_SM_125_v2_unfoldwith_SM_125_v2_mass4l_4e_recobin0.pdf>
Package pdftex.def Info: Plots/asimovdata_SM_125_v2_unfoldwith_SM_125_v2_mass4l
_4e_recobin0.pdf  used on input line 83.
(pdftex.def)             Requested size: 216.81pt x 167.86418pt.
<Plots/asimovdata_SM_125_v2_unfoldwith_SM_125_v2_mass4l_4mu_recobin0.pdf, id=51
47, 569.12625pt x 440.64626pt>
File: Plots/asimovdata_SM_125_v2_unfoldwith_SM_125_v2_mass4l_4mu_recobin0.pdf G
raphic file (type pdf)
<use Plots/asimovdata_SM_125_v2_unfoldwith_SM_125_v2_mass4l_4mu_recobin0.pdf>
Package pdftex.def Info: Plots/asimovdata_SM_125_v2_unfoldwith_SM_125_v2_mass4l
_4mu_recobin0.pdf  used on input line 86.
(pdftex.def)             Requested size: 216.81pt x 167.86418pt.
<Plots/asimovdata_SM_125_v2_unfoldwith_SM_125_v2_mass4l_2e2mu_recobin0.pdf, id=
5148, 569.12625pt x 440.64626pt>
File: Plots/asimovdata_SM_125_v2_unfoldwith_SM_125_v2_mass4l_2e2mu_recobin0.pdf
 Graphic file (type pdf)
<use Plots/asimovdata_SM_125_v2_unfoldwith_SM_125_v2_mass4l_2e2mu_recobin0.pdf>

Package pdftex.def Info: Plots/asimovdata_SM_125_v2_unfoldwith_SM_125_v2_mass4l
_2e2mu_recobin0.pdf  used on input line 89.
(pdftex.def)             Requested size: 216.81pt x 167.86418pt.
<Plots/asimovdata_SM_125_v2_unfoldwith_SM_125_v2_mass4l_4l_recobin0.pdf, id=514
9, 569.12625pt x 440.64626pt>
File: Plots/asimovdata_SM_125_v2_unfoldwith_SM_125_v2_mass4l_4l_recobin0.pdf Gr
aphic file (type pdf)
<use Plots/asimovdata_SM_125_v2_unfoldwith_SM_125_v2_mass4l_4l_recobin0.pdf>
Package pdftex.def Info: Plots/asimovdata_SM_125_v2_unfoldwith_SM_125_v2_mass4l
_4l_recobin0.pdf  used on input line 92.
(pdftex.def)             Requested size: 216.81pt x 167.86418pt.

Overfull \hbox (2.28001pt too wide) in paragraph at lines 82--94
[]$[]$ $[]$
 []


Overfull \hbox (2.28001pt too wide) in paragraph at lines 82--94
[]$ $[]$ 
 []

[103] [104 <./Plots/asimovdata_SM_125_v2_unfoldwith_SM_125_v2_mass4l_4e_recobin
0.pdf, page is rotated 90 degrees> <./Plots/asimovdata_SM_125_v2_unfoldwith_SM_
125_v2_mass4l_4mu_recobin0.pdf, page is rotated 90 degrees> <./Plots/asimovdata
_SM_125_v2_unfoldwith_SM_125_v2_mass4l_2e2mu_recobin0.pdf, page is rotated 90 d
egrees> <./Plots/asimovdata_SM_125_v2_unfoldwith_SM_125_v2_mass4l_4l_recobin0.p
df, page is rotated 90 degrees>] [105]
<Plots/ggH_powheg_JHUgen_125_2e2mu_pT4l_genbin0_recobin0_effs_genWeight*pileupW
eight*dataMCWeight.pdf, id=5344, 569.12625pt x 551.05875pt>
File: Plots/ggH_powheg_JHUgen_125_2e2mu_pT4l_genbin0_recobin0_effs_genWeight*pi
leupWeight*dataMCWeight.pdf Graphic file (type pdf)
<use Plots/ggH_powheg_JHUgen_125_2e2mu_pT4l_genbin0_recobin0_effs_genWeight*pil
eupWeight*dataMCWeight.pdf>
Package pdftex.def Info: Plots/ggH_powheg_JHUgen_125_2e2mu_pT4l_genbin0_recobin
0_effs_genWeight*pileupWeight*dataMCWeight.pdf  used on input line 249.
(pdftex.def)             Requested size: 130.08733pt x 125.95885pt.
<Plots/ggH_powheg_JHUgen_125_2e2mu_pT4l_genbin1_recobin1_effs_genWeight*pileupW
eight*dataMCWeight.pdf, id=5345, 569.12625pt x 551.05875pt>
File: Plots/ggH_powheg_JHUgen_125_2e2mu_pT4l_genbin1_recobin1_effs_genWeight*pi
leupWeight*dataMCWeight.pdf Graphic file (type pdf)
<use Plots/ggH_powheg_JHUgen_125_2e2mu_pT4l_genbin1_recobin1_effs_genWeight*pil
eupWeight*dataMCWeight.pdf>
Package pdftex.def Info: Plots/ggH_powheg_JHUgen_125_2e2mu_pT4l_genbin1_recobin
1_effs_genWeight*pileupWeight*dataMCWeight.pdf  used on input line 253.
(pdftex.def)             Requested size: 130.08733pt x 125.95885pt.
<Plots/ggH_powheg_JHUgen_125_2e2mu_pT4l_genbin2_recobin2_effs_genWeight*pileupW
eight*dataMCWeight.pdf, id=5346, 569.12625pt x 551.05875pt>
File: Plots/ggH_powheg_JHUgen_125_2e2mu_pT4l_genbin2_recobin2_effs_genWeight*pi
leupWeight*dataMCWeight.pdf Graphic file (type pdf)
<use Plots/ggH_powheg_JHUgen_125_2e2mu_pT4l_genbin2_recobin2_effs_genWeight*pil
eupWeight*dataMCWeight.pdf>
Package pdftex.def Info: Plots/ggH_powheg_JHUgen_125_2e2mu_pT4l_genbin2_recobin
2_effs_genWeight*pileupWeight*dataMCWeight.pdf  used on input line 257.
(pdftex.def)             Requested size: 130.08733pt x 125.95885pt.
<Plots/ggH_powheg_JHUgen_125_2e2mu_pT4l_genbin3_recobin3_effs_genWeight*pileupW
eight*dataMCWeight.pdf, id=5347, 569.12625pt x 551.05875pt>
File: Plots/ggH_powheg_JHUgen_125_2e2mu_pT4l_genbin3_recobin3_effs_genWeight*pi
leupWeight*dataMCWeight.pdf Graphic file (type pdf)
<use Plots/ggH_powheg_JHUgen_125_2e2mu_pT4l_genbin3_recobin3_effs_genWeight*pil
eupWeight*dataMCWeight.pdf>
Package pdftex.def Info: Plots/ggH_powheg_JHUgen_125_2e2mu_pT4l_genbin3_recobin
3_effs_genWeight*pileupWeight*dataMCWeight.pdf  used on input line 261.
(pdftex.def)             Requested size: 130.08733pt x 125.95885pt.
<Plots/ggH_powheg_JHUgen_125_2e2mu_pT4l_genbin4_recobin4_effs_genWeight*pileupW
eight*dataMCWeight.pdf, id=5348, 569.12625pt x 551.05875pt>
File: Plots/ggH_powheg_JHUgen_125_2e2mu_pT4l_genbin4_recobin4_effs_genWeight*pi
leupWeight*dataMCWeight.pdf Graphic file (type pdf)
<use Plots/ggH_powheg_JHUgen_125_2e2mu_pT4l_genbin4_recobin4_effs_genWeight*pil
eupWeight*dataMCWeight.pdf>
Package pdftex.def Info: Plots/ggH_powheg_JHUgen_125_2e2mu_pT4l_genbin4_recobin
4_effs_genWeight*pileupWeight*dataMCWeight.pdf  used on input line 265.
(pdftex.def)             Requested size: 130.08733pt x 125.95885pt.
<Plots/ggH_powheg_JHUgen_125_2e2mu_pT4l_genbin5_recobin5_effs_genWeight*pileupW
eight*dataMCWeight.pdf, id=5349, 569.12625pt x 551.05875pt>
File: Plots/ggH_powheg_JHUgen_125_2e2mu_pT4l_genbin5_recobin5_effs_genWeight*pi
leupWeight*dataMCWeight.pdf Graphic file (type pdf)
<use Plots/ggH_powheg_JHUgen_125_2e2mu_pT4l_genbin5_recobin5_effs_genWeight*pil
eupWeight*dataMCWeight.pdf>
Package pdftex.def Info: Plots/ggH_powheg_JHUgen_125_2e2mu_pT4l_genbin5_recobin
5_effs_genWeight*pileupWeight*dataMCWeight.pdf  used on input line 269.
(pdftex.def)             Requested size: 130.08733pt x 125.95885pt.
<Plots/ggH_powheg_JHUgen_125_2e2mu_pT4l_genbin6_recobin6_effs_genWeight*pileupW
eight*dataMCWeight.pdf, id=5350, 569.12625pt x 551.05875pt>
File: Plots/ggH_powheg_JHUgen_125_2e2mu_pT4l_genbin6_recobin6_effs_genWeight*pi
leupWeight*dataMCWeight.pdf Graphic file (type pdf)
<use Plots/ggH_powheg_JHUgen_125_2e2mu_pT4l_genbin6_recobin6_effs_genWeight*pil
eupWeight*dataMCWeight.pdf>
Package pdftex.def Info: Plots/ggH_powheg_JHUgen_125_2e2mu_pT4l_genbin6_recobin
6_effs_genWeight*pileupWeight*dataMCWeight.pdf  used on input line 273.
(pdftex.def)             Requested size: 130.08733pt x 125.95885pt.
 [106] [107 <./Plots/ggH_powheg_JHUgen_125_2e2mu_pT4l_genbin0_recobin0_effs_gen
Weight*pileupWeight*dataMCWeight.pdf, page is rotated 90 degrees> <./Plots/ggH_
powheg_JHUgen_125_2e2mu_pT4l_genbin1_recobin1_effs_genWeight*pileupWeight*dataM
CWeight.pdf, page is rotated 90 degrees> <./Plots/ggH_powheg_JHUgen_125_2e2mu_p
T4l_genbin2_recobin2_effs_genWeight*pileupWeight*dataMCWeight.pdf, page is rota
ted 90 degrees> <./Plots/ggH_powheg_JHUgen_125_2e2mu_pT4l_genbin3_recobin3_effs
_genWeight*pileupWeight*dataMCWeight.pdf, page is rotated 90 degrees> <./Plots/
ggH_powheg_JHUgen_125_2e2mu_pT4l_genbin4_recobin4_effs_genWeight*pileupWeight*d
ataMCWeight.pdf, page is rotated 90 degrees> <./Plots/ggH_powheg_JHUgen_125_2e2
mu_pT4l_genbin5_recobin5_effs_genWeight*pileupWeight*dataMCWeight.pdf, page is 
rotated 90 degrees> <./Plots/ggH_powheg_JHUgen_125_2e2mu_pT4l_genbin6_recobin6_
effs_genWeight*pileupWeight*dataMCWeight.pdf, page is rotated 90 degrees>]
<Plots/eff2d_ggH_powheg_JHUgen_125_pT4l_2e2mu.pdf, id=5669, 569.12625pt x 440.6
4626pt>
File: Plots/eff2d_ggH_powheg_JHUgen_125_pT4l_2e2mu.pdf Graphic file (type pdf)
<use Plots/eff2d_ggH_powheg_JHUgen_125_pT4l_2e2mu.pdf>
Package pdftex.def Info: Plots/eff2d_ggH_powheg_JHUgen_125_pT4l_2e2mu.pdf  used
 on input line 288.
(pdftex.def)             Requested size: 199.46811pt x 154.43692pt.
<Plots/eff2d_VBF_powheg_JHUgen_125_pT4l_2e2mu.pdf, id=5670, 569.12625pt x 440.6
4626pt>
File: Plots/eff2d_VBF_powheg_JHUgen_125_pT4l_2e2mu.pdf Graphic file (type pdf)
<use Plots/eff2d_VBF_powheg_JHUgen_125_pT4l_2e2mu.pdf>
Package pdftex.def Info: Plots/eff2d_VBF_powheg_JHUgen_125_pT4l_2e2mu.pdf  used
 on input line 298.
(pdftex.def)             Requested size: 199.46811pt x 154.43692pt.
<Plots/eff2d_WH_powheg_JHUgen_125_pT4l_2e2mu.pdf, id=5671, 569.12625pt x 440.64
626pt>
File: Plots/eff2d_WH_powheg_JHUgen_125_pT4l_2e2mu.pdf Graphic file (type pdf)
<use Plots/eff2d_WH_powheg_JHUgen_125_pT4l_2e2mu.pdf>
Package pdftex.def Info: Plots/eff2d_WH_powheg_JHUgen_125_pT4l_2e2mu.pdf  used 
on input line 303.
(pdftex.def)             Requested size: 199.46811pt x 154.43692pt.
<Plots/eff2d_ZH_powheg_JHUgen_125_pT4l_2e2mu.pdf, id=5672, 569.12625pt x 440.64
626pt>
File: Plots/eff2d_ZH_powheg_JHUgen_125_pT4l_2e2mu.pdf Graphic file (type pdf)
<use Plots/eff2d_ZH_powheg_JHUgen_125_pT4l_2e2mu.pdf>
Package pdftex.def Info: Plots/eff2d_ZH_powheg_JHUgen_125_pT4l_2e2mu.pdf  used 
on input line 308.
(pdftex.def)             Requested size: 208.13574pt x 161.14719pt.
<Plots/eff2d_ttH_powheg_JHUgen_125_pT4l_2e2mu.pdf, id=5673, 569.12625pt x 440.6
4626pt>
File: Plots/eff2d_ttH_powheg_JHUgen_125_pT4l_2e2mu.pdf Graphic file (type pdf)
<use Plots/eff2d_ttH_powheg_JHUgen_125_pT4l_2e2mu.pdf>
Package pdftex.def Info: Plots/eff2d_ttH_powheg_JHUgen_125_pT4l_2e2mu.pdf  used
 on input line 313.
(pdftex.def)             Requested size: 208.13574pt x 161.14719pt.
 [108 <./Plots/eff2d_ggH_powheg_JHUgen_125_pT4l_2e2mu.pdf, page is rotated 90 d
egrees> <./Plots/eff2d_VBF_powheg_JHUgen_125_pT4l_2e2mu.pdf, page is rotated 90
 degrees> <./Plots/eff2d_WH_powheg_JHUgen_125_pT4l_2e2mu.pdf, page is rotated 9
0 degrees> <./Plots/eff2d_ZH_powheg_JHUgen_125_pT4l_2e2mu.pdf, page is rotated 
90 degrees> <./Plots/eff2d_ttH_powheg_JHUgen_125_pT4l_2e2mu.pdf, page is rotate
d 90 degrees>]
<Plots/asimovdata_SM_125_v2_unfoldwith_SM_125_v3_pT4l_4l_recobin0.pdf, id=5899,
 569.12625pt x 440.64626pt>
File: Plots/asimovdata_SM_125_v2_unfoldwith_SM_125_v3_pT4l_4l_recobin0.pdf Grap
hic file (type pdf)
<use Plots/asimovdata_SM_125_v2_unfoldwith_SM_125_v3_pT4l_4l_recobin0.pdf>
Package pdftex.def Info: Plots/asimovdata_SM_125_v2_unfoldwith_SM_125_v3_pT4l_4
l_recobin0.pdf  used on input line 328.
(pdftex.def)             Requested size: 173.44534pt x 134.2927pt.
<Plots/asimovdata_SM_125_v2_unfoldwith_SM_125_v3_pT4l_4l_recobin1.pdf, id=5900,
 569.12625pt x 440.64626pt>
File: Plots/asimovdata_SM_125_v2_unfoldwith_SM_125_v3_pT4l_4l_recobin1.pdf Grap
hic file (type pdf)
<use Plots/asimovdata_SM_125_v2_unfoldwith_SM_125_v3_pT4l_4l_recobin1.pdf>
Package pdftex.def Info: Plots/asimovdata_SM_125_v2_unfoldwith_SM_125_v3_pT4l_4
l_recobin1.pdf  used on input line 332.
(pdftex.def)             Requested size: 173.44534pt x 134.2927pt.
<Plots/asimovdata_SM_125_v2_unfoldwith_SM_125_v3_pT4l_4l_recobin2.pdf, id=5901,
 569.12625pt x 440.64626pt>
File: Plots/asimovdata_SM_125_v2_unfoldwith_SM_125_v3_pT4l_4l_recobin2.pdf Grap
hic file (type pdf)
<use Plots/asimovdata_SM_125_v2_unfoldwith_SM_125_v3_pT4l_4l_recobin2.pdf>
Package pdftex.def Info: Plots/asimovdata_SM_125_v2_unfoldwith_SM_125_v3_pT4l_4
l_recobin2.pdf  used on input line 336.
(pdftex.def)             Requested size: 173.44534pt x 134.2927pt.
<Plots/asimovdata_SM_125_v2_unfoldwith_SM_125_v3_pT4l_4l_recobin3.pdf, id=5902,
 569.12625pt x 440.64626pt>
File: Plots/asimovdata_SM_125_v2_unfoldwith_SM_125_v3_pT4l_4l_recobin3.pdf Grap
hic file (type pdf)
<use Plots/asimovdata_SM_125_v2_unfoldwith_SM_125_v3_pT4l_4l_recobin3.pdf>
Package pdftex.def Info: Plots/asimovdata_SM_125_v2_unfoldwith_SM_125_v3_pT4l_4
l_recobin3.pdf  used on input line 340.
(pdftex.def)             Requested size: 173.44534pt x 134.2927pt.
<Plots/asimovdata_SM_125_v2_unfoldwith_SM_125_v3_pT4l_4l_recobin4.pdf, id=5903,
 569.12625pt x 440.64626pt>
File: Plots/asimovdata_SM_125_v2_unfoldwith_SM_125_v3_pT4l_4l_recobin4.pdf Grap
hic file (type pdf)
<use Plots/asimovdata_SM_125_v2_unfoldwith_SM_125_v3_pT4l_4l_recobin4.pdf>
Package pdftex.def Info: Plots/asimovdata_SM_125_v2_unfoldwith_SM_125_v3_pT4l_4
l_recobin4.pdf  used on input line 344.
(pdftex.def)             Requested size: 173.44534pt x 134.2927pt.
<Plots/asimovdata_SM_125_v2_unfoldwith_SM_125_v3_pT4l_4l_recobin5.pdf, id=5904,
 569.12625pt x 440.64626pt>
File: Plots/asimovdata_SM_125_v2_unfoldwith_SM_125_v3_pT4l_4l_recobin5.pdf Grap
hic file (type pdf)
<use Plots/asimovdata_SM_125_v2_unfoldwith_SM_125_v3_pT4l_4l_recobin5.pdf>
Package pdftex.def Info: Plots/asimovdata_SM_125_v2_unfoldwith_SM_125_v3_pT4l_4
l_recobin5.pdf  used on input line 348.
(pdftex.def)             Requested size: 173.44534pt x 134.2927pt.
<Plots/asimovdata_SM_125_v2_unfoldwith_SM_125_v3_pT4l_4l_recobin6.pdf, id=5905,
 569.12625pt x 440.64626pt>
File: Plots/asimovdata_SM_125_v2_unfoldwith_SM_125_v3_pT4l_4l_recobin6.pdf Grap
hic file (type pdf)
<use Plots/asimovdata_SM_125_v2_unfoldwith_SM_125_v3_pT4l_4l_recobin6.pdf>
Package pdftex.def Info: Plots/asimovdata_SM_125_v2_unfoldwith_SM_125_v3_pT4l_4
l_recobin6.pdf  used on input line 352.
(pdftex.def)             Requested size: 173.44534pt x 134.2927pt.


LaTeX Warning: Float too large for page by 81.16454pt on input line 358.

) (./Chapters/Chapter4/Systematics/Systematics.tex
Overfull \hbox (3.71385pt too wide) in paragraph at lines 99--118
\T1/ppl/m/n/12 Estimation of the the-o-ret-i-cal un-cer-tain-ties af-fect-ing s
ig-nal and the back-ground
 []

[109


]

! LaTeX Error: There's no line here to end.

See the LaTeX manual or LaTeX Companion for explanation.
Type  H <return>  for immediate help.
 ...                                              
                                                  
l.172 
      
? 
<Plots/impacts_2e2mu.png, id=5915, 925.4575pt x 765.86125pt>
File: Plots/impacts_2e2mu.png Graphic file (type png)
<use Plots/impacts_2e2mu.png>
Package pdftex.def Info: Plots/impacts_2e2mu.png  used on input line 496.
(pdftex.def)             Requested size: 390.25536pt x 322.95668pt.

Overfull \hbox (21.35811pt too wide) in paragraph at lines 504--504
[]\T1/ppl/b/n/14.4 Systematic un-cer-tain-ties treat-ment when com-bin-ing year
ly
 []

) [110] (./Chapters/Chapter4/Results/Inclusive.tex
<Plots/data_unfoldwith_SM_125_v3_mass4l_4e_recobin0.pdf, id=5923, 569.12625pt x
 440.64626pt>
File: Plots/data_unfoldwith_SM_125_v3_mass4l_4e_recobin0.pdf Graphic file (type
 pdf)
<use Plots/data_unfoldwith_SM_125_v3_mass4l_4e_recobin0.pdf>
Package pdftex.def Info: Plots/data_unfoldwith_SM_125_v3_mass4l_4e_recobin0.pdf
  used on input line 12.
(pdftex.def)             Requested size: 208.13574pt x 161.14719pt.
<Plots/data_unfoldwith_SM_125_v3_mass4l_4mu_recobin0.pdf, id=5924, 569.12625pt 
x 440.64626pt>
File: Plots/data_unfoldwith_SM_125_v3_mass4l_4mu_recobin0.pdf Graphic file (typ
e pdf)
<use Plots/data_unfoldwith_SM_125_v3_mass4l_4mu_recobin0.pdf>
Package pdftex.def Info: Plots/data_unfoldwith_SM_125_v3_mass4l_4mu_recobin0.pd
f  used on input line 16.
(pdftex.def)             Requested size: 208.13574pt x 161.14719pt.
<Plots/data_unfoldwith_SM_125_v3_mass4l_2e2mu_recobin0.pdf, id=5925, 569.12625p
t x 440.64626pt>
File: Plots/data_unfoldwith_SM_125_v3_mass4l_2e2mu_recobin0.pdf Graphic file (t
ype pdf)
<use Plots/data_unfoldwith_SM_125_v3_mass4l_2e2mu_recobin0.pdf>
Package pdftex.def Info: Plots/data_unfoldwith_SM_125_v3_mass4l_2e2mu_recobin0.
pdf  used on input line 20.
(pdftex.def)             Requested size: 208.13574pt x 161.14719pt.
<Plots/data_unfoldwith_SM_125_v3_mass4l_4l_recobin0.pdf, id=5926, 569.12625pt x
 440.64626pt>
File: Plots/data_unfoldwith_SM_125_v3_mass4l_4l_recobin0.pdf Graphic file (type
 pdf)
<use Plots/data_unfoldwith_SM_125_v3_mass4l_4l_recobin0.pdf>
Package pdftex.def Info: Plots/data_unfoldwith_SM_125_v3_mass4l_4l_recobin0.pdf
  used on input line 24.
(pdftex.def)             Requested size: 208.13574pt x 161.14719pt.
<Plots/xs_vs_sqrts.pdf, id=5927, 569.12625pt x 555.07375pt>
File: Plots/xs_vs_sqrts.pdf Graphic file (type pdf)
<use Plots/xs_vs_sqrts.pdf>
Package pdftex.def Info: Plots/xs_vs_sqrts.pdf  used on input line 35.
(pdftex.def)             Requested size: 208.13574pt x 202.99406pt.
<Plots/mass4l_unfoldwith_SM_125_ThreeYears.pdf, id=5928, 569.12625pt x 559.0887
5pt>
File: Plots/mass4l_unfoldwith_SM_125_ThreeYears.pdf Graphic file (type pdf)
<use Plots/mass4l_unfoldwith_SM_125_ThreeYears.pdf>
Package pdftex.def Info: Plots/mass4l_unfoldwith_SM_125_ThreeYears.pdf  used on
 input line 39.
(pdftex.def)             Requested size: 208.13574pt x 204.46239pt.

Runaway argument?
{The measured fiducial cross section as a function of $\sqrt {s}$ (le\ETC.
! Paragraph ended before \caption@prepareanchor was complete.
<to be read again> 
                   \par 
l.48     }
          
? 
! Extra }, or forgotten \endgroup.
\@caption ...\else \caption@prepareanchor {#1}{#2}
                                                  \memcaptioninfo {#1}{\csna...
l.48     }
          
? 
Runaway argument?
{\ignorespaces The measured fiducial cross section as a function of $\ETC.
! Paragraph ended before \caption@@@addcontentsline was complete.
<to be read again> 
                   \par 
l.48     }
          
? 
! Extra }, or forgotten \endgroup.
\caption@@addcontentsline ...}{\ignorespaces #2}}}
                                                  
l.48     }
          
? 
! Undefined control sequence.
<argument> ...eptance is calculated using \POWHEG 
                                                  at $\sqrt {s}$=13\TeV ~\ci...
l.48     }
          
? 
! Undefined control sequence.
<argument> ...eptance is calculated using \POWHEG 
                                                  at $\sqrt {s}$=13\TeV ~\ci...
l.48     }
          
? 

Overfull \hbox (4.12234pt too wide) in paragraph at lines 54--60
\T1/ppl/m/n/12 ror bar rep-re-sents to-tal un-cer-tain-ties, summed from the in
-di-vid-u-als in quadra-
 []


Overfull \hbox (11.22739pt too wide) in paragraph at lines 223--292
 [] 
 []

) [111] (./Chapters/Chapter4/Results/Differential.tex

LaTeX Warning: Reference `app:fixfrac' on page 112 undefined on input line 20.


LaTeX Warning: Reference `fig:differential-results-restrictive_md' on page 112 
undefined on input line 22.

<Plots/asimovdata_SM_125_v2_pT4l_4l.pdf, id=5955, 569.12625pt x 440.64626pt>
File: Plots/asimovdata_SM_125_v2_pT4l_4l.pdf Graphic file (type pdf)
<use Plots/asimovdata_SM_125_v2_pT4l_4l.pdf>
Package pdftex.def Info: Plots/asimovdata_SM_125_v2_pT4l_4l.pdf  used on input 
line 32.
(pdftex.def)             Requested size: 195.12767pt x 151.07507pt.
<Plots/asimovdata_SM_125_v2_rapidity4l_4l.pdf, id=5956, 569.12625pt x 440.64626
pt>
File: Plots/asimovdata_SM_125_v2_rapidity4l_4l.pdf Graphic file (type pdf)
<use Plots/asimovdata_SM_125_v2_rapidity4l_4l.pdf>
Package pdftex.def Info: Plots/asimovdata_SM_125_v2_rapidity4l_4l.pdf  used on 
input line 36.
(pdftex.def)             Requested size: 195.12767pt x 151.07507pt.
<Plots/asimovdata_SM_125_v2_njets_pt30_eta2p5_4l.pdf, id=5957, 569.12625pt x 44
0.64626pt>
File: Plots/asimovdata_SM_125_v2_njets_pt30_eta2p5_4l.pdf Graphic file (type pd
f)
<use Plots/asimovdata_SM_125_v2_njets_pt30_eta2p5_4l.pdf>
Package pdftex.def Info: Plots/asimovdata_SM_125_v2_njets_pt30_eta2p5_4l.pdf  u
sed on input line 40.
(pdftex.def)             Requested size: 195.12767pt x 151.07507pt.
<Plots/asimovdata_SM_125_v2_pt_leadingjet_pt30_eta2p5_4l.pdf, id=5958, 569.1262
5pt x 440.64626pt>
File: Plots/asimovdata_SM_125_v2_pt_leadingjet_pt30_eta2p5_4l.pdf Graphic file 
(type pdf)
<use Plots/asimovdata_SM_125_v2_pt_leadingjet_pt30_eta2p5_4l.pdf>
Package pdftex.def Info: Plots/asimovdata_SM_125_v2_pt_leadingjet_pt30_eta2p5_4
l.pdf  used on input line 44.
(pdftex.def)             Requested size: 195.12767pt x 151.07507pt.
[112]
<Plots/pT4l_unfoldwith_SM_125_logscale.pdf, id=5964, 569.12625pt x 559.08875pt>

File: Plots/pT4l_unfoldwith_SM_125_logscale.pdf Graphic file (type pdf)
<use Plots/pT4l_unfoldwith_SM_125_logscale.pdf>
Package pdftex.def Info: Plots/pT4l_unfoldwith_SM_125_logscale.pdf  used on inp
ut line 59.
(pdftex.def)             Requested size: 195.12767pt x 191.68295pt.
<Plots/rapidity4l_unfoldwith_SM_125.pdf, id=5965, 569.12625pt x 559.08875pt>
File: Plots/rapidity4l_unfoldwith_SM_125.pdf Graphic file (type pdf)
<use Plots/rapidity4l_unfoldwith_SM_125.pdf>
Package pdftex.def Info: Plots/rapidity4l_unfoldwith_SM_125.pdf  used on input 
line 64.
(pdftex.def)             Requested size: 195.12767pt x 191.68295pt.
<Plots/pt_leadingjet_pt30_eta2p5_unfoldwith_SM_125_logscale.pdf, id=5966, 569.1
2625pt x 559.08875pt>
File: Plots/pt_leadingjet_pt30_eta2p5_unfoldwith_SM_125_logscale.pdf Graphic fi
le (type pdf)
<use Plots/pt_leadingjet_pt30_eta2p5_unfoldwith_SM_125_logscale.pdf>
Package pdftex.def Info: Plots/pt_leadingjet_pt30_eta2p5_unfoldwith_SM_125_logs
cale.pdf  used on input line 68.
(pdftex.def)             Requested size: 195.12767pt x 191.68295pt.
<Plots/njets_pt30_eta2p5_unfoldwith_SM_125_logscale.pdf, id=5967, 569.12625pt x
 559.08875pt>
File: Plots/njets_pt30_eta2p5_unfoldwith_SM_125_logscale.pdf Graphic file (type
 pdf)
<use Plots/njets_pt30_eta2p5_unfoldwith_SM_125_logscale.pdf>
Package pdftex.def Info: Plots/njets_pt30_eta2p5_unfoldwith_SM_125_logscale.pdf
  used on input line 72.
(pdftex.def)             Requested size: 195.12767pt x 191.68295pt.


LaTeX Warning: Float too large for page by 7.35973pt on input line 79.

) (./Chapters/Chapter4/Results/atlas_results.tex
Overfull \hbox (0.8692pt too wide) in paragraph at lines 1--6
\T1/ppl/m/n/12 ATLAS and CMS are two im-por-tant gen-eral pur-pose ex-per-i-men
ts of the LHC.
 []


Underfull \hbox (badness 10000) in paragraph at lines 1--6

 []


LaTeX Warning: Citation 'CMS:2019chr' on page 113 undefined on input line 8.


LaTeX Warning: Citation 'ATLAS:2020wny' on page 113 undefined on input line 8.


Overfull \hbox (10.71144pt too wide) in paragraph at lines 7--12
\T1/ppl/m/n/12 same sub-ject from two dif-fer-ent ex-per-i-ments [[], []].
 []

[113]
! Missing { inserted.
<to be read again> 
                   $
l.49 ...ivant mass of Z$_1$ candidate & $40 < m(_$
                                                  Z$_{1}$)$< 120 \GeV$ & $50...

? 
! Missing } inserted.
<inserted text> 
                }
l.49 ...ivant mass of Z$_1$ candidate & $40 < m(_$
                                                  Z$_{1}$)$< 120 \GeV$ & $50...

? 
! Missing $ inserted.
<inserted text> 
                $
l.49 ...0 < m(_$Z$_{1}$)$< 120 \GeV$ & $50 < m(Z$_
                                                  {1}$)< 106 \GeV$ \\ \hline
? 
! Missing $ inserted.
<inserted text> 
                $
l.49 ...V$ & $50 < m(Z$_{1}$)< 106 \GeV$ \\ \hline
                                                  
? 
! Missing { inserted.
<to be read again> 
                   $
l.50 ...ivant mass of Z$_2$ candidate & $12 < m(_$
                                                  Z$_{2}$)$< 120 \GeV$ & $12...

? 
! Missing } inserted.
<inserted text> 
                }
l.50 ...ivant mass of Z$_2$ candidate & $12 < m(_$
                                                  Z$_{2}$)$< 120 \GeV$ & $12...

? 
! Missing $ inserted.
<inserted text> 
                $
l.50 ...2 < m(_$Z$_{2}$)$< 120 \GeV$ & $12 < m(Z$_
                                                  {2}$)< 115 \GeV$ \\ \hline
? 
! Missing $ inserted.
<inserted text> 
                $
l.50 ...V$ & $12 < m(Z$_{2}$)< 115 \GeV$ \\ \hline
                                                  
? 
! Missing { inserted.
<to be read again> 
                   $
l.54 ...1$  & SFOS lepton pair with smallest $|m_$
                                                  Z$ - m_$ll$|$  & same \\ \...

? 
! Missing } inserted.
<inserted text> 
                }
l.54 ...1$  & SFOS lepton pair with smallest $|m_$
                                                  Z$ - m_$ll$|$  & same \\ \...

? 
! Missing { inserted.
<to be read again> 
                   $
l.54 ...OS lepton pair with smallest $|m_$Z$ - m_$
                                                  ll$|$  & same \\ \hline
? 
! Missing } inserted.
<inserted text> 
                }
l.54 ...OS lepton pair with smallest $|m_$Z$ - m_$
                                                  ll$|$  & same \\ \hline
? 

Overfull \hbox (11.28749pt too wide) in paragraph at lines 37--57
 [][] 
 []

<Figures/mass4l_ATLAS.png, id=5976, 569.12625pt x 546.04pt>
File: Figures/mass4l_ATLAS.png Graphic file (type png)
<use Figures/mass4l_ATLAS.png>
Package pdftex.def Info: Figures/mass4l_ATLAS.png  used on input line 69.
(pdftex.def)             Requested size: 182.1196pt x 174.73636pt.
File: Chapters/Chapter4/AnalysisStrategy/figures/Combination_lowMass.pdf Graphi
c file (type pdf)
<use Chapters/Chapter4/AnalysisStrategy/figures/Combination_lowMass.pdf>
Package pdftex.def Info: Chapters/Chapter4/AnalysisStrategy/figures/Combination
_lowMass.pdf  used on input line 70.
(pdftex.def)             Requested size: 229.81807pt x 167.80325pt.

Overfull \hbox (69.68373pt too wide) in paragraph at lines 76--78
\OML/cmm/m/it/12 ^^[[] \OT1/cmr/m/n/12 = 3\OML/cmm/m/it/12 :\OT1/cmr/m/n/12 28 
\OMS/cmsy/m/n/12 ^^F \OT1/cmr/m/n/12 0\OML/cmm/m/it/12 :\OT1/cmr/m/n/12 32\OML/
cmm/m/it/12 fb$ \T1/ppl/m/n/12 and with CMS is given as $\OML/cmm/m/it/12 ^^[[]
 \OT1/cmr/m/n/12 = 2\OML/cmm/m/it/12 :\OT1/cmr/m/n/12 73[] = 2\OML/cmm/m/it/12 
:\OT1/cmr/m/n/12 73[]([])[]([]) []$\T1/ppl/m/n/12 .
 []

<Figures/ATLAS_fid.png, id=5978, 768.8725pt x 777.90625pt>
File: Figures/ATLAS_fid.png Graphic file (type png)
<use Figures/ATLAS_fid.png>
Package pdftex.def Info: Figures/ATLAS_fid.png  used on input line 83.
(pdftex.def)             Requested size: 186.45341pt x 188.6361pt.
File: Plots/mass4l_unfoldwith_SM_125_ThreeYears.pdf Graphic file (type pdf)
<use Plots/mass4l_unfoldwith_SM_125_ThreeYears.pdf>
Package pdftex.def Info: Plots/mass4l_unfoldwith_SM_125_ThreeYears.pdf  used on
 input line 84.
(pdftex.def)             Requested size: 203.80193pt x 200.20541pt.
<Figures/ATLAS_pt4l.png, id=5983, 698.61pt x 791.95876pt>
File: Figures/ATLAS_pt4l.png Graphic file (type png)
<use Figures/ATLAS_pt4l.png>
Package pdftex.def Info: Figures/ATLAS_pt4l.png  used on input line 98.
(pdftex.def)             Requested size: 186.45341pt x 211.36652pt.
File: Plots/pT4l_unfoldwith_SM_125_logscale.pdf Graphic file (type pdf)
<use Plots/pT4l_unfoldwith_SM_125_logscale.pdf>
Package pdftex.def Info: Plots/pT4l_unfoldwith_SM_125_logscale.pdf  used on inp
ut line 99.
(pdftex.def)             Requested size: 203.80193pt x 200.20541pt.
<Figures/ATLAS_rapidity4l.png, id=5986, 651.43375pt x 734.745pt>
File: Figures/ATLAS_rapidity4l.png Graphic file (type png)
<use Figures/ATLAS_rapidity4l.png>
Package pdftex.def Info: Figures/ATLAS_rapidity4l.png  used on input line 110.
(pdftex.def)             Requested size: 186.45341pt x 210.30139pt.
File: Plots/rapidity4l_unfoldwith_SM_125.pdf Graphic file (type pdf)
<use Plots/rapidity4l_unfoldwith_SM_125.pdf>
Package pdftex.def Info: Plots/rapidity4l_unfoldwith_SM_125.pdf  used on input 
line 111.
(pdftex.def)             Requested size: 203.80193pt x 200.20541pt.
<Figures/ATLAS_njets.png, id=5989, 715.67375pt x 825.0825pt>
File: Figures/ATLAS_njets.png Graphic file (type png)
<use Figures/ATLAS_njets.png>
Package pdftex.def Info: Figures/ATLAS_njets.png  used on input line 123.
(pdftex.def)             Requested size: 186.45341pt x 214.95703pt.
File: Plots/njets_pt30_eta2p5_unfoldwith_SM_125_logscale.pdf Graphic file (type
 pdf)
<use Plots/njets_pt30_eta2p5_unfoldwith_SM_125_logscale.pdf>
Package pdftex.def Info: Plots/njets_pt30_eta2p5_unfoldwith_SM_125_logscale.pdf
  used on input line 124.
(pdftex.def)             Requested size: 203.80193pt x 200.20541pt.
<Figures/ATLAS_pt_leading.png, id=5992, 651.43375pt x 753.81625pt>
File: Figures/ATLAS_pt_leading.png Graphic file (type png)
<use Figures/ATLAS_pt_leading.png>
Package pdftex.def Info: Figures/ATLAS_pt_leading.png  used on input line 135.
(pdftex.def)             Requested size: 186.45341pt x 215.76004pt.
File: Plots/pt_leadingjet_pt30_eta2p5_unfoldwith_SM_125_logscale.pdf Graphic fi
le (type pdf)
<use Plots/pt_leadingjet_pt30_eta2p5_unfoldwith_SM_125_logscale.pdf>
Package pdftex.def Info: Plots/pt_leadingjet_pt30_eta2p5_unfoldwith_SM_125_logs
cale.pdf  used on input line 136.
(pdftex.def)             Requested size: 203.80193pt x 200.20541pt.
) [114] [115] [116 <./Plots/asimovdata_SM_125_v2_unfoldwith_SM_125_v3_pT4l_4l_r
ecobin0.pdf, page is rotated 90 degrees> <./Plots/asimovdata_SM_125_v2_unfoldwi
th_SM_125_v3_pT4l_4l_recobin1.pdf, page is rotated 90 degrees> <./Plots/asimovd
ata_SM_125_v2_unfoldwith_SM_125_v3_pT4l_4l_recobin2.pdf, page is rotated 90 deg
rees> <./Plots/asimovdata_SM_125_v2_unfoldwith_SM_125_v3_pT4l_4l_recobin3.pdf, 
page is rotated 90 degrees> <./Plots/asimovdata_SM_125_v2_unfoldwith_SM_125_v3_
pT4l_4l_recobin4.pdf, page is rotated 90 degrees> <./Plots/asimovdata_SM_125_v2
_unfoldwith_SM_125_v3_pT4l_4l_recobin5.pdf, page is rotated 90 degrees> <./Plot
s/asimovdata_SM_125_v2_unfoldwith_SM_125_v3_pT4l_4l_recobin6.pdf, page is rotat
ed 90 degrees>] [117 <./Plots/impacts_2e2mu.png>] [118 <./Plots/data_unfoldwith
_SM_125_v3_mass4l_4e_recobin0.pdf, page is rotated 90 degrees> <./Plots/data_un
foldwith_SM_125_v3_mass4l_4mu_recobin0.pdf, page is rotated 90 degrees> <./Plot
s/data_unfoldwith_SM_125_v3_mass4l_2e2mu_recobin0.pdf, page is rotated 90 degre
es> <./Plots/data_unfoldwith_SM_125_v3_mass4l_4l_recobin0.pdf, page is rotated 
90 degrees>] [119 <./Plots/xs_vs_sqrts.pdf, page is rotated 90 degrees> <./Plot
s/mass4l_unfoldwith_SM_125_ThreeYears.pdf, page is rotated 90 degrees>]
[120 <./Plots/asimovdata_SM_125_v2_pT4l_4l.pdf, page is rotated 90 degrees> <./
Plots/asimovdata_SM_125_v2_rapidity4l_4l.pdf, page is rotated 90 degrees> <./Pl
ots/asimovdata_SM_125_v2_njets_pt30_eta2p5_4l.pdf, page is rotated 90 degrees> 
<./Plots/asimovdata_SM_125_v2_pt_leadingjet_pt30_eta2p5_4l.pdf, page is rotated
 90 degrees>] [121 <./Plots/pT4l_unfoldwith_SM_125_logscale.pdf, page is rotate
d 90 degrees> <./Plots/rapidity4l_unfoldwith_SM_125.pdf, page is rotated 90 deg
rees> <./Plots/pt_leadingjet_pt30_eta2p5_unfoldwith_SM_125_logscale.pdf, page i
s rotated 90 degrees> <./Plots/njets_pt30_eta2p5_unfoldwith_SM_125_logscale.pdf
, page is rotated 90 degrees>] [122 <./Figures/mass4l_ATLAS.png> <./Figures/ATL
AS_fid.png>] [123 <./Figures/ATLAS_pt4l.png> <./Figures/ATLAS_rapidity4l.png>]
[124 <./Figures/ATLAS_njets.png> <./Figures/ATLAS_pt_leading.png>]
\openout2 = `Chapters/Chapter_7.aux'.


(./Chapters/Chapter_7.tex
Chapter 7.
1: section
[125


]
Overfull \hbox (12.50246pt too wide) in paragraph at lines 23--28
[]\T1/ppl/m/n/12 The in-te-grated fidu-cial cross sec-tion is mea-sured to be $
\OT1/cmr/m/n/12 2\OML/cmm/m/it/12 :\OT1/cmr/m/n/12 73[] = 2\OML/cmm/m/it/12 :\O
T1/cmr/m/n/12 73[]([])$ 
 []

<Figures/event_signature.png, id=6980, 492.03825pt x 454.69875pt>
File: Figures/event_signature.png Graphic file (type png)
<use Figures/event_signature.png>
Package pdftex.def Info: Figures/event_signature.png  used on input line 35.
(pdftex.def)             Requested size: 173.44534pt x 160.28479pt.

! LaTeX Error: There's no line here to end.

See the LaTeX manual or LaTeX Companion for explanation.
Type  H <return>  for immediate help.
 ...                                              
                                                  
l.49 
     
? 

Overfull \hbox (3.65448pt too wide) in paragraph at lines 51--73
\T1/ppl/m/n/12 avail-able data from CMS. With re-spect to ear-lier it-er-a-tion
s, cur-rent data would
 []

[126 <./Figures/event_signature.png>]) [127]
\openout2 = `publication_list_tahir_javaid_test.aux'.


(./publication_list_tahir_javaid_test.tex
Underfull \hbox (badness 10000) in paragraph at lines 6--7

 []

LaTeX Font Info:    Font shape `T1/ppl/bx/n' in size <10> not available
(Font)              Font shape `T1/ppl/b/n' tried instead on input line 22.
) [128


]
\openout2 = `conferences_tahir_javaid.aux'.

 (./conferences_tahir_javaid.tex
Package color Info: Redefining color electricultramarine on input line 1.
Package color Info: Redefining color ballblue on input line 2.


! LaTeX Error: Command \MarginText already defined.
               Or name \end... illegal, see p.192 of the manual.

See the LaTeX manual or LaTeX Companion for explanation.
Type  H <return>  for immediate help.
 ...                                              
                                                  
l.3 ...1]{\marginpar{\raggedleft\itshape\small#1}}
                                                  
? 

! LaTeX Error: Command \NewPublication already defined.
               Or name \end... illegal, see p.192 of the manual.

See the LaTeX manual or LaTeX Companion for explanation.
Type  H <return>  for immediate help.
 ...                                              
                                                  
l.4 ...tnotesize\color{ballblue}#4}\vspace{0.5em}}
                                                  
? 

Underfull \hbox (badness 10000) in paragraph at lines 6--7

 []

[129


]
Underfull \hbox (badness 10000) in paragraph at lines 42--43

 []


Underfull \hbox (badness 10000) in paragraph at lines 54--55

 []


Overfull \hbox (4.64311pt too wide) in paragraph at lines 58--59
\T1/ppl/m/n/10 [[]2[]] \T1/ppl/m/n/14.4 2019 CERN-Fermilab HCP Sum-mer School [
]\T1/ppl/m/n/10 28 Au-gust 2019 to 6 Septem-
 []

) [130

]

! LaTeX Error: Environment appendices undefined.

See the LaTeX manual or LaTeX Companion for explanation.
Type  H <return>  for immediate help.
 ...                                              
                                                  
l.438 \begin{appendices}
                        
? 
Chapter 8.
(./Appendix/Samples.tex
Overfull \hbox (3.95789pt too wide) in paragraph at lines 2--2
[]\T1/ppl/b/n/17.28 Samples of Higgs bo-son pro-duc-tion (2016, 2017,
 []

! Undefined control sequence.
<recently read> \multirow 
                          
l.56                 \multirow
                              {5}{*}{xxx-xxx} & /DoubleMuon/Run2018A-17Sep20...

? 
! Undefined control sequence.
l.56 ...Run2018A-17Sep2018-v2/MINIAOD &  \multirow
                                                  {5}{*}{$X.XXX\ \text{fb}^{...

? 
! Undefined control sequence.
<recently read> \multirow 
                          
l.61                 \multirow
                              {5}{*}{xxx-xxx} & /DoubleMuon/Run2018B-17Sep20...

? 
! Undefined control sequence.
l.61 ...Run2018B-17Sep2018-v1/MINIAOD &  \multirow
                                                  {5}{*}{$X.XXX\ \text{fb}^{...

? 
! Undefined control sequence.
<recently read> \multirow 
                          
l.66                 \multirow
                              {5}{*}{xxx-xxx} & /DoubleMuon/Run2018C-17Sep20...

? 
! Undefined control sequence.
l.66 ...Run2018C-17Sep2018-v1/MINIAOD &  \multirow
                                                  {5}{*}{$X.XXX\ \text{fb}^{...

? 
! Undefined control sequence.
<recently read> \multirow 
                          
l.71                 \multirow
                              {5}{*}{xxx-xxx} & /DoubleMuon/Run2018D-PromptR...

? 
! Undefined control sequence.
l.71 ...un2018D-PromptReco-v2/MINIAOD &  \multirow
                                                  {5}{*}{$X.XXX\ \text{fb}^{...

? 
! Undefined control sequence.
<recently read> \multirow 
                          
l.118 \multirow
               {5}{*}{297046-299329} & /DoubleMuon/Run2017B-17Nov2017-v1/MIN...

? 
! Undefined control sequence.
l.118 ...un2017B-17Nov2017-v1/MINIAOD &  \multirow
                                                  {5}{*}{$4.792\ \text{fb}^{...

? 
! Undefined control sequence.
<recently read> \multirow 
                          
l.124 \multirow
               {5}{*}{299368-300676} & /DoubleMuon/Run2017C-17Nov2017-v1/MIN...

? 
! Undefined control sequence.
l.124 ...un2017C-17Nov2017-v1/MINIAOD &  \multirow
                                                  {5}{*}{$9.755\ \text{fb}^{...

? 
! Undefined control sequence.
<recently read> \multirow 
                          
l.136 \multirow
               {5}{*}{302030-303434} & /DoubleMuon/Run2017D-17Nov2017-v1/MIN...

? 
! Undefined control sequence.
l.136 ...un2017D-17Nov2017-v1/MINIAOD &  \multirow
                                                  {5}{*}{$4.319\ \text{fb}^{...

? 
! Undefined control sequence.
<recently read> \multirow 
                          
l.142 \multirow
               {5}{*}{303824-304797} & /DoubleMuon/Run2017E-17Nov2017-v1/MIN...

? 
! Undefined control sequence.
l.142 ...un2017E-17Nov2017-v1/MINIAOD &  \multirow
                                                  {5}{*}{$9.424\ \text{fb}^{...

? 
! Undefined control sequence.
<recently read> \multirow 
                          
l.148 \multirow
               {5}{*}{305040-306462} & /DoubleMuon/Run2017F-17Nov2017-v1/MIN...

? 
! Undefined control sequence.
l.148 ...un2017F-17Nov2017-v1/MINIAOD &  \multirow
                                                  {5}{*}{$13.50\ \text{fb}^{...

? 
! Undefined control sequence.
<recently read> \multirow 
                          
l.154 \multirow
               {5}{*}{278820-280385} & /DoubleMuon/Run2017G-PromptReco-v1/MI...

? 
! Undefined control sequence.
l.154 ...n2017G-PromptReco-v1/MINIAOD &  \multirow
                                                  {5}{*}{$7.721\ \text{fb}^{...

? 
! Undefined control sequence.
<recently read> \multirow 
                          
l.160  \multirow
                {15}{*}{281207-284068} & /DoubleMuon/Run2017H-PromptReco-v1/...

? 
! Undefined control sequence.
l.160 ...n2017H-PromptReco-v1/MINIAOD &  \multirow
                                                  {15}{*}{$8.857\ \text{fb}^...

? 

LaTeX Warning: `h' float specifier changed to `ht'.


LaTeX Warning: `h' float specifier changed to `ht'.

! Undefined control sequence.
<recently read> \multirow 
                          
l.226 \multirow
               {5}{*}{273150-275376} & /DoubleMuon/Run2016B-23Sep2016-v3/MIN...

? 
! Undefined control sequence.
l.226 ...un2016B-23Sep2016-v3/MINIAOD &  \multirow
                                                  {5}{*}{$5.892\ \text{fb}^{...

? 
! Undefined control sequence.
<recently read> \multirow 
                          
l.232 \multirow
               {5}{*}{275656-276283} & /DoubleMuon/Run2016C-23Sep2016-v1/MIN...

? 
! Undefined control sequence.
l.232 ...un2016C-23Sep2016-v1/MINIAOD &  \multirow
                                                  {5}{*}{$2.646\ \text{fb}^{...

? 
! Undefined control sequence.
<recently read> \multirow 
                          
l.238 \multirow
               {5}{*}{276315-276811} & /DoubleMuon/Run2016D-23Sep2016-v1/MIN...

? 
! Undefined control sequence.
l.238 ...un2016D-23Sep2016-v1/MINIAOD &  \multirow
                                                  {5}{*}{$4.353\ \text{fb}^{...

? 
! Undefined control sequence.
<recently read> \multirow 
                          
l.244 \multirow
               {5}{*}{276831-277420} & /DoubleMuon/Run2016E-23Sep2016-v1/MIN...

? 
! Undefined control sequence.
l.244 ...un2016E-23Sep2016-v1/MINIAOD &  \multirow
                                                  {5}{*}{$4.117\ \text{fb}^{...

? 
! Undefined control sequence.
<recently read> \multirow 
                          
l.250 \multirow
               {5}{*}{277932-278808} & /DoubleMuon/Run2016F-23Sep2016-v1/MIN...

? 
! Undefined control sequence.
l.250 ...un2016F-23Sep2016-v1/MINIAOD &  \multirow
                                                  {5}{*}{$3.186\ \text{fb}^{...

? 
! Undefined control sequence.
<recently read> \multirow 
                          
l.256 \multirow
               {5}{*}{278820-280385} & /DoubleMuon/Run2016G-23Sep2016-v1/MIN...

? 
! Undefined control sequence.
l.256 ...un2016G-23Sep2016-v1/MINIAOD &  \multirow
                                                  {5}{*}{$7.721\ \text{fb}^{...

? 
! Undefined control sequence.
<recently read> \multirow 
                          
l.262 \multirow
               {15}{*}{281207-284068} & /DoubleMuon/Run2016H-PromptReco-v1/M...

? 
! Undefined control sequence.
l.262 ...n2016H-PromptReco-v1/MINIAOD &  \multirow
                                                  {15}{*}{$8.857\ \text{fb}^...

? 

LaTeX Warning: `h' float specifier changed to `ht'.


Overfull \hbox (42.23528pt too wide) in paragraph at lines 289--315
 [][] 
 []


LaTeX Warning: `h' float specifier changed to `ht'.

) (./Appendix/SignalInputs.tex
1: section
[131


]
<Plots/ggH_powheg_JHUgen_125_4e_pT4l_genbin0_recobin0_effs_genWeight*pileupWeig
ht*dataMCWeight.pdf, id=7024, 569.12625pt x 551.05875pt>
File: Plots/ggH_powheg_JHUgen_125_4e_pT4l_genbin0_recobin0_effs_genWeight*pileu
pWeight*dataMCWeight.pdf Graphic file (type pdf)
<use Plots/ggH_powheg_JHUgen_125_4e_pT4l_genbin0_recobin0_effs_genWeight*pileup
Weight*dataMCWeight.pdf>
Package pdftex.def Info: Plots/ggH_powheg_JHUgen_125_4e_pT4l_genbin0_recobin0_e
ffs_genWeight*pileupWeight*dataMCWeight.pdf  used on input line 12.
(pdftex.def)             Requested size: 130.08733pt x 125.95885pt.
<Plots/ggH_powheg_JHUgen_125_4e_pT4l_genbin1_recobin1_effs_genWeight*pileupWeig
ht*dataMCWeight.pdf, id=7025, 569.12625pt x 551.05875pt>
File: Plots/ggH_powheg_JHUgen_125_4e_pT4l_genbin1_recobin1_effs_genWeight*pileu
pWeight*dataMCWeight.pdf Graphic file (type pdf)
<use Plots/ggH_powheg_JHUgen_125_4e_pT4l_genbin1_recobin1_effs_genWeight*pileup
Weight*dataMCWeight.pdf>
Package pdftex.def Info: Plots/ggH_powheg_JHUgen_125_4e_pT4l_genbin1_recobin1_e
ffs_genWeight*pileupWeight*dataMCWeight.pdf  used on input line 16.
(pdftex.def)             Requested size: 130.08733pt x 125.95885pt.
<Plots/ggH_powheg_JHUgen_125_4e_pT4l_genbin2_recobin2_effs_genWeight*pileupWeig
ht*dataMCWeight.pdf, id=7026, 569.12625pt x 551.05875pt>
File: Plots/ggH_powheg_JHUgen_125_4e_pT4l_genbin2_recobin2_effs_genWeight*pileu
pWeight*dataMCWeight.pdf Graphic file (type pdf)
<use Plots/ggH_powheg_JHUgen_125_4e_pT4l_genbin2_recobin2_effs_genWeight*pileup
Weight*dataMCWeight.pdf>
Package pdftex.def Info: Plots/ggH_powheg_JHUgen_125_4e_pT4l_genbin2_recobin2_e
ffs_genWeight*pileupWeight*dataMCWeight.pdf  used on input line 20.
(pdftex.def)             Requested size: 130.08733pt x 125.95885pt.
<Plots/ggH_powheg_JHUgen_125_4e_pT4l_genbin3_recobin3_effs_genWeight*pileupWeig
ht*dataMCWeight.pdf, id=7027, 569.12625pt x 551.05875pt>
File: Plots/ggH_powheg_JHUgen_125_4e_pT4l_genbin3_recobin3_effs_genWeight*pileu
pWeight*dataMCWeight.pdf Graphic file (type pdf)
<use Plots/ggH_powheg_JHUgen_125_4e_pT4l_genbin3_recobin3_effs_genWeight*pileup
Weight*dataMCWeight.pdf>
Package pdftex.def Info: Plots/ggH_powheg_JHUgen_125_4e_pT4l_genbin3_recobin3_e
ffs_genWeight*pileupWeight*dataMCWeight.pdf  used on input line 24.
(pdftex.def)             Requested size: 130.08733pt x 125.95885pt.
<Plots/ggH_powheg_JHUgen_125_4e_pT4l_genbin4_recobin4_effs_genWeight*pileupWeig
ht*dataMCWeight.pdf, id=7028, 569.12625pt x 551.05875pt>
File: Plots/ggH_powheg_JHUgen_125_4e_pT4l_genbin4_recobin4_effs_genWeight*pileu
pWeight*dataMCWeight.pdf Graphic file (type pdf)
<use Plots/ggH_powheg_JHUgen_125_4e_pT4l_genbin4_recobin4_effs_genWeight*pileup
Weight*dataMCWeight.pdf>
Package pdftex.def Info: Plots/ggH_powheg_JHUgen_125_4e_pT4l_genbin4_recobin4_e
ffs_genWeight*pileupWeight*dataMCWeight.pdf  used on input line 28.
(pdftex.def)             Requested size: 130.08733pt x 125.95885pt.
<Plots/ggH_powheg_JHUgen_125_4e_pT4l_genbin5_recobin5_effs_genWeight*pileupWeig
ht*dataMCWeight.pdf, id=7029, 569.12625pt x 551.05875pt>
File: Plots/ggH_powheg_JHUgen_125_4e_pT4l_genbin5_recobin5_effs_genWeight*pileu
pWeight*dataMCWeight.pdf Graphic file (type pdf)
<use Plots/ggH_powheg_JHUgen_125_4e_pT4l_genbin5_recobin5_effs_genWeight*pileup
Weight*dataMCWeight.pdf>
Package pdftex.def Info: Plots/ggH_powheg_JHUgen_125_4e_pT4l_genbin5_recobin5_e
ffs_genWeight*pileupWeight*dataMCWeight.pdf  used on input line 32.
(pdftex.def)             Requested size: 130.08733pt x 125.95885pt.
<Plots/ggH_powheg_JHUgen_125_4e_pT4l_genbin6_recobin6_effs_genWeight*pileupWeig
ht*dataMCWeight.pdf, id=7030, 569.12625pt x 551.05875pt>
File: Plots/ggH_powheg_JHUgen_125_4e_pT4l_genbin6_recobin6_effs_genWeight*pileu
pWeight*dataMCWeight.pdf Graphic file (type pdf)
<use Plots/ggH_powheg_JHUgen_125_4e_pT4l_genbin6_recobin6_effs_genWeight*pileup
Weight*dataMCWeight.pdf>
Package pdftex.def Info: Plots/ggH_powheg_JHUgen_125_4e_pT4l_genbin6_recobin6_e
ffs_genWeight*pileupWeight*dataMCWeight.pdf  used on input line 36.
(pdftex.def)             Requested size: 130.08733pt x 125.95885pt.
 [132] [133] [134] [135] [136] [137 <./Plots/ggH_powheg_JHUgen_125_4e_pT4l_genb
in0_recobin0_effs_genWeight*pileupWeight*dataMCWeight.pdf, page is rotated 90 d
egrees> <./Plots/ggH_powheg_JHUgen_125_4e_pT4l_genbin1_recobin1_effs_genWeight*
pileupWeight*dataMCWeight.pdf, page is rotated 90 degrees> <./Plots/ggH_powheg_
JHUgen_125_4e_pT4l_genbin2_recobin2_effs_genWeight*pileupWeight*dataMCWeight.pd
f, page is rotated 90 degrees> <./Plots/ggH_powheg_JHUgen_125_4e_pT4l_genbin3_r
ecobin3_effs_genWeight*pileupWeight*dataMCWeight.pdf, page is rotated 90 degree
s> <./Plots/ggH_powheg_JHUgen_125_4e_pT4l_genbin4_recobin4_effs_genWeight*pileu
pWeight*dataMCWeight.pdf, page is rotated 90 degrees> <./Plots/ggH_powheg_JHUge
n_125_4e_pT4l_genbin5_recobin5_effs_genWeight*pileupWeight*dataMCWeight.pdf, pa
ge is rotated 90 degrees> <./Plots/ggH_powheg_JHUgen_125_4e_pT4l_genbin6_recobi
n6_effs_genWeight*pileupWeight*dataMCWeight.pdf, page is rotated 90 degrees>]
<Plots/ggH_powheg_JHUgen_125_4mu_pT4l_genbin0_recobin0_effs_genWeight*pileupWei
ght*dataMCWeight.pdf, id=7366, 569.12625pt x 551.05875pt>
File: Plots/ggH_powheg_JHUgen_125_4mu_pT4l_genbin0_recobin0_effs_genWeight*pile
upWeight*dataMCWeight.pdf Graphic file (type pdf)
<use Plots/ggH_powheg_JHUgen_125_4mu_pT4l_genbin0_recobin0_effs_genWeight*pileu
pWeight*dataMCWeight.pdf>
Package pdftex.def Info: Plots/ggH_powheg_JHUgen_125_4mu_pT4l_genbin0_recobin0_
effs_genWeight*pileupWeight*dataMCWeight.pdf  used on input line 51.
(pdftex.def)             Requested size: 130.08733pt x 125.95885pt.
<Plots/ggH_powheg_JHUgen_125_4mu_pT4l_genbin1_recobin1_effs_genWeight*pileupWei
ght*dataMCWeight.pdf, id=7367, 569.12625pt x 551.05875pt>
File: Plots/ggH_powheg_JHUgen_125_4mu_pT4l_genbin1_recobin1_effs_genWeight*pile
upWeight*dataMCWeight.pdf Graphic file (type pdf)
<use Plots/ggH_powheg_JHUgen_125_4mu_pT4l_genbin1_recobin1_effs_genWeight*pileu
pWeight*dataMCWeight.pdf>
Package pdftex.def Info: Plots/ggH_powheg_JHUgen_125_4mu_pT4l_genbin1_recobin1_
effs_genWeight*pileupWeight*dataMCWeight.pdf  used on input line 55.
(pdftex.def)             Requested size: 130.08733pt x 125.95885pt.
<Plots/ggH_powheg_JHUgen_125_4mu_pT4l_genbin2_recobin2_effs_genWeight*pileupWei
ght*dataMCWeight.pdf, id=7368, 569.12625pt x 551.05875pt>
File: Plots/ggH_powheg_JHUgen_125_4mu_pT4l_genbin2_recobin2_effs_genWeight*pile
upWeight*dataMCWeight.pdf Graphic file (type pdf)
<use Plots/ggH_powheg_JHUgen_125_4mu_pT4l_genbin2_recobin2_effs_genWeight*pileu
pWeight*dataMCWeight.pdf>
Package pdftex.def Info: Plots/ggH_powheg_JHUgen_125_4mu_pT4l_genbin2_recobin2_
effs_genWeight*pileupWeight*dataMCWeight.pdf  used on input line 59.
(pdftex.def)             Requested size: 130.08733pt x 125.95885pt.
<Plots/ggH_powheg_JHUgen_125_4mu_pT4l_genbin3_recobin3_effs_genWeight*pileupWei
ght*dataMCWeight.pdf, id=7369, 569.12625pt x 551.05875pt>
File: Plots/ggH_powheg_JHUgen_125_4mu_pT4l_genbin3_recobin3_effs_genWeight*pile
upWeight*dataMCWeight.pdf Graphic file (type pdf)
<use Plots/ggH_powheg_JHUgen_125_4mu_pT4l_genbin3_recobin3_effs_genWeight*pileu
pWeight*dataMCWeight.pdf>
Package pdftex.def Info: Plots/ggH_powheg_JHUgen_125_4mu_pT4l_genbin3_recobin3_
effs_genWeight*pileupWeight*dataMCWeight.pdf  used on input line 63.
(pdftex.def)             Requested size: 130.08733pt x 125.95885pt.
<Plots/ggH_powheg_JHUgen_125_4mu_pT4l_genbin4_recobin4_effs_genWeight*pileupWei
ght*dataMCWeight.pdf, id=7370, 569.12625pt x 551.05875pt>
File: Plots/ggH_powheg_JHUgen_125_4mu_pT4l_genbin4_recobin4_effs_genWeight*pile
upWeight*dataMCWeight.pdf Graphic file (type pdf)
<use Plots/ggH_powheg_JHUgen_125_4mu_pT4l_genbin4_recobin4_effs_genWeight*pileu
pWeight*dataMCWeight.pdf>
Package pdftex.def Info: Plots/ggH_powheg_JHUgen_125_4mu_pT4l_genbin4_recobin4_
effs_genWeight*pileupWeight*dataMCWeight.pdf  used on input line 67.
(pdftex.def)             Requested size: 130.08733pt x 125.95885pt.
<Plots/ggH_powheg_JHUgen_125_4mu_pT4l_genbin5_recobin5_effs_genWeight*pileupWei
ght*dataMCWeight.pdf, id=7371, 569.12625pt x 551.05875pt>
File: Plots/ggH_powheg_JHUgen_125_4mu_pT4l_genbin5_recobin5_effs_genWeight*pile
upWeight*dataMCWeight.pdf Graphic file (type pdf)
<use Plots/ggH_powheg_JHUgen_125_4mu_pT4l_genbin5_recobin5_effs_genWeight*pileu
pWeight*dataMCWeight.pdf>
Package pdftex.def Info: Plots/ggH_powheg_JHUgen_125_4mu_pT4l_genbin5_recobin5_
effs_genWeight*pileupWeight*dataMCWeight.pdf  used on input line 71.
(pdftex.def)             Requested size: 130.08733pt x 125.95885pt.
<Plots/ggH_powheg_JHUgen_125_4mu_pT4l_genbin6_recobin6_effs_genWeight*pileupWei
ght*dataMCWeight.pdf, id=7372, 569.12625pt x 551.05875pt>
File: Plots/ggH_powheg_JHUgen_125_4mu_pT4l_genbin6_recobin6_effs_genWeight*pile
upWeight*dataMCWeight.pdf Graphic file (type pdf)
<use Plots/ggH_powheg_JHUgen_125_4mu_pT4l_genbin6_recobin6_effs_genWeight*pileu
pWeight*dataMCWeight.pdf>
Package pdftex.def Info: Plots/ggH_powheg_JHUgen_125_4mu_pT4l_genbin6_recobin6_
effs_genWeight*pileupWeight*dataMCWeight.pdf  used on input line 75.
(pdftex.def)             Requested size: 130.08733pt x 125.95885pt.
 [138 <./Plots/ggH_powheg_JHUgen_125_4mu_pT4l_genbin0_recobin0_effs_genWeight*p
ileupWeight*dataMCWeight.pdf, page is rotated 90 degrees> <./Plots/ggH_powheg_J
HUgen_125_4mu_pT4l_genbin1_recobin1_effs_genWeight*pileupWeight*dataMCWeight.pd
f, page is rotated 90 degrees> <./Plots/ggH_powheg_JHUgen_125_4mu_pT4l_genbin2_
recobin2_effs_genWeight*pileupWeight*dataMCWeight.pdf, page is rotated 90 degre
es> <./Plots/ggH_powheg_JHUgen_125_4mu_pT4l_genbin3_recobin3_effs_genWeight*pil
eupWeight*dataMCWeight.pdf, page is rotated 90 degrees> <./Plots/ggH_powheg_JHU
gen_125_4mu_pT4l_genbin4_recobin4_effs_genWeight*pileupWeight*dataMCWeight.pdf,
 page is rotated 90 degrees> <./Plots/ggH_powheg_JHUgen_125_4mu_pT4l_genbin5_re
cobin5_effs_genWeight*pileupWeight*dataMCWeight.pdf, page is rotated 90 degrees
> <./Plots/ggH_powheg_JHUgen_125_4mu_pT4l_genbin6_recobin6_effs_genWeight*pileu
pWeight*dataMCWeight.pdf, page is rotated 90 degrees>]
<Plots/VBF_powheg_JHUgen_125_2e2mu_pT4l_genbin0_recobin0_effs_genWeight*pileupW
eight*dataMCWeight.pdf, id=7686, 569.12625pt x 551.05875pt>
File: Plots/VBF_powheg_JHUgen_125_2e2mu_pT4l_genbin0_recobin0_effs_genWeight*pi
leupWeight*dataMCWeight.pdf Graphic file (type pdf)
<use Plots/VBF_powheg_JHUgen_125_2e2mu_pT4l_genbin0_recobin0_effs_genWeight*pil
eupWeight*dataMCWeight.pdf>
Package pdftex.def Info: Plots/VBF_powheg_JHUgen_125_2e2mu_pT4l_genbin0_recobin
0_effs_genWeight*pileupWeight*dataMCWeight.pdf  used on input line 91.
(pdftex.def)             Requested size: 130.08733pt x 125.95885pt.
<Plots/VBF_powheg_JHUgen_125_2e2mu_pT4l_genbin1_recobin1_effs_genWeight*pileupW
eight*dataMCWeight.pdf, id=7687, 569.12625pt x 551.05875pt>
File: Plots/VBF_powheg_JHUgen_125_2e2mu_pT4l_genbin1_recobin1_effs_genWeight*pi
leupWeight*dataMCWeight.pdf Graphic file (type pdf)
<use Plots/VBF_powheg_JHUgen_125_2e2mu_pT4l_genbin1_recobin1_effs_genWeight*pil
eupWeight*dataMCWeight.pdf>
Package pdftex.def Info: Plots/VBF_powheg_JHUgen_125_2e2mu_pT4l_genbin1_recobin
1_effs_genWeight*pileupWeight*dataMCWeight.pdf  used on input line 95.
(pdftex.def)             Requested size: 130.08733pt x 125.95885pt.
<Plots/VBF_powheg_JHUgen_125_2e2mu_pT4l_genbin2_recobin2_effs_genWeight*pileupW
eight*dataMCWeight.pdf, id=7688, 569.12625pt x 551.05875pt>
File: Plots/VBF_powheg_JHUgen_125_2e2mu_pT4l_genbin2_recobin2_effs_genWeight*pi
leupWeight*dataMCWeight.pdf Graphic file (type pdf)
<use Plots/VBF_powheg_JHUgen_125_2e2mu_pT4l_genbin2_recobin2_effs_genWeight*pil
eupWeight*dataMCWeight.pdf>
Package pdftex.def Info: Plots/VBF_powheg_JHUgen_125_2e2mu_pT4l_genbin2_recobin
2_effs_genWeight*pileupWeight*dataMCWeight.pdf  used on input line 99.
(pdftex.def)             Requested size: 130.08733pt x 125.95885pt.
<Plots/VBF_powheg_JHUgen_125_2e2mu_pT4l_genbin3_recobin3_effs_genWeight*pileupW
eight*dataMCWeight.pdf, id=7689, 569.12625pt x 551.05875pt>
File: Plots/VBF_powheg_JHUgen_125_2e2mu_pT4l_genbin3_recobin3_effs_genWeight*pi
leupWeight*dataMCWeight.pdf Graphic file (type pdf)
<use Plots/VBF_powheg_JHUgen_125_2e2mu_pT4l_genbin3_recobin3_effs_genWeight*pil
eupWeight*dataMCWeight.pdf>
Package pdftex.def Info: Plots/VBF_powheg_JHUgen_125_2e2mu_pT4l_genbin3_recobin
3_effs_genWeight*pileupWeight*dataMCWeight.pdf  used on input line 103.
(pdftex.def)             Requested size: 130.08733pt x 125.95885pt.
<Plots/VBF_powheg_JHUgen_125_2e2mu_pT4l_genbin4_recobin4_effs_genWeight*pileupW
eight*dataMCWeight.pdf, id=7690, 569.12625pt x 551.05875pt>
File: Plots/VBF_powheg_JHUgen_125_2e2mu_pT4l_genbin4_recobin4_effs_genWeight*pi
leupWeight*dataMCWeight.pdf Graphic file (type pdf)
<use Plots/VBF_powheg_JHUgen_125_2e2mu_pT4l_genbin4_recobin4_effs_genWeight*pil
eupWeight*dataMCWeight.pdf>
Package pdftex.def Info: Plots/VBF_powheg_JHUgen_125_2e2mu_pT4l_genbin4_recobin
4_effs_genWeight*pileupWeight*dataMCWeight.pdf  used on input line 107.
(pdftex.def)             Requested size: 130.08733pt x 125.95885pt.
<Plots/VBF_powheg_JHUgen_125_2e2mu_pT4l_genbin5_recobin5_effs_genWeight*pileupW
eight*dataMCWeight.pdf, id=7691, 569.12625pt x 551.05875pt>
File: Plots/VBF_powheg_JHUgen_125_2e2mu_pT4l_genbin5_recobin5_effs_genWeight*pi
leupWeight*dataMCWeight.pdf Graphic file (type pdf)
<use Plots/VBF_powheg_JHUgen_125_2e2mu_pT4l_genbin5_recobin5_effs_genWeight*pil
eupWeight*dataMCWeight.pdf>
Package pdftex.def Info: Plots/VBF_powheg_JHUgen_125_2e2mu_pT4l_genbin5_recobin
5_effs_genWeight*pileupWeight*dataMCWeight.pdf  used on input line 111.
(pdftex.def)             Requested size: 130.08733pt x 125.95885pt.
<Plots/VBF_powheg_JHUgen_125_2e2mu_pT4l_genbin6_recobin6_effs_genWeight*pileupW
eight*dataMCWeight.pdf, id=7692, 569.12625pt x 551.05875pt>
File: Plots/VBF_powheg_JHUgen_125_2e2mu_pT4l_genbin6_recobin6_effs_genWeight*pi
leupWeight*dataMCWeight.pdf Graphic file (type pdf)
<use Plots/VBF_powheg_JHUgen_125_2e2mu_pT4l_genbin6_recobin6_effs_genWeight*pil
eupWeight*dataMCWeight.pdf>
Package pdftex.def Info: Plots/VBF_powheg_JHUgen_125_2e2mu_pT4l_genbin6_recobin
6_effs_genWeight*pileupWeight*dataMCWeight.pdf  used on input line 115.
(pdftex.def)             Requested size: 130.08733pt x 125.95885pt.
 [139 <./Plots/VBF_powheg_JHUgen_125_2e2mu_pT4l_genbin0_recobin0_effs_genWeight
*pileupWeight*dataMCWeight.pdf, page is rotated 90 degrees> <./Plots/VBF_powheg
_JHUgen_125_2e2mu_pT4l_genbin1_recobin1_effs_genWeight*pileupWeight*dataMCWeigh
t.pdf, page is rotated 90 degrees> <./Plots/VBF_powheg_JHUgen_125_2e2mu_pT4l_ge
nbin2_recobin2_effs_genWeight*pileupWeight*dataMCWeight.pdf, page is rotated 90
 degrees> <./Plots/VBF_powheg_JHUgen_125_2e2mu_pT4l_genbin3_recobin3_effs_genWe
ight*pileupWeight*dataMCWeight.pdf, page is rotated 90 degrees> <./Plots/VBF_po
wheg_JHUgen_125_2e2mu_pT4l_genbin4_recobin4_effs_genWeight*pileupWeight*dataMCW
eight.pdf, page is rotated 90 degrees> <./Plots/VBF_powheg_JHUgen_125_2e2mu_pT4
l_genbin5_recobin5_effs_genWeight*pileupWeight*dataMCWeight.pdf, page is rotate
d 90 degrees> <./Plots/VBF_powheg_JHUgen_125_2e2mu_pT4l_genbin6_recobin6_effs_g
enWeight*pileupWeight*dataMCWeight.pdf, page is rotated 90 degrees>]
<Plots/VBF_powheg_JHUgen_125_4e_pT4l_genbin0_recobin0_effs_genWeight*pileupWeig
ht*dataMCWeight.pdf, id=8007, 569.12625pt x 551.05875pt>
File: Plots/VBF_powheg_JHUgen_125_4e_pT4l_genbin0_recobin0_effs_genWeight*pileu
pWeight*dataMCWeight.pdf Graphic file (type pdf)
<use Plots/VBF_powheg_JHUgen_125_4e_pT4l_genbin0_recobin0_effs_genWeight*pileup
Weight*dataMCWeight.pdf>
Package pdftex.def Info: Plots/VBF_powheg_JHUgen_125_4e_pT4l_genbin0_recobin0_e
ffs_genWeight*pileupWeight*dataMCWeight.pdf  used on input line 128.
(pdftex.def)             Requested size: 130.08733pt x 125.95885pt.
<Plots/VBF_powheg_JHUgen_125_4e_pT4l_genbin1_recobin1_effs_genWeight*pileupWeig
ht*dataMCWeight.pdf, id=8008, 569.12625pt x 551.05875pt>
File: Plots/VBF_powheg_JHUgen_125_4e_pT4l_genbin1_recobin1_effs_genWeight*pileu
pWeight*dataMCWeight.pdf Graphic file (type pdf)
<use Plots/VBF_powheg_JHUgen_125_4e_pT4l_genbin1_recobin1_effs_genWeight*pileup
Weight*dataMCWeight.pdf>
Package pdftex.def Info: Plots/VBF_powheg_JHUgen_125_4e_pT4l_genbin1_recobin1_e
ffs_genWeight*pileupWeight*dataMCWeight.pdf  used on input line 132.
(pdftex.def)             Requested size: 130.08733pt x 125.95885pt.
<Plots/VBF_powheg_JHUgen_125_4e_pT4l_genbin2_recobin2_effs_genWeight*pileupWeig
ht*dataMCWeight.pdf, id=8009, 569.12625pt x 551.05875pt>
File: Plots/VBF_powheg_JHUgen_125_4e_pT4l_genbin2_recobin2_effs_genWeight*pileu
pWeight*dataMCWeight.pdf Graphic file (type pdf)
<use Plots/VBF_powheg_JHUgen_125_4e_pT4l_genbin2_recobin2_effs_genWeight*pileup
Weight*dataMCWeight.pdf>
Package pdftex.def Info: Plots/VBF_powheg_JHUgen_125_4e_pT4l_genbin2_recobin2_e
ffs_genWeight*pileupWeight*dataMCWeight.pdf  used on input line 136.
(pdftex.def)             Requested size: 130.08733pt x 125.95885pt.
<Plots/VBF_powheg_JHUgen_125_4e_pT4l_genbin3_recobin3_effs_genWeight*pileupWeig
ht*dataMCWeight.pdf, id=8010, 569.12625pt x 551.05875pt>
File: Plots/VBF_powheg_JHUgen_125_4e_pT4l_genbin3_recobin3_effs_genWeight*pileu
pWeight*dataMCWeight.pdf Graphic file (type pdf)
<use Plots/VBF_powheg_JHUgen_125_4e_pT4l_genbin3_recobin3_effs_genWeight*pileup
Weight*dataMCWeight.pdf>
Package pdftex.def Info: Plots/VBF_powheg_JHUgen_125_4e_pT4l_genbin3_recobin3_e
ffs_genWeight*pileupWeight*dataMCWeight.pdf  used on input line 140.
(pdftex.def)             Requested size: 130.08733pt x 125.95885pt.
<Plots/VBF_powheg_JHUgen_125_4e_pT4l_genbin4_recobin4_effs_genWeight*pileupWeig
ht*dataMCWeight.pdf, id=8011, 569.12625pt x 551.05875pt>
File: Plots/VBF_powheg_JHUgen_125_4e_pT4l_genbin4_recobin4_effs_genWeight*pileu
pWeight*dataMCWeight.pdf Graphic file (type pdf)
<use Plots/VBF_powheg_JHUgen_125_4e_pT4l_genbin4_recobin4_effs_genWeight*pileup
Weight*dataMCWeight.pdf>
Package pdftex.def Info: Plots/VBF_powheg_JHUgen_125_4e_pT4l_genbin4_recobin4_e
ffs_genWeight*pileupWeight*dataMCWeight.pdf  used on input line 144.
(pdftex.def)             Requested size: 130.08733pt x 125.95885pt.
<Plots/VBF_powheg_JHUgen_125_4e_pT4l_genbin5_recobin5_effs_genWeight*pileupWeig
ht*dataMCWeight.pdf, id=8012, 569.12625pt x 551.05875pt>
File: Plots/VBF_powheg_JHUgen_125_4e_pT4l_genbin5_recobin5_effs_genWeight*pileu
pWeight*dataMCWeight.pdf Graphic file (type pdf)
<use Plots/VBF_powheg_JHUgen_125_4e_pT4l_genbin5_recobin5_effs_genWeight*pileup
Weight*dataMCWeight.pdf>
Package pdftex.def Info: Plots/VBF_powheg_JHUgen_125_4e_pT4l_genbin5_recobin5_e
ffs_genWeight*pileupWeight*dataMCWeight.pdf  used on input line 148.
(pdftex.def)             Requested size: 130.08733pt x 125.95885pt.
<Plots/VBF_powheg_JHUgen_125_4e_pT4l_genbin6_recobin6_effs_genWeight*pileupWeig
ht*dataMCWeight.pdf, id=8013, 569.12625pt x 551.05875pt>
File: Plots/VBF_powheg_JHUgen_125_4e_pT4l_genbin6_recobin6_effs_genWeight*pileu
pWeight*dataMCWeight.pdf Graphic file (type pdf)
<use Plots/VBF_powheg_JHUgen_125_4e_pT4l_genbin6_recobin6_effs_genWeight*pileup
Weight*dataMCWeight.pdf>
Package pdftex.def Info: Plots/VBF_powheg_JHUgen_125_4e_pT4l_genbin6_recobin6_e
ffs_genWeight*pileupWeight*dataMCWeight.pdf  used on input line 152.
(pdftex.def)             Requested size: 130.08733pt x 125.95885pt.
 [140 <./Plots/VBF_powheg_JHUgen_125_4e_pT4l_genbin0_recobin0_effs_genWeight*pi
leupWeight*dataMCWeight.pdf, page is rotated 90 degrees> <./Plots/VBF_powheg_JH
Ugen_125_4e_pT4l_genbin1_recobin1_effs_genWeight*pileupWeight*dataMCWeight.pdf,
 page is rotated 90 degrees> <./Plots/VBF_powheg_JHUgen_125_4e_pT4l_genbin2_rec
obin2_effs_genWeight*pileupWeight*dataMCWeight.pdf, page is rotated 90 degrees>
 <./Plots/VBF_powheg_JHUgen_125_4e_pT4l_genbin3_recobin3_effs_genWeight*pileupW
eight*dataMCWeight.pdf, page is rotated 90 degrees> <./Plots/VBF_powheg_JHUgen_
125_4e_pT4l_genbin4_recobin4_effs_genWeight*pileupWeight*dataMCWeight.pdf, page
 is rotated 90 degrees> <./Plots/VBF_powheg_JHUgen_125_4e_pT4l_genbin5_recobin5
_effs_genWeight*pileupWeight*dataMCWeight.pdf, page is rotated 90 degrees> <./P
lots/VBF_powheg_JHUgen_125_4e_pT4l_genbin6_recobin6_effs_genWeight*pileupWeight
*dataMCWeight.pdf, page is rotated 90 degrees>]
<Plots/VBF_powheg_JHUgen_125_4mu_pT4l_genbin0_recobin0_effs_genWeight*pileupWei
ght*dataMCWeight.pdf, id=8328, 569.12625pt x 551.05875pt>
File: Plots/VBF_powheg_JHUgen_125_4mu_pT4l_genbin0_recobin0_effs_genWeight*pile
upWeight*dataMCWeight.pdf Graphic file (type pdf)
<use Plots/VBF_powheg_JHUgen_125_4mu_pT4l_genbin0_recobin0_effs_genWeight*pileu
pWeight*dataMCWeight.pdf>
Package pdftex.def Info: Plots/VBF_powheg_JHUgen_125_4mu_pT4l_genbin0_recobin0_
effs_genWeight*pileupWeight*dataMCWeight.pdf  used on input line 166.
(pdftex.def)             Requested size: 130.08733pt x 125.95885pt.
<Plots/VBF_powheg_JHUgen_125_4mu_pT4l_genbin1_recobin1_effs_genWeight*pileupWei
ght*dataMCWeight.pdf, id=8329, 569.12625pt x 551.05875pt>
File: Plots/VBF_powheg_JHUgen_125_4mu_pT4l_genbin1_recobin1_effs_genWeight*pile
upWeight*dataMCWeight.pdf Graphic file (type pdf)
<use Plots/VBF_powheg_JHUgen_125_4mu_pT4l_genbin1_recobin1_effs_genWeight*pileu
pWeight*dataMCWeight.pdf>
Package pdftex.def Info: Plots/VBF_powheg_JHUgen_125_4mu_pT4l_genbin1_recobin1_
effs_genWeight*pileupWeight*dataMCWeight.pdf  used on input line 170.
(pdftex.def)             Requested size: 130.08733pt x 125.95885pt.
<Plots/VBF_powheg_JHUgen_125_4mu_pT4l_genbin2_recobin2_effs_genWeight*pileupWei
ght*dataMCWeight.pdf, id=8330, 569.12625pt x 551.05875pt>
File: Plots/VBF_powheg_JHUgen_125_4mu_pT4l_genbin2_recobin2_effs_genWeight*pile
upWeight*dataMCWeight.pdf Graphic file (type pdf)
<use Plots/VBF_powheg_JHUgen_125_4mu_pT4l_genbin2_recobin2_effs_genWeight*pileu
pWeight*dataMCWeight.pdf>
Package pdftex.def Info: Plots/VBF_powheg_JHUgen_125_4mu_pT4l_genbin2_recobin2_
effs_genWeight*pileupWeight*dataMCWeight.pdf  used on input line 174.
(pdftex.def)             Requested size: 130.08733pt x 125.95885pt.
<Plots/VBF_powheg_JHUgen_125_4mu_pT4l_genbin3_recobin3_effs_genWeight*pileupWei
ght*dataMCWeight.pdf, id=8331, 569.12625pt x 551.05875pt>
File: Plots/VBF_powheg_JHUgen_125_4mu_pT4l_genbin3_recobin3_effs_genWeight*pile
upWeight*dataMCWeight.pdf Graphic file (type pdf)
<use Plots/VBF_powheg_JHUgen_125_4mu_pT4l_genbin3_recobin3_effs_genWeight*pileu
pWeight*dataMCWeight.pdf>
Package pdftex.def Info: Plots/VBF_powheg_JHUgen_125_4mu_pT4l_genbin3_recobin3_
effs_genWeight*pileupWeight*dataMCWeight.pdf  used on input line 178.
(pdftex.def)             Requested size: 130.08733pt x 125.95885pt.
<Plots/VBF_powheg_JHUgen_125_4mu_pT4l_genbin4_recobin4_effs_genWeight*pileupWei
ght*dataMCWeight.pdf, id=8332, 569.12625pt x 551.05875pt>
File: Plots/VBF_powheg_JHUgen_125_4mu_pT4l_genbin4_recobin4_effs_genWeight*pile
upWeight*dataMCWeight.pdf Graphic file (type pdf)
<use Plots/VBF_powheg_JHUgen_125_4mu_pT4l_genbin4_recobin4_effs_genWeight*pileu
pWeight*dataMCWeight.pdf>
Package pdftex.def Info: Plots/VBF_powheg_JHUgen_125_4mu_pT4l_genbin4_recobin4_
effs_genWeight*pileupWeight*dataMCWeight.pdf  used on input line 182.
(pdftex.def)             Requested size: 130.08733pt x 125.95885pt.
<Plots/VBF_powheg_JHUgen_125_4mu_pT4l_genbin5_recobin5_effs_genWeight*pileupWei
ght*dataMCWeight.pdf, id=8333, 569.12625pt x 551.05875pt>
File: Plots/VBF_powheg_JHUgen_125_4mu_pT4l_genbin5_recobin5_effs_genWeight*pile
upWeight*dataMCWeight.pdf Graphic file (type pdf)
<use Plots/VBF_powheg_JHUgen_125_4mu_pT4l_genbin5_recobin5_effs_genWeight*pileu
pWeight*dataMCWeight.pdf>
Package pdftex.def Info: Plots/VBF_powheg_JHUgen_125_4mu_pT4l_genbin5_recobin5_
effs_genWeight*pileupWeight*dataMCWeight.pdf  used on input line 186.
(pdftex.def)             Requested size: 130.08733pt x 125.95885pt.
<Plots/VBF_powheg_JHUgen_125_4mu_pT4l_genbin6_recobin6_effs_genWeight*pileupWei
ght*dataMCWeight.pdf, id=8334, 569.12625pt x 551.05875pt>
File: Plots/VBF_powheg_JHUgen_125_4mu_pT4l_genbin6_recobin6_effs_genWeight*pile
upWeight*dataMCWeight.pdf Graphic file (type pdf)
<use Plots/VBF_powheg_JHUgen_125_4mu_pT4l_genbin6_recobin6_effs_genWeight*pileu
pWeight*dataMCWeight.pdf>
Package pdftex.def Info: Plots/VBF_powheg_JHUgen_125_4mu_pT4l_genbin6_recobin6_
effs_genWeight*pileupWeight*dataMCWeight.pdf  used on input line 190.
(pdftex.def)             Requested size: 130.08733pt x 125.95885pt.
 [141 <./Plots/VBF_powheg_JHUgen_125_4mu_pT4l_genbin0_recobin0_effs_genWeight*p
ileupWeight*dataMCWeight.pdf, page is rotated 90 degrees> <./Plots/VBF_powheg_J
HUgen_125_4mu_pT4l_genbin1_recobin1_effs_genWeight*pileupWeight*dataMCWeight.pd
f, page is rotated 90 degrees> <./Plots/VBF_powheg_JHUgen_125_4mu_pT4l_genbin2_
recobin2_effs_genWeight*pileupWeight*dataMCWeight.pdf, page is rotated 90 degre
es> <./Plots/VBF_powheg_JHUgen_125_4mu_pT4l_genbin3_recobin3_effs_genWeight*pil
eupWeight*dataMCWeight.pdf, page is rotated 90 degrees> <./Plots/VBF_powheg_JHU
gen_125_4mu_pT4l_genbin4_recobin4_effs_genWeight*pileupWeight*dataMCWeight.pdf,
 page is rotated 90 degrees> <./Plots/VBF_powheg_JHUgen_125_4mu_pT4l_genbin5_re
cobin5_effs_genWeight*pileupWeight*dataMCWeight.pdf, page is rotated 90 degrees
> <./Plots/VBF_powheg_JHUgen_125_4mu_pT4l_genbin6_recobin6_effs_genWeight*pileu
pWeight*dataMCWeight.pdf, page is rotated 90 degrees>]
<Plots/WH_powheg_JHUgen_125_2e2mu_pT4l_genbin0_recobin0_effs_genWeight*pileupWe
ight*dataMCWeight.pdf, id=8648, 569.12625pt x 551.05875pt>
File: Plots/WH_powheg_JHUgen_125_2e2mu_pT4l_genbin0_recobin0_effs_genWeight*pil
eupWeight*dataMCWeight.pdf Graphic file (type pdf)
<use Plots/WH_powheg_JHUgen_125_2e2mu_pT4l_genbin0_recobin0_effs_genWeight*pile
upWeight*dataMCWeight.pdf>
Package pdftex.def Info: Plots/WH_powheg_JHUgen_125_2e2mu_pT4l_genbin0_recobin0
_effs_genWeight*pileupWeight*dataMCWeight.pdf  used on input line 204.
(pdftex.def)             Requested size: 130.08733pt x 125.95885pt.
<Plots/WH_powheg_JHUgen_125_2e2mu_pT4l_genbin1_recobin1_effs_genWeight*pileupWe
ight*dataMCWeight.pdf, id=8649, 569.12625pt x 551.05875pt>
File: Plots/WH_powheg_JHUgen_125_2e2mu_pT4l_genbin1_recobin1_effs_genWeight*pil
eupWeight*dataMCWeight.pdf Graphic file (type pdf)
<use Plots/WH_powheg_JHUgen_125_2e2mu_pT4l_genbin1_recobin1_effs_genWeight*pile
upWeight*dataMCWeight.pdf>
Package pdftex.def Info: Plots/WH_powheg_JHUgen_125_2e2mu_pT4l_genbin1_recobin1
_effs_genWeight*pileupWeight*dataMCWeight.pdf  used on input line 208.
(pdftex.def)             Requested size: 130.08733pt x 125.95885pt.
<Plots/WH_powheg_JHUgen_125_2e2mu_pT4l_genbin2_recobin2_effs_genWeight*pileupWe
ight*dataMCWeight.pdf, id=8650, 569.12625pt x 551.05875pt>
File: Plots/WH_powheg_JHUgen_125_2e2mu_pT4l_genbin2_recobin2_effs_genWeight*pil
eupWeight*dataMCWeight.pdf Graphic file (type pdf)
<use Plots/WH_powheg_JHUgen_125_2e2mu_pT4l_genbin2_recobin2_effs_genWeight*pile
upWeight*dataMCWeight.pdf>
Package pdftex.def Info: Plots/WH_powheg_JHUgen_125_2e2mu_pT4l_genbin2_recobin2
_effs_genWeight*pileupWeight*dataMCWeight.pdf  used on input line 212.
(pdftex.def)             Requested size: 130.08733pt x 125.95885pt.
<Plots/WH_powheg_JHUgen_125_2e2mu_pT4l_genbin3_recobin3_effs_genWeight*pileupWe
ight*dataMCWeight.pdf, id=8651, 569.12625pt x 551.05875pt>
File: Plots/WH_powheg_JHUgen_125_2e2mu_pT4l_genbin3_recobin3_effs_genWeight*pil
eupWeight*dataMCWeight.pdf Graphic file (type pdf)
<use Plots/WH_powheg_JHUgen_125_2e2mu_pT4l_genbin3_recobin3_effs_genWeight*pile
upWeight*dataMCWeight.pdf>
Package pdftex.def Info: Plots/WH_powheg_JHUgen_125_2e2mu_pT4l_genbin3_recobin3
_effs_genWeight*pileupWeight*dataMCWeight.pdf  used on input line 216.
(pdftex.def)             Requested size: 130.08733pt x 125.95885pt.
<Plots/WH_powheg_JHUgen_125_2e2mu_pT4l_genbin4_recobin4_effs_genWeight*pileupWe
ight*dataMCWeight.pdf, id=8652, 569.12625pt x 551.05875pt>
File: Plots/WH_powheg_JHUgen_125_2e2mu_pT4l_genbin4_recobin4_effs_genWeight*pil
eupWeight*dataMCWeight.pdf Graphic file (type pdf)
<use Plots/WH_powheg_JHUgen_125_2e2mu_pT4l_genbin4_recobin4_effs_genWeight*pile
upWeight*dataMCWeight.pdf>
Package pdftex.def Info: Plots/WH_powheg_JHUgen_125_2e2mu_pT4l_genbin4_recobin4
_effs_genWeight*pileupWeight*dataMCWeight.pdf  used on input line 220.
(pdftex.def)             Requested size: 130.08733pt x 125.95885pt.
<Plots/WH_powheg_JHUgen_125_2e2mu_pT4l_genbin5_recobin5_effs_genWeight*pileupWe
ight*dataMCWeight.pdf, id=8653, 569.12625pt x 551.05875pt>
File: Plots/WH_powheg_JHUgen_125_2e2mu_pT4l_genbin5_recobin5_effs_genWeight*pil
eupWeight*dataMCWeight.pdf Graphic file (type pdf)
<use Plots/WH_powheg_JHUgen_125_2e2mu_pT4l_genbin5_recobin5_effs_genWeight*pile
upWeight*dataMCWeight.pdf>
Package pdftex.def Info: Plots/WH_powheg_JHUgen_125_2e2mu_pT4l_genbin5_recobin5
_effs_genWeight*pileupWeight*dataMCWeight.pdf  used on input line 224.
(pdftex.def)             Requested size: 130.08733pt x 125.95885pt.
<Plots/WH_powheg_JHUgen_125_2e2mu_pT4l_genbin6_recobin6_effs_genWeight*pileupWe
ight*dataMCWeight.pdf, id=8654, 569.12625pt x 551.05875pt>
File: Plots/WH_powheg_JHUgen_125_2e2mu_pT4l_genbin6_recobin6_effs_genWeight*pil
eupWeight*dataMCWeight.pdf Graphic file (type pdf)
<use Plots/WH_powheg_JHUgen_125_2e2mu_pT4l_genbin6_recobin6_effs_genWeight*pile
upWeight*dataMCWeight.pdf>
Package pdftex.def Info: Plots/WH_powheg_JHUgen_125_2e2mu_pT4l_genbin6_recobin6
_effs_genWeight*pileupWeight*dataMCWeight.pdf  used on input line 228.
(pdftex.def)             Requested size: 130.08733pt x 125.95885pt.
 [142 <./Plots/WH_powheg_JHUgen_125_2e2mu_pT4l_genbin0_recobin0_effs_genWeight*
pileupWeight*dataMCWeight.pdf, page is rotated 90 degrees> <./Plots/WH_powheg_J
HUgen_125_2e2mu_pT4l_genbin1_recobin1_effs_genWeight*pileupWeight*dataMCWeight.
pdf, page is rotated 90 degrees> <./Plots/WH_powheg_JHUgen_125_2e2mu_pT4l_genbi
n2_recobin2_effs_genWeight*pileupWeight*dataMCWeight.pdf, page is rotated 90 de
grees> <./Plots/WH_powheg_JHUgen_125_2e2mu_pT4l_genbin3_recobin3_effs_genWeight
*pileupWeight*dataMCWeight.pdf, page is rotated 90 degrees> <./Plots/WH_powheg_
JHUgen_125_2e2mu_pT4l_genbin4_recobin4_effs_genWeight*pileupWeight*dataMCWeight
.pdf, page is rotated 90 degrees> <./Plots/WH_powheg_JHUgen_125_2e2mu_pT4l_genb
in5_recobin5_effs_genWeight*pileupWeight*dataMCWeight.pdf, page is rotated 90 d
egrees> <./Plots/WH_powheg_JHUgen_125_2e2mu_pT4l_genbin6_recobin6_effs_genWeigh
t*pileupWeight*dataMCWeight.pdf, page is rotated 90 degrees>]
<Plots/WH_powheg_JHUgen_125_4e_pT4l_genbin0_recobin0_effs_genWeight*pileupWeigh
t*dataMCWeight.pdf, id=8968, 569.12625pt x 551.05875pt>
File: Plots/WH_powheg_JHUgen_125_4e_pT4l_genbin0_recobin0_effs_genWeight*pileup
Weight*dataMCWeight.pdf Graphic file (type pdf)
<use Plots/WH_powheg_JHUgen_125_4e_pT4l_genbin0_recobin0_effs_genWeight*pileupW
eight*dataMCWeight.pdf>
Package pdftex.def Info: Plots/WH_powheg_JHUgen_125_4e_pT4l_genbin0_recobin0_ef
fs_genWeight*pileupWeight*dataMCWeight.pdf  used on input line 241.
(pdftex.def)             Requested size: 130.08733pt x 125.95885pt.
<Plots/WH_powheg_JHUgen_125_4e_pT4l_genbin1_recobin1_effs_genWeight*pileupWeigh
t*dataMCWeight.pdf, id=8969, 569.12625pt x 551.05875pt>
File: Plots/WH_powheg_JHUgen_125_4e_pT4l_genbin1_recobin1_effs_genWeight*pileup
Weight*dataMCWeight.pdf Graphic file (type pdf)
<use Plots/WH_powheg_JHUgen_125_4e_pT4l_genbin1_recobin1_effs_genWeight*pileupW
eight*dataMCWeight.pdf>
Package pdftex.def Info: Plots/WH_powheg_JHUgen_125_4e_pT4l_genbin1_recobin1_ef
fs_genWeight*pileupWeight*dataMCWeight.pdf  used on input line 245.
(pdftex.def)             Requested size: 130.08733pt x 125.95885pt.
<Plots/WH_powheg_JHUgen_125_4e_pT4l_genbin2_recobin2_effs_genWeight*pileupWeigh
t*dataMCWeight.pdf, id=8970, 569.12625pt x 551.05875pt>
File: Plots/WH_powheg_JHUgen_125_4e_pT4l_genbin2_recobin2_effs_genWeight*pileup
Weight*dataMCWeight.pdf Graphic file (type pdf)
<use Plots/WH_powheg_JHUgen_125_4e_pT4l_genbin2_recobin2_effs_genWeight*pileupW
eight*dataMCWeight.pdf>
Package pdftex.def Info: Plots/WH_powheg_JHUgen_125_4e_pT4l_genbin2_recobin2_ef
fs_genWeight*pileupWeight*dataMCWeight.pdf  used on input line 249.
(pdftex.def)             Requested size: 130.08733pt x 125.95885pt.
<Plots/WH_powheg_JHUgen_125_4e_pT4l_genbin3_recobin3_effs_genWeight*pileupWeigh
t*dataMCWeight.pdf, id=8971, 569.12625pt x 551.05875pt>
File: Plots/WH_powheg_JHUgen_125_4e_pT4l_genbin3_recobin3_effs_genWeight*pileup
Weight*dataMCWeight.pdf Graphic file (type pdf)
<use Plots/WH_powheg_JHUgen_125_4e_pT4l_genbin3_recobin3_effs_genWeight*pileupW
eight*dataMCWeight.pdf>
Package pdftex.def Info: Plots/WH_powheg_JHUgen_125_4e_pT4l_genbin3_recobin3_ef
fs_genWeight*pileupWeight*dataMCWeight.pdf  used on input line 253.
(pdftex.def)             Requested size: 130.08733pt x 125.95885pt.
<Plots/WH_powheg_JHUgen_125_4e_pT4l_genbin4_recobin4_effs_genWeight*pileupWeigh
t*dataMCWeight.pdf, id=8972, 569.12625pt x 551.05875pt>
File: Plots/WH_powheg_JHUgen_125_4e_pT4l_genbin4_recobin4_effs_genWeight*pileup
Weight*dataMCWeight.pdf Graphic file (type pdf)
<use Plots/WH_powheg_JHUgen_125_4e_pT4l_genbin4_recobin4_effs_genWeight*pileupW
eight*dataMCWeight.pdf>
Package pdftex.def Info: Plots/WH_powheg_JHUgen_125_4e_pT4l_genbin4_recobin4_ef
fs_genWeight*pileupWeight*dataMCWeight.pdf  used on input line 257.
(pdftex.def)             Requested size: 130.08733pt x 125.95885pt.
<Plots/WH_powheg_JHUgen_125_4e_pT4l_genbin5_recobin5_effs_genWeight*pileupWeigh
t*dataMCWeight.pdf, id=8973, 569.12625pt x 551.05875pt>
File: Plots/WH_powheg_JHUgen_125_4e_pT4l_genbin5_recobin5_effs_genWeight*pileup
Weight*dataMCWeight.pdf Graphic file (type pdf)
<use Plots/WH_powheg_JHUgen_125_4e_pT4l_genbin5_recobin5_effs_genWeight*pileupW
eight*dataMCWeight.pdf>
Package pdftex.def Info: Plots/WH_powheg_JHUgen_125_4e_pT4l_genbin5_recobin5_ef
fs_genWeight*pileupWeight*dataMCWeight.pdf  used on input line 261.
(pdftex.def)             Requested size: 130.08733pt x 125.95885pt.
<Plots/WH_powheg_JHUgen_125_4e_pT4l_genbin6_recobin6_effs_genWeight*pileupWeigh
t*dataMCWeight.pdf, id=8974, 569.12625pt x 551.05875pt>
File: Plots/WH_powheg_JHUgen_125_4e_pT4l_genbin6_recobin6_effs_genWeight*pileup
Weight*dataMCWeight.pdf Graphic file (type pdf)
<use Plots/WH_powheg_JHUgen_125_4e_pT4l_genbin6_recobin6_effs_genWeight*pileupW
eight*dataMCWeight.pdf>
Package pdftex.def Info: Plots/WH_powheg_JHUgen_125_4e_pT4l_genbin6_recobin6_ef
fs_genWeight*pileupWeight*dataMCWeight.pdf  used on input line 265.
(pdftex.def)             Requested size: 130.08733pt x 125.95885pt.
 [143 <./Plots/WH_powheg_JHUgen_125_4e_pT4l_genbin0_recobin0_effs_genWeight*pil
eupWeight*dataMCWeight.pdf, page is rotated 90 degrees> <./Plots/WH_powheg_JHUg
en_125_4e_pT4l_genbin1_recobin1_effs_genWeight*pileupWeight*dataMCWeight.pdf, p
age is rotated 90 degrees> <./Plots/WH_powheg_JHUgen_125_4e_pT4l_genbin2_recobi
n2_effs_genWeight*pileupWeight*dataMCWeight.pdf, page is rotated 90 degrees> <.
/Plots/WH_powheg_JHUgen_125_4e_pT4l_genbin3_recobin3_effs_genWeight*pileupWeigh
t*dataMCWeight.pdf, page is rotated 90 degrees> <./Plots/WH_powheg_JHUgen_125_4
e_pT4l_genbin4_recobin4_effs_genWeight*pileupWeight*dataMCWeight.pdf, page is r
otated 90 degrees> <./Plots/WH_powheg_JHUgen_125_4e_pT4l_genbin5_recobin5_effs_
genWeight*pileupWeight*dataMCWeight.pdf, page is rotated 90 degrees> <./Plots/W
H_powheg_JHUgen_125_4e_pT4l_genbin6_recobin6_effs_genWeight*pileupWeight*dataMC
Weight.pdf, page is rotated 90 degrees>]
<Plots/WH_powheg_JHUgen_125_4mu_pT4l_genbin0_recobin0_effs_genWeight*pileupWeig
ht*dataMCWeight.pdf, id=9289, 569.12625pt x 551.05875pt>
File: Plots/WH_powheg_JHUgen_125_4mu_pT4l_genbin0_recobin0_effs_genWeight*pileu
pWeight*dataMCWeight.pdf Graphic file (type pdf)
<use Plots/WH_powheg_JHUgen_125_4mu_pT4l_genbin0_recobin0_effs_genWeight*pileup
Weight*dataMCWeight.pdf>
Package pdftex.def Info: Plots/WH_powheg_JHUgen_125_4mu_pT4l_genbin0_recobin0_e
ffs_genWeight*pileupWeight*dataMCWeight.pdf  used on input line 279.
(pdftex.def)             Requested size: 130.08733pt x 125.95885pt.
<Plots/WH_powheg_JHUgen_125_4mu_pT4l_genbin1_recobin1_effs_genWeight*pileupWeig
ht*dataMCWeight.pdf, id=9290, 569.12625pt x 551.05875pt>
File: Plots/WH_powheg_JHUgen_125_4mu_pT4l_genbin1_recobin1_effs_genWeight*pileu
pWeight*dataMCWeight.pdf Graphic file (type pdf)
<use Plots/WH_powheg_JHUgen_125_4mu_pT4l_genbin1_recobin1_effs_genWeight*pileup
Weight*dataMCWeight.pdf>
Package pdftex.def Info: Plots/WH_powheg_JHUgen_125_4mu_pT4l_genbin1_recobin1_e
ffs_genWeight*pileupWeight*dataMCWeight.pdf  used on input line 283.
(pdftex.def)             Requested size: 130.08733pt x 125.95885pt.
<Plots/WH_powheg_JHUgen_125_4mu_pT4l_genbin2_recobin2_effs_genWeight*pileupWeig
ht*dataMCWeight.pdf, id=9291, 569.12625pt x 551.05875pt>
File: Plots/WH_powheg_JHUgen_125_4mu_pT4l_genbin2_recobin2_effs_genWeight*pileu
pWeight*dataMCWeight.pdf Graphic file (type pdf)
<use Plots/WH_powheg_JHUgen_125_4mu_pT4l_genbin2_recobin2_effs_genWeight*pileup
Weight*dataMCWeight.pdf>
Package pdftex.def Info: Plots/WH_powheg_JHUgen_125_4mu_pT4l_genbin2_recobin2_e
ffs_genWeight*pileupWeight*dataMCWeight.pdf  used on input line 287.
(pdftex.def)             Requested size: 130.08733pt x 125.95885pt.
<Plots/WH_powheg_JHUgen_125_4mu_pT4l_genbin3_recobin3_effs_genWeight*pileupWeig
ht*dataMCWeight.pdf, id=9292, 569.12625pt x 551.05875pt>
File: Plots/WH_powheg_JHUgen_125_4mu_pT4l_genbin3_recobin3_effs_genWeight*pileu
pWeight*dataMCWeight.pdf Graphic file (type pdf)
<use Plots/WH_powheg_JHUgen_125_4mu_pT4l_genbin3_recobin3_effs_genWeight*pileup
Weight*dataMCWeight.pdf>
Package pdftex.def Info: Plots/WH_powheg_JHUgen_125_4mu_pT4l_genbin3_recobin3_e
ffs_genWeight*pileupWeight*dataMCWeight.pdf  used on input line 291.
(pdftex.def)             Requested size: 130.08733pt x 125.95885pt.
<Plots/WH_powheg_JHUgen_125_4mu_pT4l_genbin4_recobin4_effs_genWeight*pileupWeig
ht*dataMCWeight.pdf, id=9293, 569.12625pt x 551.05875pt>
File: Plots/WH_powheg_JHUgen_125_4mu_pT4l_genbin4_recobin4_effs_genWeight*pileu
pWeight*dataMCWeight.pdf Graphic file (type pdf)
<use Plots/WH_powheg_JHUgen_125_4mu_pT4l_genbin4_recobin4_effs_genWeight*pileup
Weight*dataMCWeight.pdf>
Package pdftex.def Info: Plots/WH_powheg_JHUgen_125_4mu_pT4l_genbin4_recobin4_e
ffs_genWeight*pileupWeight*dataMCWeight.pdf  used on input line 295.
(pdftex.def)             Requested size: 130.08733pt x 125.95885pt.
<Plots/WH_powheg_JHUgen_125_4mu_pT4l_genbin5_recobin5_effs_genWeight*pileupWeig
ht*dataMCWeight.pdf, id=9294, 569.12625pt x 551.05875pt>
File: Plots/WH_powheg_JHUgen_125_4mu_pT4l_genbin5_recobin5_effs_genWeight*pileu
pWeight*dataMCWeight.pdf Graphic file (type pdf)
<use Plots/WH_powheg_JHUgen_125_4mu_pT4l_genbin5_recobin5_effs_genWeight*pileup
Weight*dataMCWeight.pdf>
Package pdftex.def Info: Plots/WH_powheg_JHUgen_125_4mu_pT4l_genbin5_recobin5_e
ffs_genWeight*pileupWeight*dataMCWeight.pdf  used on input line 299.
(pdftex.def)             Requested size: 130.08733pt x 125.95885pt.
<Plots/WH_powheg_JHUgen_125_4mu_pT4l_genbin6_recobin6_effs_genWeight*pileupWeig
ht*dataMCWeight.pdf, id=9295, 569.12625pt x 551.05875pt>
File: Plots/WH_powheg_JHUgen_125_4mu_pT4l_genbin6_recobin6_effs_genWeight*pileu
pWeight*dataMCWeight.pdf Graphic file (type pdf)
<use Plots/WH_powheg_JHUgen_125_4mu_pT4l_genbin6_recobin6_effs_genWeight*pileup
Weight*dataMCWeight.pdf>
Package pdftex.def Info: Plots/WH_powheg_JHUgen_125_4mu_pT4l_genbin6_recobin6_e
ffs_genWeight*pileupWeight*dataMCWeight.pdf  used on input line 303.
(pdftex.def)             Requested size: 130.08733pt x 125.95885pt.
 [144 <./Plots/WH_powheg_JHUgen_125_4mu_pT4l_genbin0_recobin0_effs_genWeight*pi
leupWeight*dataMCWeight.pdf, page is rotated 90 degrees> <./Plots/WH_powheg_JHU
gen_125_4mu_pT4l_genbin1_recobin1_effs_genWeight*pileupWeight*dataMCWeight.pdf,
 page is rotated 90 degrees> <./Plots/WH_powheg_JHUgen_125_4mu_pT4l_genbin2_rec
obin2_effs_genWeight*pileupWeight*dataMCWeight.pdf, page is rotated 90 degrees>
 <./Plots/WH_powheg_JHUgen_125_4mu_pT4l_genbin3_recobin3_effs_genWeight*pileupW
eight*dataMCWeight.pdf, page is rotated 90 degrees> <./Plots/WH_powheg_JHUgen_1
25_4mu_pT4l_genbin4_recobin4_effs_genWeight*pileupWeight*dataMCWeight.pdf, page
 is rotated 90 degrees> <./Plots/WH_powheg_JHUgen_125_4mu_pT4l_genbin5_recobin5
_effs_genWeight*pileupWeight*dataMCWeight.pdf, page is rotated 90 degrees> <./P
lots/WH_powheg_JHUgen_125_4mu_pT4l_genbin6_recobin6_effs_genWeight*pileupWeight
*dataMCWeight.pdf, page is rotated 90 degrees>]
<Plots/ZH_powheg_JHUgen_125_2e2mu_pT4l_genbin0_recobin0_effs_genWeight*pileupWe
ight*dataMCWeight.pdf, id=9609, 569.12625pt x 551.05875pt>
File: Plots/ZH_powheg_JHUgen_125_2e2mu_pT4l_genbin0_recobin0_effs_genWeight*pil
eupWeight*dataMCWeight.pdf Graphic file (type pdf)
<use Plots/ZH_powheg_JHUgen_125_2e2mu_pT4l_genbin0_recobin0_effs_genWeight*pile
upWeight*dataMCWeight.pdf>
Package pdftex.def Info: Plots/ZH_powheg_JHUgen_125_2e2mu_pT4l_genbin0_recobin0
_effs_genWeight*pileupWeight*dataMCWeight.pdf  used on input line 316.
(pdftex.def)             Requested size: 130.08733pt x 125.95885pt.
<Plots/ZH_powheg_JHUgen_125_2e2mu_pT4l_genbin1_recobin1_effs_genWeight*pileupWe
ight*dataMCWeight.pdf, id=9610, 569.12625pt x 551.05875pt>
File: Plots/ZH_powheg_JHUgen_125_2e2mu_pT4l_genbin1_recobin1_effs_genWeight*pil
eupWeight*dataMCWeight.pdf Graphic file (type pdf)
<use Plots/ZH_powheg_JHUgen_125_2e2mu_pT4l_genbin1_recobin1_effs_genWeight*pile
upWeight*dataMCWeight.pdf>
Package pdftex.def Info: Plots/ZH_powheg_JHUgen_125_2e2mu_pT4l_genbin1_recobin1
_effs_genWeight*pileupWeight*dataMCWeight.pdf  used on input line 320.
(pdftex.def)             Requested size: 130.08733pt x 125.95885pt.
<Plots/ZH_powheg_JHUgen_125_2e2mu_pT4l_genbin2_recobin2_effs_genWeight*pileupWe
ight*dataMCWeight.pdf, id=9611, 569.12625pt x 551.05875pt>
File: Plots/ZH_powheg_JHUgen_125_2e2mu_pT4l_genbin2_recobin2_effs_genWeight*pil
eupWeight*dataMCWeight.pdf Graphic file (type pdf)
<use Plots/ZH_powheg_JHUgen_125_2e2mu_pT4l_genbin2_recobin2_effs_genWeight*pile
upWeight*dataMCWeight.pdf>
Package pdftex.def Info: Plots/ZH_powheg_JHUgen_125_2e2mu_pT4l_genbin2_recobin2
_effs_genWeight*pileupWeight*dataMCWeight.pdf  used on input line 324.
(pdftex.def)             Requested size: 130.08733pt x 125.95885pt.
<Plots/ZH_powheg_JHUgen_125_2e2mu_pT4l_genbin3_recobin3_effs_genWeight*pileupWe
ight*dataMCWeight.pdf, id=9612, 569.12625pt x 551.05875pt>
File: Plots/ZH_powheg_JHUgen_125_2e2mu_pT4l_genbin3_recobin3_effs_genWeight*pil
eupWeight*dataMCWeight.pdf Graphic file (type pdf)
<use Plots/ZH_powheg_JHUgen_125_2e2mu_pT4l_genbin3_recobin3_effs_genWeight*pile
upWeight*dataMCWeight.pdf>
Package pdftex.def Info: Plots/ZH_powheg_JHUgen_125_2e2mu_pT4l_genbin3_recobin3
_effs_genWeight*pileupWeight*dataMCWeight.pdf  used on input line 328.
(pdftex.def)             Requested size: 130.08733pt x 125.95885pt.
<Plots/ZH_powheg_JHUgen_125_2e2mu_pT4l_genbin4_recobin4_effs_genWeight*pileupWe
ight*dataMCWeight.pdf, id=9613, 569.12625pt x 551.05875pt>
File: Plots/ZH_powheg_JHUgen_125_2e2mu_pT4l_genbin4_recobin4_effs_genWeight*pil
eupWeight*dataMCWeight.pdf Graphic file (type pdf)
<use Plots/ZH_powheg_JHUgen_125_2e2mu_pT4l_genbin4_recobin4_effs_genWeight*pile
upWeight*dataMCWeight.pdf>
Package pdftex.def Info: Plots/ZH_powheg_JHUgen_125_2e2mu_pT4l_genbin4_recobin4
_effs_genWeight*pileupWeight*dataMCWeight.pdf  used on input line 332.
(pdftex.def)             Requested size: 130.08733pt x 125.95885pt.
<Plots/ZH_powheg_JHUgen_125_2e2mu_pT4l_genbin5_recobin5_effs_genWeight*pileupWe
ight*dataMCWeight.pdf, id=9614, 569.12625pt x 551.05875pt>
File: Plots/ZH_powheg_JHUgen_125_2e2mu_pT4l_genbin5_recobin5_effs_genWeight*pil
eupWeight*dataMCWeight.pdf Graphic file (type pdf)
<use Plots/ZH_powheg_JHUgen_125_2e2mu_pT4l_genbin5_recobin5_effs_genWeight*pile
upWeight*dataMCWeight.pdf>
Package pdftex.def Info: Plots/ZH_powheg_JHUgen_125_2e2mu_pT4l_genbin5_recobin5
_effs_genWeight*pileupWeight*dataMCWeight.pdf  used on input line 336.
(pdftex.def)             Requested size: 130.08733pt x 125.95885pt.
<Plots/ZH_powheg_JHUgen_125_2e2mu_pT4l_genbin6_recobin6_effs_genWeight*pileupWe
ight*dataMCWeight.pdf, id=9615, 569.12625pt x 551.05875pt>
File: Plots/ZH_powheg_JHUgen_125_2e2mu_pT4l_genbin6_recobin6_effs_genWeight*pil
eupWeight*dataMCWeight.pdf Graphic file (type pdf)
<use Plots/ZH_powheg_JHUgen_125_2e2mu_pT4l_genbin6_recobin6_effs_genWeight*pile
upWeight*dataMCWeight.pdf>
Package pdftex.def Info: Plots/ZH_powheg_JHUgen_125_2e2mu_pT4l_genbin6_recobin6
_effs_genWeight*pileupWeight*dataMCWeight.pdf  used on input line 340.
(pdftex.def)             Requested size: 130.08733pt x 125.95885pt.
 [145 <./Plots/ZH_powheg_JHUgen_125_2e2mu_pT4l_genbin0_recobin0_effs_genWeight*
pileupWeight*dataMCWeight.pdf, page is rotated 90 degrees> <./Plots/ZH_powheg_J
HUgen_125_2e2mu_pT4l_genbin1_recobin1_effs_genWeight*pileupWeight*dataMCWeight.
pdf, page is rotated 90 degrees> <./Plots/ZH_powheg_JHUgen_125_2e2mu_pT4l_genbi
n2_recobin2_effs_genWeight*pileupWeight*dataMCWeight.pdf, page is rotated 90 de
grees> <./Plots/ZH_powheg_JHUgen_125_2e2mu_pT4l_genbin3_recobin3_effs_genWeight
*pileupWeight*dataMCWeight.pdf, page is rotated 90 degrees> <./Plots/ZH_powheg_
JHUgen_125_2e2mu_pT4l_genbin4_recobin4_effs_genWeight*pileupWeight*dataMCWeight
.pdf, page is rotated 90 degrees> <./Plots/ZH_powheg_JHUgen_125_2e2mu_pT4l_genb
in5_recobin5_effs_genWeight*pileupWeight*dataMCWeight.pdf, page is rotated 90 d
egrees> <./Plots/ZH_powheg_JHUgen_125_2e2mu_pT4l_genbin6_recobin6_effs_genWeigh
t*pileupWeight*dataMCWeight.pdf, page is rotated 90 degrees>]
<Plots/ZH_powheg_JHUgen_125_4e_pT4l_genbin0_recobin0_effs_genWeight*pileupWeigh
t*dataMCWeight.pdf, id=9931, 569.12625pt x 551.05875pt>
File: Plots/ZH_powheg_JHUgen_125_4e_pT4l_genbin0_recobin0_effs_genWeight*pileup
Weight*dataMCWeight.pdf Graphic file (type pdf)
<use Plots/ZH_powheg_JHUgen_125_4e_pT4l_genbin0_recobin0_effs_genWeight*pileupW
eight*dataMCWeight.pdf>
Package pdftex.def Info: Plots/ZH_powheg_JHUgen_125_4e_pT4l_genbin0_recobin0_ef
fs_genWeight*pileupWeight*dataMCWeight.pdf  used on input line 353.
(pdftex.def)             Requested size: 130.08733pt x 125.95885pt.
<Plots/ZH_powheg_JHUgen_125_4e_pT4l_genbin1_recobin1_effs_genWeight*pileupWeigh
t*dataMCWeight.pdf, id=9932, 569.12625pt x 551.05875pt>
File: Plots/ZH_powheg_JHUgen_125_4e_pT4l_genbin1_recobin1_effs_genWeight*pileup
Weight*dataMCWeight.pdf Graphic file (type pdf)
<use Plots/ZH_powheg_JHUgen_125_4e_pT4l_genbin1_recobin1_effs_genWeight*pileupW
eight*dataMCWeight.pdf>
Package pdftex.def Info: Plots/ZH_powheg_JHUgen_125_4e_pT4l_genbin1_recobin1_ef
fs_genWeight*pileupWeight*dataMCWeight.pdf  used on input line 357.
(pdftex.def)             Requested size: 130.08733pt x 125.95885pt.
<Plots/ZH_powheg_JHUgen_125_4e_pT4l_genbin2_recobin2_effs_genWeight*pileupWeigh
t*dataMCWeight.pdf, id=9933, 569.12625pt x 551.05875pt>
File: Plots/ZH_powheg_JHUgen_125_4e_pT4l_genbin2_recobin2_effs_genWeight*pileup
Weight*dataMCWeight.pdf Graphic file (type pdf)
<use Plots/ZH_powheg_JHUgen_125_4e_pT4l_genbin2_recobin2_effs_genWeight*pileupW
eight*dataMCWeight.pdf>
Package pdftex.def Info: Plots/ZH_powheg_JHUgen_125_4e_pT4l_genbin2_recobin2_ef
fs_genWeight*pileupWeight*dataMCWeight.pdf  used on input line 361.
(pdftex.def)             Requested size: 130.08733pt x 125.95885pt.
<Plots/ZH_powheg_JHUgen_125_4e_pT4l_genbin3_recobin3_effs_genWeight*pileupWeigh
t*dataMCWeight.pdf, id=9934, 569.12625pt x 551.05875pt>
File: Plots/ZH_powheg_JHUgen_125_4e_pT4l_genbin3_recobin3_effs_genWeight*pileup
Weight*dataMCWeight.pdf Graphic file (type pdf)
<use Plots/ZH_powheg_JHUgen_125_4e_pT4l_genbin3_recobin3_effs_genWeight*pileupW
eight*dataMCWeight.pdf>
Package pdftex.def Info: Plots/ZH_powheg_JHUgen_125_4e_pT4l_genbin3_recobin3_ef
fs_genWeight*pileupWeight*dataMCWeight.pdf  used on input line 365.
(pdftex.def)             Requested size: 130.08733pt x 125.95885pt.
<Plots/ZH_powheg_JHUgen_125_4e_pT4l_genbin4_recobin4_effs_genWeight*pileupWeigh
t*dataMCWeight.pdf, id=9935, 569.12625pt x 551.05875pt>
File: Plots/ZH_powheg_JHUgen_125_4e_pT4l_genbin4_recobin4_effs_genWeight*pileup
Weight*dataMCWeight.pdf Graphic file (type pdf)
<use Plots/ZH_powheg_JHUgen_125_4e_pT4l_genbin4_recobin4_effs_genWeight*pileupW
eight*dataMCWeight.pdf>
Package pdftex.def Info: Plots/ZH_powheg_JHUgen_125_4e_pT4l_genbin4_recobin4_ef
fs_genWeight*pileupWeight*dataMCWeight.pdf  used on input line 369.
(pdftex.def)             Requested size: 130.08733pt x 125.95885pt.
<Plots/ZH_powheg_JHUgen_125_4e_pT4l_genbin5_recobin5_effs_genWeight*pileupWeigh
t*dataMCWeight.pdf, id=9936, 569.12625pt x 551.05875pt>
File: Plots/ZH_powheg_JHUgen_125_4e_pT4l_genbin5_recobin5_effs_genWeight*pileup
Weight*dataMCWeight.pdf Graphic file (type pdf)
<use Plots/ZH_powheg_JHUgen_125_4e_pT4l_genbin5_recobin5_effs_genWeight*pileupW
eight*dataMCWeight.pdf>
Package pdftex.def Info: Plots/ZH_powheg_JHUgen_125_4e_pT4l_genbin5_recobin5_ef
fs_genWeight*pileupWeight*dataMCWeight.pdf  used on input line 373.
(pdftex.def)             Requested size: 130.08733pt x 125.95885pt.
<Plots/ZH_powheg_JHUgen_125_4e_pT4l_genbin6_recobin6_effs_genWeight*pileupWeigh
t*dataMCWeight.pdf, id=9937, 569.12625pt x 551.05875pt>
File: Plots/ZH_powheg_JHUgen_125_4e_pT4l_genbin6_recobin6_effs_genWeight*pileup
Weight*dataMCWeight.pdf Graphic file (type pdf)
<use Plots/ZH_powheg_JHUgen_125_4e_pT4l_genbin6_recobin6_effs_genWeight*pileupW
eight*dataMCWeight.pdf>
Package pdftex.def Info: Plots/ZH_powheg_JHUgen_125_4e_pT4l_genbin6_recobin6_ef
fs_genWeight*pileupWeight*dataMCWeight.pdf  used on input line 377.
(pdftex.def)             Requested size: 130.08733pt x 125.95885pt.
 [146 <./Plots/ZH_powheg_JHUgen_125_4e_pT4l_genbin0_recobin0_effs_genWeight*pil
eupWeight*dataMCWeight.pdf, page is rotated 90 degrees> <./Plots/ZH_powheg_JHUg
en_125_4e_pT4l_genbin1_recobin1_effs_genWeight*pileupWeight*dataMCWeight.pdf, p
age is rotated 90 degrees> <./Plots/ZH_powheg_JHUgen_125_4e_pT4l_genbin2_recobi
n2_effs_genWeight*pileupWeight*dataMCWeight.pdf, page is rotated 90 degrees> <.
/Plots/ZH_powheg_JHUgen_125_4e_pT4l_genbin3_recobin3_effs_genWeight*pileupWeigh
t*dataMCWeight.pdf, page is rotated 90 degrees> <./Plots/ZH_powheg_JHUgen_125_4
e_pT4l_genbin4_recobin4_effs_genWeight*pileupWeight*dataMCWeight.pdf, page is r
otated 90 degrees> <./Plots/ZH_powheg_JHUgen_125_4e_pT4l_genbin5_recobin5_effs_
genWeight*pileupWeight*dataMCWeight.pdf, page is rotated 90 degrees> <./Plots/Z
H_powheg_JHUgen_125_4e_pT4l_genbin6_recobin6_effs_genWeight*pileupWeight*dataMC
Weight.pdf, page is rotated 90 degrees>]
<Plots/ZH_powheg_JHUgen_125_4mu_pT4l_genbin0_recobin0_effs_genWeight*pileupWeig
ht*dataMCWeight.pdf, id=10251, 569.12625pt x 551.05875pt>
File: Plots/ZH_powheg_JHUgen_125_4mu_pT4l_genbin0_recobin0_effs_genWeight*pileu
pWeight*dataMCWeight.pdf Graphic file (type pdf)
<use Plots/ZH_powheg_JHUgen_125_4mu_pT4l_genbin0_recobin0_effs_genWeight*pileup
Weight*dataMCWeight.pdf>
Package pdftex.def Info: Plots/ZH_powheg_JHUgen_125_4mu_pT4l_genbin0_recobin0_e
ffs_genWeight*pileupWeight*dataMCWeight.pdf  used on input line 390.
(pdftex.def)             Requested size: 130.08733pt x 125.95885pt.
<Plots/ZH_powheg_JHUgen_125_4mu_pT4l_genbin1_recobin1_effs_genWeight*pileupWeig
ht*dataMCWeight.pdf, id=10252, 569.12625pt x 551.05875pt>
File: Plots/ZH_powheg_JHUgen_125_4mu_pT4l_genbin1_recobin1_effs_genWeight*pileu
pWeight*dataMCWeight.pdf Graphic file (type pdf)
<use Plots/ZH_powheg_JHUgen_125_4mu_pT4l_genbin1_recobin1_effs_genWeight*pileup
Weight*dataMCWeight.pdf>
Package pdftex.def Info: Plots/ZH_powheg_JHUgen_125_4mu_pT4l_genbin1_recobin1_e
ffs_genWeight*pileupWeight*dataMCWeight.pdf  used on input line 394.
(pdftex.def)             Requested size: 130.08733pt x 125.95885pt.
<Plots/ZH_powheg_JHUgen_125_4mu_pT4l_genbin2_recobin2_effs_genWeight*pileupWeig
ht*dataMCWeight.pdf, id=10253, 569.12625pt x 551.05875pt>
File: Plots/ZH_powheg_JHUgen_125_4mu_pT4l_genbin2_recobin2_effs_genWeight*pileu
pWeight*dataMCWeight.pdf Graphic file (type pdf)
<use Plots/ZH_powheg_JHUgen_125_4mu_pT4l_genbin2_recobin2_effs_genWeight*pileup
Weight*dataMCWeight.pdf>
Package pdftex.def Info: Plots/ZH_powheg_JHUgen_125_4mu_pT4l_genbin2_recobin2_e
ffs_genWeight*pileupWeight*dataMCWeight.pdf  used on input line 398.
(pdftex.def)             Requested size: 130.08733pt x 125.95885pt.
<Plots/ZH_powheg_JHUgen_125_4mu_pT4l_genbin3_recobin3_effs_genWeight*pileupWeig
ht*dataMCWeight.pdf, id=10254, 569.12625pt x 551.05875pt>
File: Plots/ZH_powheg_JHUgen_125_4mu_pT4l_genbin3_recobin3_effs_genWeight*pileu
pWeight*dataMCWeight.pdf Graphic file (type pdf)
<use Plots/ZH_powheg_JHUgen_125_4mu_pT4l_genbin3_recobin3_effs_genWeight*pileup
Weight*dataMCWeight.pdf>
Package pdftex.def Info: Plots/ZH_powheg_JHUgen_125_4mu_pT4l_genbin3_recobin3_e
ffs_genWeight*pileupWeight*dataMCWeight.pdf  used on input line 402.
(pdftex.def)             Requested size: 130.08733pt x 125.95885pt.
<Plots/ZH_powheg_JHUgen_125_4mu_pT4l_genbin4_recobin4_effs_genWeight*pileupWeig
ht*dataMCWeight.pdf, id=10255, 569.12625pt x 551.05875pt>
File: Plots/ZH_powheg_JHUgen_125_4mu_pT4l_genbin4_recobin4_effs_genWeight*pileu
pWeight*dataMCWeight.pdf Graphic file (type pdf)
<use Plots/ZH_powheg_JHUgen_125_4mu_pT4l_genbin4_recobin4_effs_genWeight*pileup
Weight*dataMCWeight.pdf>
Package pdftex.def Info: Plots/ZH_powheg_JHUgen_125_4mu_pT4l_genbin4_recobin4_e
ffs_genWeight*pileupWeight*dataMCWeight.pdf  used on input line 406.
(pdftex.def)             Requested size: 130.08733pt x 125.95885pt.
<Plots/ZH_powheg_JHUgen_125_4mu_pT4l_genbin5_recobin5_effs_genWeight*pileupWeig
ht*dataMCWeight.pdf, id=10256, 569.12625pt x 551.05875pt>
File: Plots/ZH_powheg_JHUgen_125_4mu_pT4l_genbin5_recobin5_effs_genWeight*pileu
pWeight*dataMCWeight.pdf Graphic file (type pdf)
<use Plots/ZH_powheg_JHUgen_125_4mu_pT4l_genbin5_recobin5_effs_genWeight*pileup
Weight*dataMCWeight.pdf>
Package pdftex.def Info: Plots/ZH_powheg_JHUgen_125_4mu_pT4l_genbin5_recobin5_e
ffs_genWeight*pileupWeight*dataMCWeight.pdf  used on input line 410.
(pdftex.def)             Requested size: 130.08733pt x 125.95885pt.
<Plots/ZH_powheg_JHUgen_125_4mu_pT4l_genbin6_recobin6_effs_genWeight*pileupWeig
ht*dataMCWeight.pdf, id=10257, 569.12625pt x 551.05875pt>
File: Plots/ZH_powheg_JHUgen_125_4mu_pT4l_genbin6_recobin6_effs_genWeight*pileu
pWeight*dataMCWeight.pdf Graphic file (type pdf)
<use Plots/ZH_powheg_JHUgen_125_4mu_pT4l_genbin6_recobin6_effs_genWeight*pileup
Weight*dataMCWeight.pdf>
Package pdftex.def Info: Plots/ZH_powheg_JHUgen_125_4mu_pT4l_genbin6_recobin6_e
ffs_genWeight*pileupWeight*dataMCWeight.pdf  used on input line 414.
(pdftex.def)             Requested size: 130.08733pt x 125.95885pt.
 [147 <./Plots/ZH_powheg_JHUgen_125_4mu_pT4l_genbin0_recobin0_effs_genWeight*pi
leupWeight*dataMCWeight.pdf, page is rotated 90 degrees> <./Plots/ZH_powheg_JHU
gen_125_4mu_pT4l_genbin1_recobin1_effs_genWeight*pileupWeight*dataMCWeight.pdf,
 page is rotated 90 degrees> <./Plots/ZH_powheg_JHUgen_125_4mu_pT4l_genbin2_rec
obin2_effs_genWeight*pileupWeight*dataMCWeight.pdf, page is rotated 90 degrees>
 <./Plots/ZH_powheg_JHUgen_125_4mu_pT4l_genbin3_recobin3_effs_genWeight*pileupW
eight*dataMCWeight.pdf, page is rotated 90 degrees> <./Plots/ZH_powheg_JHUgen_1
25_4mu_pT4l_genbin4_recobin4_effs_genWeight*pileupWeight*dataMCWeight.pdf, page
 is rotated 90 degrees> <./Plots/ZH_powheg_JHUgen_125_4mu_pT4l_genbin5_recobin5
_effs_genWeight*pileupWeight*dataMCWeight.pdf, page is rotated 90 degrees> <./P
lots/ZH_powheg_JHUgen_125_4mu_pT4l_genbin6_recobin6_effs_genWeight*pileupWeight
*dataMCWeight.pdf, page is rotated 90 degrees>]
<Plots/ttH_powheg_JHUgen_125_2e2mu_pT4l_genbin0_recobin0_effs_genWeight*pileupW
eight*dataMCWeight.pdf, id=10571, 569.12625pt x 551.05875pt>
File: Plots/ttH_powheg_JHUgen_125_2e2mu_pT4l_genbin0_recobin0_effs_genWeight*pi
leupWeight*dataMCWeight.pdf Graphic file (type pdf)
<use Plots/ttH_powheg_JHUgen_125_2e2mu_pT4l_genbin0_recobin0_effs_genWeight*pil
eupWeight*dataMCWeight.pdf>
Package pdftex.def Info: Plots/ttH_powheg_JHUgen_125_2e2mu_pT4l_genbin0_recobin
0_effs_genWeight*pileupWeight*dataMCWeight.pdf  used on input line 428.
(pdftex.def)             Requested size: 130.08733pt x 125.95885pt.
<Plots/ttH_powheg_JHUgen_125_2e2mu_pT4l_genbin1_recobin1_effs_genWeight*pileupW
eight*dataMCWeight.pdf, id=10572, 569.12625pt x 551.05875pt>
File: Plots/ttH_powheg_JHUgen_125_2e2mu_pT4l_genbin1_recobin1_effs_genWeight*pi
leupWeight*dataMCWeight.pdf Graphic file (type pdf)
<use Plots/ttH_powheg_JHUgen_125_2e2mu_pT4l_genbin1_recobin1_effs_genWeight*pil
eupWeight*dataMCWeight.pdf>
Package pdftex.def Info: Plots/ttH_powheg_JHUgen_125_2e2mu_pT4l_genbin1_recobin
1_effs_genWeight*pileupWeight*dataMCWeight.pdf  used on input line 432.
(pdftex.def)             Requested size: 130.08733pt x 125.95885pt.
<Plots/ttH_powheg_JHUgen_125_2e2mu_pT4l_genbin2_recobin2_effs_genWeight*pileupW
eight*dataMCWeight.pdf, id=10573, 569.12625pt x 551.05875pt>
File: Plots/ttH_powheg_JHUgen_125_2e2mu_pT4l_genbin2_recobin2_effs_genWeight*pi
leupWeight*dataMCWeight.pdf Graphic file (type pdf)
<use Plots/ttH_powheg_JHUgen_125_2e2mu_pT4l_genbin2_recobin2_effs_genWeight*pil
eupWeight*dataMCWeight.pdf>
Package pdftex.def Info: Plots/ttH_powheg_JHUgen_125_2e2mu_pT4l_genbin2_recobin
2_effs_genWeight*pileupWeight*dataMCWeight.pdf  used on input line 436.
(pdftex.def)             Requested size: 130.08733pt x 125.95885pt.
<Plots/ttH_powheg_JHUgen_125_2e2mu_pT4l_genbin3_recobin3_effs_genWeight*pileupW
eight*dataMCWeight.pdf, id=10574, 569.12625pt x 551.05875pt>
File: Plots/ttH_powheg_JHUgen_125_2e2mu_pT4l_genbin3_recobin3_effs_genWeight*pi
leupWeight*dataMCWeight.pdf Graphic file (type pdf)
<use Plots/ttH_powheg_JHUgen_125_2e2mu_pT4l_genbin3_recobin3_effs_genWeight*pil
eupWeight*dataMCWeight.pdf>
Package pdftex.def Info: Plots/ttH_powheg_JHUgen_125_2e2mu_pT4l_genbin3_recobin
3_effs_genWeight*pileupWeight*dataMCWeight.pdf  used on input line 440.
(pdftex.def)             Requested size: 130.08733pt x 125.95885pt.
<Plots/ttH_powheg_JHUgen_125_2e2mu_pT4l_genbin4_recobin4_effs_genWeight*pileupW
eight*dataMCWeight.pdf, id=10575, 569.12625pt x 551.05875pt>
File: Plots/ttH_powheg_JHUgen_125_2e2mu_pT4l_genbin4_recobin4_effs_genWeight*pi
leupWeight*dataMCWeight.pdf Graphic file (type pdf)
<use Plots/ttH_powheg_JHUgen_125_2e2mu_pT4l_genbin4_recobin4_effs_genWeight*pil
eupWeight*dataMCWeight.pdf>
Package pdftex.def Info: Plots/ttH_powheg_JHUgen_125_2e2mu_pT4l_genbin4_recobin
4_effs_genWeight*pileupWeight*dataMCWeight.pdf  used on input line 444.
(pdftex.def)             Requested size: 130.08733pt x 125.95885pt.
<Plots/ttH_powheg_JHUgen_125_2e2mu_pT4l_genbin5_recobin5_effs_genWeight*pileupW
eight*dataMCWeight.pdf, id=10576, 569.12625pt x 551.05875pt>
File: Plots/ttH_powheg_JHUgen_125_2e2mu_pT4l_genbin5_recobin5_effs_genWeight*pi
leupWeight*dataMCWeight.pdf Graphic file (type pdf)
<use Plots/ttH_powheg_JHUgen_125_2e2mu_pT4l_genbin5_recobin5_effs_genWeight*pil
eupWeight*dataMCWeight.pdf>
Package pdftex.def Info: Plots/ttH_powheg_JHUgen_125_2e2mu_pT4l_genbin5_recobin
5_effs_genWeight*pileupWeight*dataMCWeight.pdf  used on input line 448.
(pdftex.def)             Requested size: 130.08733pt x 125.95885pt.
<Plots/ttH_powheg_JHUgen_125_2e2mu_pT4l_genbin6_recobin6_effs_genWeight*pileupW
eight*dataMCWeight.pdf, id=10577, 569.12625pt x 551.05875pt>
File: Plots/ttH_powheg_JHUgen_125_2e2mu_pT4l_genbin6_recobin6_effs_genWeight*pi
leupWeight*dataMCWeight.pdf Graphic file (type pdf)
<use Plots/ttH_powheg_JHUgen_125_2e2mu_pT4l_genbin6_recobin6_effs_genWeight*pil
eupWeight*dataMCWeight.pdf>
Package pdftex.def Info: Plots/ttH_powheg_JHUgen_125_2e2mu_pT4l_genbin6_recobin
6_effs_genWeight*pileupWeight*dataMCWeight.pdf  used on input line 452.
(pdftex.def)             Requested size: 130.08733pt x 125.95885pt.
 [148 <./Plots/ttH_powheg_JHUgen_125_2e2mu_pT4l_genbin0_recobin0_effs_genWeight
*pileupWeight*dataMCWeight.pdf, page is rotated 90 degrees> <./Plots/ttH_powheg
_JHUgen_125_2e2mu_pT4l_genbin1_recobin1_effs_genWeight*pileupWeight*dataMCWeigh
t.pdf, page is rotated 90 degrees> <./Plots/ttH_powheg_JHUgen_125_2e2mu_pT4l_ge
nbin2_recobin2_effs_genWeight*pileupWeight*dataMCWeight.pdf, page is rotated 90
 degrees> <./Plots/ttH_powheg_JHUgen_125_2e2mu_pT4l_genbin3_recobin3_effs_genWe
ight*pileupWeight*dataMCWeight.pdf, page is rotated 90 degrees> <./Plots/ttH_po
wheg_JHUgen_125_2e2mu_pT4l_genbin4_recobin4_effs_genWeight*pileupWeight*dataMCW
eight.pdf, page is rotated 90 degrees> <./Plots/ttH_powheg_JHUgen_125_2e2mu_pT4
l_genbin5_recobin5_effs_genWeight*pileupWeight*dataMCWeight.pdf, page is rotate
d 90 degrees> <./Plots/ttH_powheg_JHUgen_125_2e2mu_pT4l_genbin6_recobin6_effs_g
enWeight*pileupWeight*dataMCWeight.pdf, page is rotated 90 degrees>]
File: Plots/ggH_powheg_JHUgen_125_4e_pT4l_genbin0_recobin0_effs_genWeight*pileu
pWeight*dataMCWeight.pdf Graphic file (type pdf)
<use Plots/ggH_powheg_JHUgen_125_4e_pT4l_genbin0_recobin0_effs_genWeight*pileup
Weight*dataMCWeight.pdf>
Package pdftex.def Info: Plots/ggH_powheg_JHUgen_125_4e_pT4l_genbin0_recobin0_e
ffs_genWeight*pileupWeight*dataMCWeight.pdf  used on input line 465.
(pdftex.def)             Requested size: 130.08733pt x 125.95885pt.
File: Plots/ggH_powheg_JHUgen_125_4e_pT4l_genbin1_recobin1_effs_genWeight*pileu
pWeight*dataMCWeight.pdf Graphic file (type pdf)
<use Plots/ggH_powheg_JHUgen_125_4e_pT4l_genbin1_recobin1_effs_genWeight*pileup
Weight*dataMCWeight.pdf>
Package pdftex.def Info: Plots/ggH_powheg_JHUgen_125_4e_pT4l_genbin1_recobin1_e
ffs_genWeight*pileupWeight*dataMCWeight.pdf  used on input line 469.
(pdftex.def)             Requested size: 130.08733pt x 125.95885pt.
File: Plots/ggH_powheg_JHUgen_125_4e_pT4l_genbin2_recobin2_effs_genWeight*pileu
pWeight*dataMCWeight.pdf Graphic file (type pdf)
<use Plots/ggH_powheg_JHUgen_125_4e_pT4l_genbin2_recobin2_effs_genWeight*pileup
Weight*dataMCWeight.pdf>
Package pdftex.def Info: Plots/ggH_powheg_JHUgen_125_4e_pT4l_genbin2_recobin2_e
ffs_genWeight*pileupWeight*dataMCWeight.pdf  used on input line 473.
(pdftex.def)             Requested size: 130.08733pt x 125.95885pt.
File: Plots/ggH_powheg_JHUgen_125_4e_pT4l_genbin3_recobin3_effs_genWeight*pileu
pWeight*dataMCWeight.pdf Graphic file (type pdf)
<use Plots/ggH_powheg_JHUgen_125_4e_pT4l_genbin3_recobin3_effs_genWeight*pileup
Weight*dataMCWeight.pdf>
Package pdftex.def Info: Plots/ggH_powheg_JHUgen_125_4e_pT4l_genbin3_recobin3_e
ffs_genWeight*pileupWeight*dataMCWeight.pdf  used on input line 477.
(pdftex.def)             Requested size: 130.08733pt x 125.95885pt.
File: Plots/ggH_powheg_JHUgen_125_4e_pT4l_genbin4_recobin4_effs_genWeight*pileu
pWeight*dataMCWeight.pdf Graphic file (type pdf)
<use Plots/ggH_powheg_JHUgen_125_4e_pT4l_genbin4_recobin4_effs_genWeight*pileup
Weight*dataMCWeight.pdf>
Package pdftex.def Info: Plots/ggH_powheg_JHUgen_125_4e_pT4l_genbin4_recobin4_e
ffs_genWeight*pileupWeight*dataMCWeight.pdf  used on input line 481.
(pdftex.def)             Requested size: 130.08733pt x 125.95885pt.
File: Plots/ggH_powheg_JHUgen_125_4e_pT4l_genbin5_recobin5_effs_genWeight*pileu
pWeight*dataMCWeight.pdf Graphic file (type pdf)
<use Plots/ggH_powheg_JHUgen_125_4e_pT4l_genbin5_recobin5_effs_genWeight*pileup
Weight*dataMCWeight.pdf>
Package pdftex.def Info: Plots/ggH_powheg_JHUgen_125_4e_pT4l_genbin5_recobin5_e
ffs_genWeight*pileupWeight*dataMCWeight.pdf  used on input line 485.
(pdftex.def)             Requested size: 130.08733pt x 125.95885pt.
File: Plots/ggH_powheg_JHUgen_125_4e_pT4l_genbin6_recobin6_effs_genWeight*pileu
pWeight*dataMCWeight.pdf Graphic file (type pdf)
<use Plots/ggH_powheg_JHUgen_125_4e_pT4l_genbin6_recobin6_effs_genWeight*pileup
Weight*dataMCWeight.pdf>
Package pdftex.def Info: Plots/ggH_powheg_JHUgen_125_4e_pT4l_genbin6_recobin6_e
ffs_genWeight*pileupWeight*dataMCWeight.pdf  used on input line 489.
(pdftex.def)             Requested size: 130.08733pt x 125.95885pt.
 [149]
<Plots/ttH_powheg_JHUgen_125_4mu_pT4l_genbin0_recobin0_effs_genWeight*pileupWei
ght*dataMCWeight.pdf, id=10903, 569.12625pt x 551.05875pt>
File: Plots/ttH_powheg_JHUgen_125_4mu_pT4l_genbin0_recobin0_effs_genWeight*pile
upWeight*dataMCWeight.pdf Graphic file (type pdf)
<use Plots/ttH_powheg_JHUgen_125_4mu_pT4l_genbin0_recobin0_effs_genWeight*pileu
pWeight*dataMCWeight.pdf>
Package pdftex.def Info: Plots/ttH_powheg_JHUgen_125_4mu_pT4l_genbin0_recobin0_
effs_genWeight*pileupWeight*dataMCWeight.pdf  used on input line 504.
(pdftex.def)             Requested size: 130.08733pt x 125.95885pt.
<Plots/ttH_powheg_JHUgen_125_4mu_pT4l_genbin1_recobin1_effs_genWeight*pileupWei
ght*dataMCWeight.pdf, id=10904, 569.12625pt x 551.05875pt>
File: Plots/ttH_powheg_JHUgen_125_4mu_pT4l_genbin1_recobin1_effs_genWeight*pile
upWeight*dataMCWeight.pdf Graphic file (type pdf)
<use Plots/ttH_powheg_JHUgen_125_4mu_pT4l_genbin1_recobin1_effs_genWeight*pileu
pWeight*dataMCWeight.pdf>
Package pdftex.def Info: Plots/ttH_powheg_JHUgen_125_4mu_pT4l_genbin1_recobin1_
effs_genWeight*pileupWeight*dataMCWeight.pdf  used on input line 508.
(pdftex.def)             Requested size: 130.08733pt x 125.95885pt.
<Plots/ttH_powheg_JHUgen_125_4mu_pT4l_genbin2_recobin2_effs_genWeight*pileupWei
ght*dataMCWeight.pdf, id=10905, 569.12625pt x 551.05875pt>
File: Plots/ttH_powheg_JHUgen_125_4mu_pT4l_genbin2_recobin2_effs_genWeight*pile
upWeight*dataMCWeight.pdf Graphic file (type pdf)
<use Plots/ttH_powheg_JHUgen_125_4mu_pT4l_genbin2_recobin2_effs_genWeight*pileu
pWeight*dataMCWeight.pdf>
Package pdftex.def Info: Plots/ttH_powheg_JHUgen_125_4mu_pT4l_genbin2_recobin2_
effs_genWeight*pileupWeight*dataMCWeight.pdf  used on input line 512.
(pdftex.def)             Requested size: 130.08733pt x 125.95885pt.
<Plots/ttH_powheg_JHUgen_125_4mu_pT4l_genbin3_recobin3_effs_genWeight*pileupWei
ght*dataMCWeight.pdf, id=10906, 569.12625pt x 551.05875pt>
File: Plots/ttH_powheg_JHUgen_125_4mu_pT4l_genbin3_recobin3_effs_genWeight*pile
upWeight*dataMCWeight.pdf Graphic file (type pdf)
<use Plots/ttH_powheg_JHUgen_125_4mu_pT4l_genbin3_recobin3_effs_genWeight*pileu
pWeight*dataMCWeight.pdf>
Package pdftex.def Info: Plots/ttH_powheg_JHUgen_125_4mu_pT4l_genbin3_recobin3_
effs_genWeight*pileupWeight*dataMCWeight.pdf  used on input line 516.
(pdftex.def)             Requested size: 130.08733pt x 125.95885pt.
<Plots/ttH_powheg_JHUgen_125_4mu_pT4l_genbin4_recobin4_effs_genWeight*pileupWei
ght*dataMCWeight.pdf, id=10907, 569.12625pt x 551.05875pt>
File: Plots/ttH_powheg_JHUgen_125_4mu_pT4l_genbin4_recobin4_effs_genWeight*pile
upWeight*dataMCWeight.pdf Graphic file (type pdf)
<use Plots/ttH_powheg_JHUgen_125_4mu_pT4l_genbin4_recobin4_effs_genWeight*pileu
pWeight*dataMCWeight.pdf>
Package pdftex.def Info: Plots/ttH_powheg_JHUgen_125_4mu_pT4l_genbin4_recobin4_
effs_genWeight*pileupWeight*dataMCWeight.pdf  used on input line 520.
(pdftex.def)             Requested size: 130.08733pt x 125.95885pt.
<Plots/ttH_powheg_JHUgen_125_4mu_pT4l_genbin5_recobin5_effs_genWeight*pileupWei
ght*dataMCWeight.pdf, id=10908, 569.12625pt x 551.05875pt>
File: Plots/ttH_powheg_JHUgen_125_4mu_pT4l_genbin5_recobin5_effs_genWeight*pile
upWeight*dataMCWeight.pdf Graphic file (type pdf)
<use Plots/ttH_powheg_JHUgen_125_4mu_pT4l_genbin5_recobin5_effs_genWeight*pileu
pWeight*dataMCWeight.pdf>
Package pdftex.def Info: Plots/ttH_powheg_JHUgen_125_4mu_pT4l_genbin5_recobin5_
effs_genWeight*pileupWeight*dataMCWeight.pdf  used on input line 524.
(pdftex.def)             Requested size: 130.08733pt x 125.95885pt.
<Plots/ttH_powheg_JHUgen_125_4mu_pT4l_genbin6_recobin6_effs_genWeight*pileupWei
ght*dataMCWeight.pdf, id=10909, 569.12625pt x 551.05875pt>
File: Plots/ttH_powheg_JHUgen_125_4mu_pT4l_genbin6_recobin6_effs_genWeight*pile
upWeight*dataMCWeight.pdf Graphic file (type pdf)
<use Plots/ttH_powheg_JHUgen_125_4mu_pT4l_genbin6_recobin6_effs_genWeight*pileu
pWeight*dataMCWeight.pdf>
Package pdftex.def Info: Plots/ttH_powheg_JHUgen_125_4mu_pT4l_genbin6_recobin6_
effs_genWeight*pileupWeight*dataMCWeight.pdf  used on input line 528.
(pdftex.def)             Requested size: 130.08733pt x 125.95885pt.
 [150 <./Plots/ttH_powheg_JHUgen_125_4mu_pT4l_genbin0_recobin0_effs_genWeight*p
ileupWeight*dataMCWeight.pdf, page is rotated 90 degrees> <./Plots/ttH_powheg_J
HUgen_125_4mu_pT4l_genbin1_recobin1_effs_genWeight*pileupWeight*dataMCWeight.pd
f, page is rotated 90 degrees> <./Plots/ttH_powheg_JHUgen_125_4mu_pT4l_genbin2_
recobin2_effs_genWeight*pileupWeight*dataMCWeight.pdf, page is rotated 90 degre
es> <./Plots/ttH_powheg_JHUgen_125_4mu_pT4l_genbin3_recobin3_effs_genWeight*pil
eupWeight*dataMCWeight.pdf, page is rotated 90 degrees> <./Plots/ttH_powheg_JHU
gen_125_4mu_pT4l_genbin4_recobin4_effs_genWeight*pileupWeight*dataMCWeight.pdf,
 page is rotated 90 degrees> <./Plots/ttH_powheg_JHUgen_125_4mu_pT4l_genbin5_re
cobin5_effs_genWeight*pileupWeight*dataMCWeight.pdf, page is rotated 90 degrees
> <./Plots/ttH_powheg_JHUgen_125_4mu_pT4l_genbin6_recobin6_effs_genWeight*pileu
pWeight*dataMCWeight.pdf, page is rotated 90 degrees>]
<Plots/eff2d_ggH_powheg_JHUgen_125_pT4l_4e.pdf, id=11223, 569.12625pt x 440.646
26pt>
File: Plots/eff2d_ggH_powheg_JHUgen_125_pT4l_4e.pdf Graphic file (type pdf)
<use Plots/eff2d_ggH_powheg_JHUgen_125_pT4l_4e.pdf>
Package pdftex.def Info: Plots/eff2d_ggH_powheg_JHUgen_125_pT4l_4e.pdf  used on
 input line 544.
(pdftex.def)             Requested size: 208.13574pt x 161.14719pt.
<Plots/eff2d_VBF_powheg_JHUgen_125_pT4l_4e.pdf, id=11224, 569.12625pt x 440.646
26pt>
File: Plots/eff2d_VBF_powheg_JHUgen_125_pT4l_4e.pdf Graphic file (type pdf)
<use Plots/eff2d_VBF_powheg_JHUgen_125_pT4l_4e.pdf>
Package pdftex.def Info: Plots/eff2d_VBF_powheg_JHUgen_125_pT4l_4e.pdf  used on
 input line 552.
(pdftex.def)             Requested size: 208.13574pt x 161.14719pt.
<Plots/eff2d_WH_powheg_JHUgen_125_pT4l_4e.pdf, id=11225, 569.12625pt x 440.6462
6pt>
File: Plots/eff2d_WH_powheg_JHUgen_125_pT4l_4e.pdf Graphic file (type pdf)
<use Plots/eff2d_WH_powheg_JHUgen_125_pT4l_4e.pdf>
Package pdftex.def Info: Plots/eff2d_WH_powheg_JHUgen_125_pT4l_4e.pdf  used on 
input line 556.
(pdftex.def)             Requested size: 208.13574pt x 161.14719pt.
<Plots/eff2d_ZH_powheg_JHUgen_125_pT4l_4e.pdf, id=11226, 569.12625pt x 440.6462
6pt>
File: Plots/eff2d_ZH_powheg_JHUgen_125_pT4l_4e.pdf Graphic file (type pdf)
<use Plots/eff2d_ZH_powheg_JHUgen_125_pT4l_4e.pdf>
Package pdftex.def Info: Plots/eff2d_ZH_powheg_JHUgen_125_pT4l_4e.pdf  used on 
input line 560.
(pdftex.def)             Requested size: 208.13574pt x 161.14719pt.
<Plots/eff2d_ttH_powheg_JHUgen_125_pT4l_4e.pdf, id=11227, 569.12625pt x 440.646
26pt>
File: Plots/eff2d_ttH_powheg_JHUgen_125_pT4l_4e.pdf Graphic file (type pdf)
<use Plots/eff2d_ttH_powheg_JHUgen_125_pT4l_4e.pdf>
Package pdftex.def Info: Plots/eff2d_ttH_powheg_JHUgen_125_pT4l_4e.pdf  used on
 input line 564.
(pdftex.def)             Requested size: 208.13574pt x 161.14719pt.
 [151














 <./Plots/eff2d_ggH_powheg_JHUgen_125_pT4l_4e.pdf, page is rotated 90 degrees> 
<./Plots/eff2d_VBF_powheg_JHUgen_125_pT4l_4e.pdf, page is rotated 90 degrees> <
./Plots/eff2d_WH_powheg_JHUgen_125_pT4l_4e.pdf, page is rotated 90 degrees> <./
Plots/eff2d_ZH_powheg_JHUgen_125_pT4l_4e.pdf, page is rotated 90 degrees> <./Pl
ots/eff2d_ttH_powheg_JHUgen_125_pT4l_4e.pdf, page is rotated 90 degrees>]
<Plots/eff2d_ggH_powheg_JHUgen_125_pT4l_4mu.pdf, id=11454, 569.12625pt x 440.64
626pt>
File: Plots/eff2d_ggH_powheg_JHUgen_125_pT4l_4mu.pdf Graphic file (type pdf)
<use Plots/eff2d_ggH_powheg_JHUgen_125_pT4l_4mu.pdf>
Package pdftex.def Info: Plots/eff2d_ggH_powheg_JHUgen_125_pT4l_4mu.pdf  used o
n input line 576.
(pdftex.def)             Requested size: 208.13574pt x 161.14719pt.
<Plots/eff2d_VBF_powheg_JHUgen_125_pT4l_4mu.pdf, id=11455, 569.12625pt x 440.64
626pt>
File: Plots/eff2d_VBF_powheg_JHUgen_125_pT4l_4mu.pdf Graphic file (type pdf)
<use Plots/eff2d_VBF_powheg_JHUgen_125_pT4l_4mu.pdf>
Package pdftex.def Info: Plots/eff2d_VBF_powheg_JHUgen_125_pT4l_4mu.pdf  used o
n input line 584.
(pdftex.def)             Requested size: 208.13574pt x 161.14719pt.
<Plots/eff2d_WH_powheg_JHUgen_125_pT4l_4mu.pdf, id=11456, 569.12625pt x 440.646
26pt>
File: Plots/eff2d_WH_powheg_JHUgen_125_pT4l_4mu.pdf Graphic file (type pdf)
<use Plots/eff2d_WH_powheg_JHUgen_125_pT4l_4mu.pdf>
Package pdftex.def Info: Plots/eff2d_WH_powheg_JHUgen_125_pT4l_4mu.pdf  used on
 input line 588.
(pdftex.def)             Requested size: 208.13574pt x 161.14719pt.
<Plots/eff2d_ZH_powheg_JHUgen_125_pT4l_4mu.pdf, id=11457, 569.12625pt x 440.646
26pt>
File: Plots/eff2d_ZH_powheg_JHUgen_125_pT4l_4mu.pdf Graphic file (type pdf)
<use Plots/eff2d_ZH_powheg_JHUgen_125_pT4l_4mu.pdf>
Package pdftex.def Info: Plots/eff2d_ZH_powheg_JHUgen_125_pT4l_4mu.pdf  used on
 input line 592.
(pdftex.def)             Requested size: 208.13574pt x 161.14719pt.
<Plots/eff2d_ttH_powheg_JHUgen_125_pT4l_4mu.pdf, id=11458, 569.12625pt x 440.64
626pt>
File: Plots/eff2d_ttH_powheg_JHUgen_125_pT4l_4mu.pdf Graphic file (type pdf)
<use Plots/eff2d_ttH_powheg_JHUgen_125_pT4l_4mu.pdf>
Package pdftex.def Info: Plots/eff2d_ttH_powheg_JHUgen_125_pT4l_4mu.pdf  used o
n input line 596.
(pdftex.def)             Requested size: 208.13574pt x 161.14719pt.
 [152

 <./Plots/eff2d_ggH_powheg_JHUgen_125_pT4l_4mu.pdf, page is rotated 90 degrees>
 <./Plots/eff2d_VBF_powheg_JHUgen_125_pT4l_4mu.pdf, page is rotated 90 degrees>
 <./Plots/eff2d_WH_powheg_JHUgen_125_pT4l_4mu.pdf, page is rotated 90 degrees> 
<./Plots/eff2d_ZH_powheg_JHUgen_125_pT4l_4mu.pdf, page is rotated 90 degrees> <
./Plots/eff2d_ttH_powheg_JHUgen_125_pT4l_4mu.pdf, page is rotated 90 degrees>]
File: Plots/eff2d_ggH_powheg_JHUgen_125_pT4l_2e2mu.pdf Graphic file (type pdf)
<use Plots/eff2d_ggH_powheg_JHUgen_125_pT4l_2e2mu.pdf>
Package pdftex.def Info: Plots/eff2d_ggH_powheg_JHUgen_125_pT4l_2e2mu.pdf  used
 on input line 607.
(pdftex.def)             Requested size: 208.13574pt x 161.14719pt.
File: Plots/eff2d_VBF_powheg_JHUgen_125_pT4l_2e2mu.pdf Graphic file (type pdf)
<use Plots/eff2d_VBF_powheg_JHUgen_125_pT4l_2e2mu.pdf>
Package pdftex.def Info: Plots/eff2d_VBF_powheg_JHUgen_125_pT4l_2e2mu.pdf  used
 on input line 615.
(pdftex.def)             Requested size: 208.13574pt x 161.14719pt.
File: Plots/eff2d_WH_powheg_JHUgen_125_pT4l_2e2mu.pdf Graphic file (type pdf)
<use Plots/eff2d_WH_powheg_JHUgen_125_pT4l_2e2mu.pdf>
Package pdftex.def Info: Plots/eff2d_WH_powheg_JHUgen_125_pT4l_2e2mu.pdf  used 
on input line 619.
(pdftex.def)             Requested size: 208.13574pt x 161.14719pt.
File: Plots/eff2d_ZH_powheg_JHUgen_125_pT4l_2e2mu.pdf Graphic file (type pdf)
<use Plots/eff2d_ZH_powheg_JHUgen_125_pT4l_2e2mu.pdf>
Package pdftex.def Info: Plots/eff2d_ZH_powheg_JHUgen_125_pT4l_2e2mu.pdf  used 
on input line 623.
(pdftex.def)             Requested size: 208.13574pt x 161.14719pt.
File: Plots/eff2d_ttH_powheg_JHUgen_125_pT4l_2e2mu.pdf Graphic file (type pdf)
<use Plots/eff2d_ttH_powheg_JHUgen_125_pT4l_2e2mu.pdf>
Package pdftex.def Info: Plots/eff2d_ttH_powheg_JHUgen_125_pT4l_2e2mu.pdf  used
 on input line 627.
(pdftex.def)             Requested size: 208.13574pt x 161.14719pt.
 [153

]
<Plots/eff2d_ggH_powheg_JHUgen_125_rapidity4l_4e.pdf, id=11693, 569.12625pt x 4
40.64626pt>
File: Plots/eff2d_ggH_powheg_JHUgen_125_rapidity4l_4e.pdf Graphic file (type pd
f)
<use Plots/eff2d_ggH_powheg_JHUgen_125_rapidity4l_4e.pdf>
Package pdftex.def Info: Plots/eff2d_ggH_powheg_JHUgen_125_rapidity4l_4e.pdf  u
sed on input line 1156.
(pdftex.def)             Requested size: 208.13574pt x 161.14719pt.
<Plots/eff2d_VBF_powheg_JHUgen_125_rapidity4l_4e.pdf, id=11694, 569.12625pt x 4
40.64626pt>
File: Plots/eff2d_VBF_powheg_JHUgen_125_rapidity4l_4e.pdf Graphic file (type pd
f)
<use Plots/eff2d_VBF_powheg_JHUgen_125_rapidity4l_4e.pdf>
Package pdftex.def Info: Plots/eff2d_VBF_powheg_JHUgen_125_rapidity4l_4e.pdf  u
sed on input line 1164.
(pdftex.def)             Requested size: 208.13574pt x 161.14719pt.
<Plots/eff2d_WH_powheg_JHUgen_125_rapidity4l_4e.pdf, id=11695, 569.12625pt x 44
0.64626pt>
File: Plots/eff2d_WH_powheg_JHUgen_125_rapidity4l_4e.pdf Graphic file (type pdf
)
<use Plots/eff2d_WH_powheg_JHUgen_125_rapidity4l_4e.pdf>
Package pdftex.def Info: Plots/eff2d_WH_powheg_JHUgen_125_rapidity4l_4e.pdf  us
ed on input line 1168.
(pdftex.def)             Requested size: 208.13574pt x 161.14719pt.
<Plots/eff2d_ZH_powheg_JHUgen_125_rapidity4l_4e.pdf, id=11696, 569.12625pt x 44
0.64626pt>
File: Plots/eff2d_ZH_powheg_JHUgen_125_rapidity4l_4e.pdf Graphic file (type pdf
)
<use Plots/eff2d_ZH_powheg_JHUgen_125_rapidity4l_4e.pdf>
Package pdftex.def Info: Plots/eff2d_ZH_powheg_JHUgen_125_rapidity4l_4e.pdf  us
ed on input line 1172.
(pdftex.def)             Requested size: 208.13574pt x 161.14719pt.
<Plots/eff2d_ttH_powheg_JHUgen_125_rapidity4l_4e.pdf, id=11697, 569.12625pt x 4
40.64626pt>
File: Plots/eff2d_ttH_powheg_JHUgen_125_rapidity4l_4e.pdf Graphic file (type pd
f)
<use Plots/eff2d_ttH_powheg_JHUgen_125_rapidity4l_4e.pdf>
Package pdftex.def Info: Plots/eff2d_ttH_powheg_JHUgen_125_rapidity4l_4e.pdf  u
sed on input line 1176.
(pdftex.def)             Requested size: 208.13574pt x 161.14719pt.
 [154

 <./Plots/eff2d_ggH_powheg_JHUgen_125_rapidity4l_4e.pdf, page is rotated 90 deg
rees> <./Plots/eff2d_VBF_powheg_JHUgen_125_rapidity4l_4e.pdf, page is rotated 9
0 degrees> <./Plots/eff2d_WH_powheg_JHUgen_125_rapidity4l_4e.pdf, page is rotat
ed 90 degrees> <./Plots/eff2d_ZH_powheg_JHUgen_125_rapidity4l_4e.pdf, page is r
otated 90 degrees> <./Plots/eff2d_ttH_powheg_JHUgen_125_rapidity4l_4e.pdf, page
 is rotated 90 degrees>]
<Plots/eff2d_ggH_powheg_JHUgen_125_rapidity4l_4mu.pdf, id=11923, 569.12625pt x 
440.64626pt>
File: Plots/eff2d_ggH_powheg_JHUgen_125_rapidity4l_4mu.pdf Graphic file (type p
df)
<use Plots/eff2d_ggH_powheg_JHUgen_125_rapidity4l_4mu.pdf>
Package pdftex.def Info: Plots/eff2d_ggH_powheg_JHUgen_125_rapidity4l_4mu.pdf  
used on input line 1188.
(pdftex.def)             Requested size: 208.13574pt x 161.14719pt.
<Plots/eff2d_VBF_powheg_JHUgen_125_rapidity4l_4mu.pdf, id=11924, 569.12625pt x 
440.64626pt>
File: Plots/eff2d_VBF_powheg_JHUgen_125_rapidity4l_4mu.pdf Graphic file (type p
df)
<use Plots/eff2d_VBF_powheg_JHUgen_125_rapidity4l_4mu.pdf>
Package pdftex.def Info: Plots/eff2d_VBF_powheg_JHUgen_125_rapidity4l_4mu.pdf  
used on input line 1196.
(pdftex.def)             Requested size: 208.13574pt x 161.14719pt.
<Plots/eff2d_WH_powheg_JHUgen_125_rapidity4l_4mu.pdf, id=11925, 569.12625pt x 4
40.64626pt>
File: Plots/eff2d_WH_powheg_JHUgen_125_rapidity4l_4mu.pdf Graphic file (type pd
f)
<use Plots/eff2d_WH_powheg_JHUgen_125_rapidity4l_4mu.pdf>
Package pdftex.def Info: Plots/eff2d_WH_powheg_JHUgen_125_rapidity4l_4mu.pdf  u
sed on input line 1200.
(pdftex.def)             Requested size: 208.13574pt x 161.14719pt.
<Plots/eff2d_ZH_powheg_JHUgen_125_rapidity4l_4mu.pdf, id=11926, 569.12625pt x 4
40.64626pt>
File: Plots/eff2d_ZH_powheg_JHUgen_125_rapidity4l_4mu.pdf Graphic file (type pd
f)
<use Plots/eff2d_ZH_powheg_JHUgen_125_rapidity4l_4mu.pdf>
Package pdftex.def Info: Plots/eff2d_ZH_powheg_JHUgen_125_rapidity4l_4mu.pdf  u
sed on input line 1204.
(pdftex.def)             Requested size: 208.13574pt x 161.14719pt.
<Plots/eff2d_ttH_powheg_JHUgen_125_rapidity4l_4mu.pdf, id=11927, 569.12625pt x 
440.64626pt>
File: Plots/eff2d_ttH_powheg_JHUgen_125_rapidity4l_4mu.pdf Graphic file (type p
df)
<use Plots/eff2d_ttH_powheg_JHUgen_125_rapidity4l_4mu.pdf>
Package pdftex.def Info: Plots/eff2d_ttH_powheg_JHUgen_125_rapidity4l_4mu.pdf  
used on input line 1208.
(pdftex.def)             Requested size: 208.13574pt x 161.14719pt.
 [155

 <./Plots/eff2d_ggH_powheg_JHUgen_125_rapidity4l_4mu.pdf, page is rotated 90 de
grees> <./Plots/eff2d_VBF_powheg_JHUgen_125_rapidity4l_4mu.pdf, page is rotated
 90 degrees> <./Plots/eff2d_WH_powheg_JHUgen_125_rapidity4l_4mu.pdf, page is ro
tated 90 degrees> <./Plots/eff2d_ZH_powheg_JHUgen_125_rapidity4l_4mu.pdf, page 
is rotated 90 degrees> <./Plots/eff2d_ttH_powheg_JHUgen_125_rapidity4l_4mu.pdf,
 page is rotated 90 degrees>]
<Plots/eff2d_ggH_powheg_JHUgen_125_rapidity4l_2e2mu.pdf, id=12153, 569.12625pt 
x 440.64626pt>
File: Plots/eff2d_ggH_powheg_JHUgen_125_rapidity4l_2e2mu.pdf Graphic file (type
 pdf)
<use Plots/eff2d_ggH_powheg_JHUgen_125_rapidity4l_2e2mu.pdf>
Package pdftex.def Info: Plots/eff2d_ggH_powheg_JHUgen_125_rapidity4l_2e2mu.pdf
  used on input line 1219.
(pdftex.def)             Requested size: 208.13574pt x 161.14719pt.
<Plots/eff2d_VBF_powheg_JHUgen_125_rapidity4l_2e2mu.pdf, id=12154, 569.12625pt 
x 440.64626pt>
File: Plots/eff2d_VBF_powheg_JHUgen_125_rapidity4l_2e2mu.pdf Graphic file (type
 pdf)
<use Plots/eff2d_VBF_powheg_JHUgen_125_rapidity4l_2e2mu.pdf>
Package pdftex.def Info: Plots/eff2d_VBF_powheg_JHUgen_125_rapidity4l_2e2mu.pdf
  used on input line 1227.
(pdftex.def)             Requested size: 208.13574pt x 161.14719pt.
<Plots/eff2d_WH_powheg_JHUgen_125_rapidity4l_2e2mu.pdf, id=12155, 569.12625pt x
 440.64626pt>
File: Plots/eff2d_WH_powheg_JHUgen_125_rapidity4l_2e2mu.pdf Graphic file (type 
pdf)
<use Plots/eff2d_WH_powheg_JHUgen_125_rapidity4l_2e2mu.pdf>
Package pdftex.def Info: Plots/eff2d_WH_powheg_JHUgen_125_rapidity4l_2e2mu.pdf 
 used on input line 1231.
(pdftex.def)             Requested size: 208.13574pt x 161.14719pt.
<Plots/eff2d_ZH_powheg_JHUgen_125_rapidity4l_2e2mu.pdf, id=12156, 569.12625pt x
 440.64626pt>
File: Plots/eff2d_ZH_powheg_JHUgen_125_rapidity4l_2e2mu.pdf Graphic file (type 
pdf)
<use Plots/eff2d_ZH_powheg_JHUgen_125_rapidity4l_2e2mu.pdf>
Package pdftex.def Info: Plots/eff2d_ZH_powheg_JHUgen_125_rapidity4l_2e2mu.pdf 
 used on input line 1235.
(pdftex.def)             Requested size: 208.13574pt x 161.14719pt.
<Plots/eff2d_ttH_powheg_JHUgen_125_rapidity4l_2e2mu.pdf, id=12157, 569.12625pt 
x 440.64626pt>
File: Plots/eff2d_ttH_powheg_JHUgen_125_rapidity4l_2e2mu.pdf Graphic file (type
 pdf)
<use Plots/eff2d_ttH_powheg_JHUgen_125_rapidity4l_2e2mu.pdf>
Package pdftex.def Info: Plots/eff2d_ttH_powheg_JHUgen_125_rapidity4l_2e2mu.pdf
  used on input line 1239.
(pdftex.def)             Requested size: 208.13574pt x 161.14719pt.
 [156

 <./Plots/eff2d_ggH_powheg_JHUgen_125_rapidity4l_2e2mu.pdf, page is rotated 90 
degrees> <./Plots/eff2d_VBF_powheg_JHUgen_125_rapidity4l_2e2mu.pdf, page is rot
ated 90 degrees> <./Plots/eff2d_WH_powheg_JHUgen_125_rapidity4l_2e2mu.pdf, page
 is rotated 90 degrees> <./Plots/eff2d_ZH_powheg_JHUgen_125_rapidity4l_2e2mu.pd
f, page is rotated 90 degrees> <./Plots/eff2d_ttH_powheg_JHUgen_125_rapidity4l_
2e2mu.pdf, page is rotated 90 degrees>]
<Plots/eff2d_ggH_powheg_JHUgen_125_njets_pt30_eta2p5_4e.pdf, id=12383, 569.1262
5pt x 440.64626pt>
File: Plots/eff2d_ggH_powheg_JHUgen_125_njets_pt30_eta2p5_4e.pdf Graphic file (
type pdf)
<use Plots/eff2d_ggH_powheg_JHUgen_125_njets_pt30_eta2p5_4e.pdf>
Package pdftex.def Info: Plots/eff2d_ggH_powheg_JHUgen_125_njets_pt30_eta2p5_4e
.pdf  used on input line 2127.
(pdftex.def)             Requested size: 208.13574pt x 161.14719pt.
<Plots/eff2d_VBF_powheg_JHUgen_125_njets_pt30_eta2p5_4e.pdf, id=12384, 569.1262
5pt x 440.64626pt>
File: Plots/eff2d_VBF_powheg_JHUgen_125_njets_pt30_eta2p5_4e.pdf Graphic file (
type pdf)
<use Plots/eff2d_VBF_powheg_JHUgen_125_njets_pt30_eta2p5_4e.pdf>
Package pdftex.def Info: Plots/eff2d_VBF_powheg_JHUgen_125_njets_pt30_eta2p5_4e
.pdf  used on input line 2135.
(pdftex.def)             Requested size: 208.13574pt x 161.14719pt.
<Plots/eff2d_WH_powheg_JHUgen_125_njets_pt30_eta2p5_4e.pdf, id=12385, 569.12625
pt x 440.64626pt>
File: Plots/eff2d_WH_powheg_JHUgen_125_njets_pt30_eta2p5_4e.pdf Graphic file (t
ype pdf)
<use Plots/eff2d_WH_powheg_JHUgen_125_njets_pt30_eta2p5_4e.pdf>
Package pdftex.def Info: Plots/eff2d_WH_powheg_JHUgen_125_njets_pt30_eta2p5_4e.
pdf  used on input line 2139.
(pdftex.def)             Requested size: 208.13574pt x 161.14719pt.
<Plots/eff2d_ZH_powheg_JHUgen_125_njets_pt30_eta2p5_4e.pdf, id=12386, 569.12625
pt x 440.64626pt>
File: Plots/eff2d_ZH_powheg_JHUgen_125_njets_pt30_eta2p5_4e.pdf Graphic file (t
ype pdf)
<use Plots/eff2d_ZH_powheg_JHUgen_125_njets_pt30_eta2p5_4e.pdf>
Package pdftex.def Info: Plots/eff2d_ZH_powheg_JHUgen_125_njets_pt30_eta2p5_4e.
pdf  used on input line 2143.
(pdftex.def)             Requested size: 208.13574pt x 161.14719pt.
<Plots/eff2d_ttH_powheg_JHUgen_125_njets_pt30_eta2p5_4e.pdf, id=12387, 569.1262
5pt x 440.64626pt>
File: Plots/eff2d_ttH_powheg_JHUgen_125_njets_pt30_eta2p5_4e.pdf Graphic file (
type pdf)
<use Plots/eff2d_ttH_powheg_JHUgen_125_njets_pt30_eta2p5_4e.pdf>
Package pdftex.def Info: Plots/eff2d_ttH_powheg_JHUgen_125_njets_pt30_eta2p5_4e
.pdf  used on input line 2147.
(pdftex.def)             Requested size: 208.13574pt x 161.14719pt.
 [157

 <./Plots/eff2d_ggH_powheg_JHUgen_125_njets_pt30_eta2p5_4e.pdf, page is rotated
 90 degrees> <./Plots/eff2d_VBF_powheg_JHUgen_125_njets_pt30_eta2p5_4e.pdf, pag
e is rotated 90 degrees> <./Plots/eff2d_WH_powheg_JHUgen_125_njets_pt30_eta2p5_
4e.pdf, page is rotated 90 degrees> <./Plots/eff2d_ZH_powheg_JHUgen_125_njets_p
t30_eta2p5_4e.pdf, page is rotated 90 degrees> <./Plots/eff2d_ttH_powheg_JHUgen
_125_njets_pt30_eta2p5_4e.pdf, page is rotated 90 degrees>]
<Plots/eff2d_ggH_powheg_JHUgen_125_njets_pt30_eta2p5_4mu.pdf, id=12614, 569.126
25pt x 440.64626pt>
File: Plots/eff2d_ggH_powheg_JHUgen_125_njets_pt30_eta2p5_4mu.pdf Graphic file 
(type pdf)
<use Plots/eff2d_ggH_powheg_JHUgen_125_njets_pt30_eta2p5_4mu.pdf>
Package pdftex.def Info: Plots/eff2d_ggH_powheg_JHUgen_125_njets_pt30_eta2p5_4m
u.pdf  used on input line 2159.
(pdftex.def)             Requested size: 208.13574pt x 161.14719pt.
<Plots/eff2d_VBF_powheg_JHUgen_125_njets_pt30_eta2p5_4mu.pdf, id=12615, 569.126
25pt x 440.64626pt>
File: Plots/eff2d_VBF_powheg_JHUgen_125_njets_pt30_eta2p5_4mu.pdf Graphic file 
(type pdf)
<use Plots/eff2d_VBF_powheg_JHUgen_125_njets_pt30_eta2p5_4mu.pdf>
Package pdftex.def Info: Plots/eff2d_VBF_powheg_JHUgen_125_njets_pt30_eta2p5_4m
u.pdf  used on input line 2167.
(pdftex.def)             Requested size: 208.13574pt x 161.14719pt.
<Plots/eff2d_WH_powheg_JHUgen_125_njets_pt30_eta2p5_4mu.pdf, id=12616, 569.1262
5pt x 440.64626pt>
File: Plots/eff2d_WH_powheg_JHUgen_125_njets_pt30_eta2p5_4mu.pdf Graphic file (
type pdf)
<use Plots/eff2d_WH_powheg_JHUgen_125_njets_pt30_eta2p5_4mu.pdf>
Package pdftex.def Info: Plots/eff2d_WH_powheg_JHUgen_125_njets_pt30_eta2p5_4mu
.pdf  used on input line 2171.
(pdftex.def)             Requested size: 208.13574pt x 161.14719pt.
<Plots/eff2d_ZH_powheg_JHUgen_125_njets_pt30_eta2p5_4mu.pdf, id=12617, 569.1262
5pt x 440.64626pt>
File: Plots/eff2d_ZH_powheg_JHUgen_125_njets_pt30_eta2p5_4mu.pdf Graphic file (
type pdf)
<use Plots/eff2d_ZH_powheg_JHUgen_125_njets_pt30_eta2p5_4mu.pdf>
Package pdftex.def Info: Plots/eff2d_ZH_powheg_JHUgen_125_njets_pt30_eta2p5_4mu
.pdf  used on input line 2175.
(pdftex.def)             Requested size: 208.13574pt x 161.14719pt.
<Plots/eff2d_ttH_powheg_JHUgen_125_njets_pt30_eta2p5_4mu.pdf, id=12618, 569.126
25pt x 440.64626pt>
File: Plots/eff2d_ttH_powheg_JHUgen_125_njets_pt30_eta2p5_4mu.pdf Graphic file 
(type pdf)
<use Plots/eff2d_ttH_powheg_JHUgen_125_njets_pt30_eta2p5_4mu.pdf>
Package pdftex.def Info: Plots/eff2d_ttH_powheg_JHUgen_125_njets_pt30_eta2p5_4m
u.pdf  used on input line 2179.
(pdftex.def)             Requested size: 208.13574pt x 161.14719pt.
 [158

 <./Plots/eff2d_ggH_powheg_JHUgen_125_njets_pt30_eta2p5_4mu.pdf, page is rotate
d 90 degrees> <./Plots/eff2d_VBF_powheg_JHUgen_125_njets_pt30_eta2p5_4mu.pdf, p
age is rotated 90 degrees> <./Plots/eff2d_WH_powheg_JHUgen_125_njets_pt30_eta2p
5_4mu.pdf, page is rotated 90 degrees> <./Plots/eff2d_ZH_powheg_JHUgen_125_njet
s_pt30_eta2p5_4mu.pdf, page is rotated 90 degrees> <./Plots/eff2d_ttH_powheg_JH
Ugen_125_njets_pt30_eta2p5_4mu.pdf, page is rotated 90 degrees>]
<Plots/eff2d_ggH_powheg_JHUgen_125_njets_pt30_eta2p5_2e2mu.pdf, id=12844, 569.1
2625pt x 440.64626pt>
File: Plots/eff2d_ggH_powheg_JHUgen_125_njets_pt30_eta2p5_2e2mu.pdf Graphic fil
e (type pdf)
<use Plots/eff2d_ggH_powheg_JHUgen_125_njets_pt30_eta2p5_2e2mu.pdf>
Package pdftex.def Info: Plots/eff2d_ggH_powheg_JHUgen_125_njets_pt30_eta2p5_2e
2mu.pdf  used on input line 2190.
(pdftex.def)             Requested size: 208.13574pt x 161.14719pt.
<Plots/eff2d_VBF_powheg_JHUgen_125_njets_pt30_eta2p5_2e2mu.pdf, id=12845, 569.1
2625pt x 440.64626pt>
File: Plots/eff2d_VBF_powheg_JHUgen_125_njets_pt30_eta2p5_2e2mu.pdf Graphic fil
e (type pdf)
<use Plots/eff2d_VBF_powheg_JHUgen_125_njets_pt30_eta2p5_2e2mu.pdf>
Package pdftex.def Info: Plots/eff2d_VBF_powheg_JHUgen_125_njets_pt30_eta2p5_2e
2mu.pdf  used on input line 2198.
(pdftex.def)             Requested size: 208.13574pt x 161.14719pt.
<Plots/eff2d_WH_powheg_JHUgen_125_njets_pt30_eta2p5_2e2mu.pdf, id=12846, 569.12
625pt x 440.64626pt>
File: Plots/eff2d_WH_powheg_JHUgen_125_njets_pt30_eta2p5_2e2mu.pdf Graphic file
 (type pdf)
<use Plots/eff2d_WH_powheg_JHUgen_125_njets_pt30_eta2p5_2e2mu.pdf>
Package pdftex.def Info: Plots/eff2d_WH_powheg_JHUgen_125_njets_pt30_eta2p5_2e2
mu.pdf  used on input line 2202.
(pdftex.def)             Requested size: 208.13574pt x 161.14719pt.
<Plots/eff2d_ZH_powheg_JHUgen_125_njets_pt30_eta2p5_2e2mu.pdf, id=12847, 569.12
625pt x 440.64626pt>
File: Plots/eff2d_ZH_powheg_JHUgen_125_njets_pt30_eta2p5_2e2mu.pdf Graphic file
 (type pdf)
<use Plots/eff2d_ZH_powheg_JHUgen_125_njets_pt30_eta2p5_2e2mu.pdf>
Package pdftex.def Info: Plots/eff2d_ZH_powheg_JHUgen_125_njets_pt30_eta2p5_2e2
mu.pdf  used on input line 2206.
(pdftex.def)             Requested size: 208.13574pt x 161.14719pt.
<Plots/eff2d_ttH_powheg_JHUgen_125_njets_pt30_eta2p5_2e2mu.pdf, id=12848, 569.1
2625pt x 440.64626pt>
File: Plots/eff2d_ttH_powheg_JHUgen_125_njets_pt30_eta2p5_2e2mu.pdf Graphic fil
e (type pdf)
<use Plots/eff2d_ttH_powheg_JHUgen_125_njets_pt30_eta2p5_2e2mu.pdf>
Package pdftex.def Info: Plots/eff2d_ttH_powheg_JHUgen_125_njets_pt30_eta2p5_2e
2mu.pdf  used on input line 2210.
(pdftex.def)             Requested size: 208.13574pt x 161.14719pt.
 [159

 <./Plots/eff2d_ggH_powheg_JHUgen_125_njets_pt30_eta2p5_2e2mu.pdf, page is rota
ted 90 degrees> <./Plots/eff2d_VBF_powheg_JHUgen_125_njets_pt30_eta2p5_2e2mu.pd
f, page is rotated 90 degrees> <./Plots/eff2d_WH_powheg_JHUgen_125_njets_pt30_e
ta2p5_2e2mu.pdf, page is rotated 90 degrees> <./Plots/eff2d_ZH_powheg_JHUgen_12
5_njets_pt30_eta2p5_2e2mu.pdf, page is rotated 90 degrees> <./Plots/eff2d_ttH_p
owheg_JHUgen_125_njets_pt30_eta2p5_2e2mu.pdf, page is rotated 90 degrees>]) (./
Appendix/AlternateAsimov.tex
Overfull \hbox (8.31232pt too wide) in paragraph at lines 1--1
[]\T1/ppl/b/n/17.28 Results with ad-di-tional dif-fer-en-tial ob-serv-ables
 []

<Plots/Phi_unfoldwith_SM_125_logscale_asimov.pdf, id=13074, 569.12625pt x 559.0
8875pt>
File: Plots/Phi_unfoldwith_SM_125_logscale_asimov.pdf Graphic file (type pdf)
<use Plots/Phi_unfoldwith_SM_125_logscale_asimov.pdf>
Package pdftex.def Info: Plots/Phi_unfoldwith_SM_125_logscale_asimov.pdf  used 
on input line 9.
(pdftex.def)             Requested size: 195.12767pt x 191.68295pt.
<Plots/Phi1_unfoldwith_SM_125_logscale_asimov.pdf, id=13075, 569.12625pt x 559.
08875pt>
File: Plots/Phi1_unfoldwith_SM_125_logscale_asimov.pdf Graphic file (type pdf)
<use Plots/Phi1_unfoldwith_SM_125_logscale_asimov.pdf>
Package pdftex.def Info: Plots/Phi1_unfoldwith_SM_125_logscale_asimov.pdf  used
 on input line 13.
(pdftex.def)             Requested size: 195.12767pt x 191.68295pt.
<Plots/massZ2_unfoldwith_SM_125_logscale_asimov.pdf, id=13076, 569.12625pt x 55
9.08875pt>
File: Plots/massZ2_unfoldwith_SM_125_logscale_asimov.pdf Graphic file (type pdf
)
<use Plots/massZ2_unfoldwith_SM_125_logscale_asimov.pdf>
Package pdftex.def Info: Plots/massZ2_unfoldwith_SM_125_logscale_asimov.pdf  us
ed on input line 17.
(pdftex.def)             Requested size: 195.12767pt x 191.68295pt.
<Plots/massZ1_unfoldwith_SM_125_logscale_asimov.pdf, id=13077, 569.12625pt x 55
9.08875pt>
File: Plots/massZ1_unfoldwith_SM_125_logscale_asimov.pdf Graphic file (type pdf
)
<use Plots/massZ1_unfoldwith_SM_125_logscale_asimov.pdf>
Package pdftex.def Info: Plots/massZ1_unfoldwith_SM_125_logscale_asimov.pdf  us
ed on input line 21.
(pdftex.def)             Requested size: 195.12767pt x 191.68295pt.
<Plots/cosThetaStar_unfoldwith_SM_125_logscale_asimov.pdf, id=13078, 569.12625p
t x 559.08875pt>
File: Plots/cosThetaStar_unfoldwith_SM_125_logscale_asimov.pdf Graphic file (ty
pe pdf)
<use Plots/cosThetaStar_unfoldwith_SM_125_logscale_asimov.pdf>
Package pdftex.def Info: Plots/cosThetaStar_unfoldwith_SM_125_logscale_asimov.p
df  used on input line 25.
(pdftex.def)             Requested size: 195.12767pt x 191.68295pt.

LaTeX Warning: Float too large for page by 63.11763pt on input line 36.

[160

]

Package scrlayer-scrpage Warning: \headheight to low.
(scrlayer-scrpage)                At least 28.99998pt needed,
(scrlayer-scrpage)                but only 14.5pt found.
(scrlayer-scrpage)                I'll enlarge \headheight, for further
(scrlayer-scrpage)                processing, but you should do this yourself,
(scrlayer-scrpage)                e.g., setting geometry's option
(scrlayer-scrpage)                `head=28.99998pt'.
(scrlayer-scrpage)                I'll also decrease \topmargin on input line 3
6.


Overfull \vbox (14.49998pt too high) has occurred while \output is active []


[161 <./Plots/Phi_unfoldwith_SM_125_logscale_asimov.pdf, page is rotated 90 deg
rees> <./Plots/Phi1_unfoldwith_SM_125_logscale_asimov.pdf, page is rotated 90 d
egrees> <./Plots/massZ2_unfoldwith_SM_125_logscale_asimov.pdf, page is rotated 
90 degrees> <./Plots/massZ1_unfoldwith_SM_125_logscale_asimov.pdf, page is rota
ted 90 degrees> <./Plots/cosThetaStar_unfoldwith_SM_125_logscale_asimov.pdf, pa
ge is rotated 90 degrees>]
<Plots/cosTheta1_unfoldwith_SM_125_logscale_asimov.pdf, id=13309, 569.12625pt x
 559.08875pt>
File: Plots/cosTheta1_unfoldwith_SM_125_logscale_asimov.pdf Graphic file (type 
pdf)
<use Plots/cosTheta1_unfoldwith_SM_125_logscale_asimov.pdf>
Package pdftex.def Info: Plots/cosTheta1_unfoldwith_SM_125_logscale_asimov.pdf 
 used on input line 45.
(pdftex.def)             Requested size: 195.12767pt x 191.68295pt.
<Plots/cosTheta2_unfoldwith_SM_125_logscale_asimov.pdf, id=13310, 569.12625pt x
 559.08875pt>
File: Plots/cosTheta2_unfoldwith_SM_125_logscale_asimov.pdf Graphic file (type 
pdf)
<use Plots/cosTheta2_unfoldwith_SM_125_logscale_asimov.pdf>
Package pdftex.def Info: Plots/cosTheta2_unfoldwith_SM_125_logscale_asimov.pdf 
 used on input line 49.
(pdftex.def)             Requested size: 195.12767pt x 191.68295pt.
<Plots/njets_pt30_eta4p7_unfoldwith_SM_125_logscale_asimov.pdf, id=13311, 569.1
2625pt x 559.08875pt>
File: Plots/njets_pt30_eta4p7_unfoldwith_SM_125_logscale_asimov.pdf Graphic fil
e (type pdf)
<use Plots/njets_pt30_eta4p7_unfoldwith_SM_125_logscale_asimov.pdf>
Package pdftex.def Info: Plots/njets_pt30_eta4p7_unfoldwith_SM_125_logscale_asi
mov.pdf  used on input line 53.
(pdftex.def)             Requested size: 195.12767pt x 191.68295pt.
<Plots/pt_leadingjet_pt30_eta4p7_unfoldwith_SM_125_logscale_asimov.pdf, id=1331
2, 569.12625pt x 559.08875pt>
File: Plots/pt_leadingjet_pt30_eta4p7_unfoldwith_SM_125_logscale_asimov.pdf Gra
phic file (type pdf)
<use Plots/pt_leadingjet_pt30_eta4p7_unfoldwith_SM_125_logscale_asimov.pdf>
Package pdftex.def Info: Plots/pt_leadingjet_pt30_eta4p7_unfoldwith_SM_125_logs
cale_asimov.pdf  used on input line 57.
(pdftex.def)             Requested size: 195.12767pt x 191.68295pt.
 [162

 <./Plots/cosTheta1_unfoldwith_SM_125_logscale_asimov.pdf, page is rotated 90 d
egrees> <./Plots/cosTheta2_unfoldwith_SM_125_logscale_asimov.pdf, page is rotat
ed 90 degrees> <./Plots/njets_pt30_eta4p7_unfoldwith_SM_125_logscale_asimov.pdf
, page is rotated 90 degrees> <./Plots/pt_leadingjet_pt30_eta4p7_unfoldwith_SM_
125_logscale_asimov.pdf, page is rotated 90 degrees>])

! LaTeX Error: \begin{itemize} on input line 7 ended by \end{appendices}.

See the LaTeX manual or LaTeX Companion for explanation.
Type  H <return>  for immediate help.
 ...                                              
                                                  
l.456 \end{appendices}
                      
? 
1: section
[163


]
Overfull \hbox (8.775pt too wide) in paragraph at lines 469--469
\T1/ppl/m/n/12 with a vec-tor bo-son and de-cay-ing to a b-quark pair us-ing up
 to 4.7 $\OML/cmm/m/it/12 fb[]$ \T1/ppl/m/n/12 of
 []


Overfull \hbox (11.72124pt too wide) in paragraph at lines 469--469
[]\T1/ppl/m/n/12 TEVNPH (Teva-tron New Phe-nom-ina and D0 Col-lab-o-ra-tions Hi
ggs Work-
 []


Overfull \hbox (1.0449pt too wide) in paragraph at lines 469--469
[]\T1/ppl/m/n/12 CMS Col-lab-o-ra-tion. ^^P  The CMS mag-net project:techincal 
de-sign re-port^^Q.
 []

[164]
Overfull \hbox (4.39198pt too wide) in paragraph at lines 469--469
\T1/ppl/m/n/12 bo-son in the four-lepton fi-nal state at $[]$=13 TeV^^Q. In: \T
1/ppl/m/it/12 CMS AN \T1/ppl/m/n/12 2016/442
 []


Overfull \hbox (55.2963pt too wide) in paragraph at lines 469--469
\T1/pcr/m/n/12 twiki . cern . ch / twiki / bin / viewauth / CMS / BtagRecommend
ation102X$[][]\T1/ppl/m/n/12 . 
 []

[165]
Overfull \hbox (3.33627pt too wide) in paragraph at lines 469--469
\T1/ppl/m/n/12 com-pu-ta-tions with Par-ton Shower sim-u-la-tions: the POWHEG m
ethod^^Q.
 []


Overfull \hbox (8.9414pt too wide) in paragraph at lines 469--469
[]\T1/ppl/m/n/12 Paolo Na-son and Carlo Oleari. ^^P  NLO Higgs bo-son pro-duc-t
ion via vector-
 []

[166]
Overfull \hbox (19.25444pt too wide) in paragraph at lines 469--469
\T1/ppl/m/n/12 with top quarks in the POWHEG BOX^^Q. In: \T1/ppl/m/it/12 Phys. 
Rev. \T1/ppl/m/n/12 D91 (2015), p. 094003. 
 []


Overfull \hbox (10.49644pt too wide) in paragraph at lines 469--469
[]\T1/ppl/m/n/12 Gionata Luisoni et al. ^^P  $\OML/cmm/m/it/12 HW[]$\T1/ppl/m/n
/12 /HZ + 0 and 1 jet at NLO with the POWHEG
 []


Overfull \hbox (1.31834pt too wide) in paragraph at lines 469--469
[]\T1/ppl/m/n/12 J. Al-li-son et al. ^^P  Geant4 de-vel-op-ments and ap-pli-ca-
tions^^Q. In: \T1/ppl/m/it/12 IEEE Trans.
 []


Overfull \hbox (5.77129pt too wide) in paragraph at lines 469--469
\T1/ppl/m/n/12 arXiv: [][]$\T1/pcr/m/n/12 1507 . 06257$ [hep-ph][][]\T1/ppl/m/n
/12 . \T1/ppl/m/sc/12 url\T1/ppl/m/n/12 : [][]$\T1/pcr/m/n/12 http : / / www . 
sciencedirect .
 []

[167]
Overfull \hbox (7.23526pt too wide) in paragraph at lines 469--469
\T1/ppl/m/sc/12 doi\T1/ppl/m/n/12 : [][]$\T1/pcr/m/n/12 10 . 1103 / PhysRevD . 
88 . 034032$[][]\T1/ppl/m/n/12 . arXiv: [][]$\T1/pcr/m/n/12 1304 . 3053$ [hep-p
h][][]\T1/ppl/m/n/12 . 
 []


Overfull \hbox (6.86499pt too wide) in paragraph at lines 469--469
[]\T1/ppl/m/n/12 Chong Sheng Li et al. ^^P  Soft gluon re-sum-ma-tion in the si
gnal-background
 []


Overfull \hbox (18.4599pt too wide) in paragraph at lines 469--469
\T1/pcr/m/n/12 1103 / PhysRevLett . 98 . 222002$[][]\T1/ppl/m/n/12 . arXiv: [][
]$\T1/pcr/m/n/12 hep -[] ph / 0703012$ [hep-ph][][]\T1/ppl/m/n/12 . 
 []


Overfull \hbox (43.90912pt too wide) in paragraph at lines 469--469
[]\T1/ppl/m/n/12 Marco Bon-vini et al. ^^P  Signal-background in-ter-fer-ence e
f-fects for gg$\OMS/cmsy/m/n/12 !$\T1/ppl/m/n/12 H$\OMS/cmsy/m/n/12 !$\T1/ppl/m
/n/12 W+W-
 []


Overfull \hbox (2.4254pt too wide) in paragraph at lines 469--469
[]\T1/ppl/m/n/12 ATLAS and LHC Higgs Com-bi-na-tion Group CMS Col-lab-o-ra-tion
s. ^^P  Pro-
 []


Overfull \hbox (0.25345pt too wide) in paragraph at lines 469--469
\T1/ppl/m/n/12 Ex-per-i-ments and Un-fold-ing, CERN,Geneva, Switzer-land 17-20 
Jan-uary
 []

[168]
Overfull \hbox (8.41486pt too wide) in paragraph at lines 469--469
\T1/ppl/m/n/12 sions at sqrt(s) = 7 and 8 TeV^^Q. In: (2015). arXiv: [][]$\T1/p
cr/m/n/12 1512 . 08377$ [hep-ex][][]\T1/ppl/m/n/12 . 
 []


! LaTeX Error: \begin{itemize} on input line 7 ended by \end{document}.

See the LaTeX manual or LaTeX Companion for explanation.
Type  H <return>  for immediate help.
 ...                                              
                                                  
l.469 \end{document}
                    
? 
Package atveryend Info: Empty hook `BeforeClearDocument' on input line 469.
[169]
Package atveryend Info: Empty hook `AfterLastShipout' on input line 469.
 (./main_simple.aux (./Chapters/chinese_abstract.aux)
(./Chapters/abstract.aux) (./Chapters/introduction.aux)
(./Chapters/Chapter_1.aux) (./Chapters/Chapter_2.aux)
(./Chapters/Chapter_2_CMS.aux) (./Chapters/Chapter_3.aux)
(./Chapters/Chapter_7.aux) (./publication_list_tahir_javaid_test.aux)
(./conferences_tahir_javaid.aux))
Package atveryend Info: Executing hook `AtVeryEndDocument' on input line 469.
Package atveryend Info: Executing hook `AtEndAfterFileList' on input line 469.
Package rerunfilecheck Info: File `main_simple.out' has not changed.
(rerunfilecheck)             Checksum: 33D6DC3FD753B4F41C713F618434DF52;22048.


LaTeX Warning: There were undefined references.


LaTeX Warning: There were multiply-defined labels.


Package biblatex Warning: Please (re)run BibTeX on the file(s):
(biblatex)                main_simple
(biblatex)                and rerun LaTeX afterwards.

Package logreq Info: Writing requests to 'main_simple.run.xml'.
\openout1 = `main_simple.run.xml'.

 )
(\end occurred inside a group at level 1)

### semi simple group (level 1) entered at line 7 (\begingroup)
### bottom level 
Here is how much of TeX's memory you used:
 40178 strings out of 492982
 871625 string characters out of 6134896
 1193113 words of memory out of 5000000
 41916 multiletter control sequences out of 15000+600000
 609349 words of font info for 193 fonts, out of 8000000 for 9000
 1141 hyphenation exceptions out of 8191
 63i,21n,83p,10384b,3283s stack positions out of 5000i,500n,10000p,200000b,80000s
{/usr/share/texlive/texmf-dist/fonts/enc/dvips/base/8r.enc}</us
r/share/texlive/texmf-dist/fonts/type1/public/amsfonts/cm/cmbx10.pfb></usr/shar
e/texlive/texmf-dist/fonts/type1/public/amsfonts/cm/cmbx12.pfb></usr/share/texl
ive/texmf-dist/fonts/type1/public/amsfonts/cm/cmbx6.pfb></usr/share/texlive/tex
mf-dist/fonts/type1/public/amsfonts/cm/cmbx8.pfb></usr/share/texlive/texmf-dist
/fonts/type1/public/amsfonts/cm/cmex10.pfb></usr/share/texlive/texmf-dist/fonts
/type1/public/amsfonts/cm/cmmi10.pfb></usr/share/texlive/texmf-dist/fonts/type1
/public/amsfonts/cm/cmmi12.pfb></usr/share/texlive/texmf-dist/fonts/type1/publi
c/amsfonts/cm/cmmi5.pfb></usr/share/texlive/texmf-dist/fonts/type1/public/amsfo
nts/cm/cmmi6.pfb></usr/share/texlive/texmf-dist/fonts/type1/public/amsfonts/cm/
cmmi7.pfb></usr/share/texlive/texmf-dist/fonts/type1/public/amsfonts/cm/cmmi8.p
fb></usr/share/texlive/texmf-dist/fonts/type1/public/amsfonts/cm/cmr10.pfb></us
r/share/texlive/texmf-dist/fonts/type1/public/amsfonts/cm/cmr12.pfb></usr/share
/texlive/texmf-dist/fonts/type1/public/amsfonts/cm/cmr5.pfb></usr/share/texlive
/texmf-dist/fonts/type1/public/amsfonts/cm/cmr6.pfb></usr/share/texlive/texmf-d
ist/fonts/type1/public/amsfonts/cm/cmr7.pfb></usr/share/texlive/texmf-dist/font
s/type1/public/amsfonts/cm/cmr8.pfb></usr/share/texlive/texmf-dist/fonts/type1/
public/amsfonts/cm/cmsy10.pfb></usr/share/texlive/texmf-dist/fonts/type1/public
/amsfonts/cm/cmsy6.pfb></usr/share/texlive/texmf-dist/fonts/type1/public/amsfon
ts/cm/cmsy7.pfb></usr/share/texlive/texmf-dist/fonts/type1/public/amsfonts/cm/c
msy8.pfb></usr/share/texmf/fonts/type1/arphic/gbsnu/gbsnu30.pfb></usr/share/tex
mf/fonts/type1/arphic/gbsnu/gbsnu4e.pfb></usr/share/texmf/fonts/type1/arphic/gb
snu/gbsnu4f.pfb></usr/share/texmf/fonts/type1/arphic/gbsnu/gbsnu51.pfb></usr/sh
are/texmf/fonts/type1/arphic/gbsnu/gbsnu52.pfb></usr/share/texmf/fonts/type1/ar
phic/gbsnu/gbsnu53.pfb></usr/share/texmf/fonts/type1/arphic/gbsnu/gbsnu54.pfb><
/usr/share/texmf/fonts/type1/arphic/gbsnu/gbsnu55.pfb></usr/share/texmf/fonts/t
ype1/arphic/gbsnu/gbsnu56.pfb></usr/share/texmf/fonts/type1/arphic/gbsnu/gbsnu5
7.pfb></usr/share/texmf/fonts/type1/arphic/gbsnu/gbsnu59.pfb></usr/share/texmf/
fonts/type1/arphic/gbsnu/gbsnu5b.pfb></usr/share/texmf/fonts/type1/arphic/gbsnu
/gbsnu5d.pfb></usr/share/texmf/fonts/type1/arphic/gbsnu/gbsnu5e.pfb></usr/share
/texmf/fonts/type1/arphic/gbsnu/gbsnu5f.pfb></usr/share/texmf/fonts/type1/arphi
c/gbsnu/gbsnu60.pfb></usr/share/texmf/fonts/type1/arphic/gbsnu/gbsnu61.pfb></us
r/share/texmf/fonts/type1/arphic/gbsnu/gbsnu62.pfb></usr/share/texmf/fonts/type
1/arphic/gbsnu/gbsnu63.pfb></usr/share/texmf/fonts/type1/arphic/gbsnu/gbsnu64.p
fb></usr/share/texmf/fonts/type1/arphic/gbsnu/gbsnu65.pfb></usr/share/texmf/fon
ts/type1/arphic/gbsnu/gbsnu67.pfb></usr/share/texmf/fonts/type1/arphic/gbsnu/gb
snu68.pfb></usr/share/texmf/fonts/type1/arphic/gbsnu/gbsnu6a.pfb></usr/share/te
xmf/fonts/type1/arphic/gbsnu/gbsnu6b.pfb></usr/share/texmf/fonts/type1/arphic/g
bsnu/gbsnu6c.pfb></usr/share/texmf/fonts/type1/arphic/gbsnu/gbsnu6d.pfb></usr/s
hare/texmf/fonts/type1/arphic/gbsnu/gbsnu72.pfb></usr/share/texmf/fonts/type1/a
rphic/gbsnu/gbsnu73.pfb></usr/share/texmf/fonts/type1/arphic/gbsnu/gbsnu74.pfb>
</usr/share/texmf/fonts/type1/arphic/gbsnu/gbsnu75.pfb></usr/share/texmf/fonts/
type1/arphic/gbsnu/gbsnu76.pfb></usr/share/texmf/fonts/type1/arphic/gbsnu/gbsnu
78.pfb></usr/share/texmf/fonts/type1/arphic/gbsnu/gbsnu79.pfb></usr/share/texmf
/fonts/type1/arphic/gbsnu/gbsnu7a.pfb></usr/share/texmf/fonts/type1/arphic/gbsn
u/gbsnu7b.pfb></usr/share/texmf/fonts/type1/arphic/gbsnu/gbsnu7c.pfb></usr/shar
e/texmf/fonts/type1/arphic/gbsnu/gbsnu7e.pfb></usr/share/texmf/fonts/type1/arph
ic/gbsnu/gbsnu80.pfb></usr/share/texmf/fonts/type1/arphic/gbsnu/gbsnu81.pfb></u
sr/share/texmf/fonts/type1/arphic/gbsnu/gbsnu82.pfb></usr/share/texmf/fonts/typ
e1/arphic/gbsnu/gbsnu83.pfb></usr/share/texmf/fonts/type1/arphic/gbsnu/gbsnu88.
pfb></usr/share/texmf/fonts/type1/arphic/gbsnu/gbsnu89.pfb></usr/share/texmf/fo
nts/type1/arphic/gbsnu/gbsnu8a.pfb></usr/share/texmf/fonts/type1/arphic/gbsnu/g
bsnu8b.pfb></usr/share/texmf/fonts/type1/arphic/gbsnu/gbsnu8d.pfb></usr/share/t
exmf/fonts/type1/arphic/gbsnu/gbsnu8f.pfb></usr/share/texmf/fonts/type1/arphic/
gbsnu/gbsnu90.pfb></usr/share/texmf/fonts/type1/arphic/gbsnu/gbsnu91.pfb></usr/
share/texmf/fonts/type1/arphic/gbsnu/gbsnu95.pfb></usr/share/texmf/fonts/type1/
arphic/gbsnu/gbsnu96.pfb></usr/share/texmf/fonts/type1/arphic/gbsnu/gbsnu97.pfb
></usr/share/texmf/fonts/type1/arphic/gbsnu/gbsnu98.pfb></usr/share/texmf/fonts
/type1/arphic/gbsnu/gbsnu9a.pfb></usr/share/texmf/fonts/type1/arphic/gbsnu/gbsn
uff.pfb></usr/share/texlive/texmf-dist/fonts/type1/public/rsfs/rsfs10.pfb></usr
/share/texlive/texmf-dist/fonts/type1/urw/courier/ucrr8a.pfb></usr/share/texliv
e/texmf-dist/fonts/type1/urw/helvetic/uhvr8a.pfb></usr/share/texlive/texmf-dist
/fonts/type1/urw/palatino/uplb8a.pfb></usr/share/texlive/texmf-dist/fonts/type1
/urw/palatino/uplr8a.pfb></usr/share/texlive/texmf-dist/fonts/type1/urw/palatin
o/uplr8a.pfb></usr/share/texlive/texmf-dist/fonts/type1/urw/palatino/uplri8a.pf
b></usr/share/texlive/texmf-dist/fonts/type1/urw/symbol/usyr.pfb></usr/share/te
xlive/texmf-dist/fonts/type1/urw/symbol/usyr.pfb></usr/share/texlive/texmf-dist
/fonts/type1/urw/times/utmb8a.pfb></usr/share/texlive/texmf-dist/fonts/type1/ur
w/times/utmr8a.pfb></usr/share/texlive/texmf-dist/fonts/type1/urw/times/utmri8a
.pfb>
Output written on main_simple.pdf (193 pages, 18617162 bytes).
PDF statistics:
 14019 PDF objects out of 15390 (max. 8388607)
 7603 compressed objects within 77 object streams
 839 named destinations out of 1000 (max. 500000)
 2390 words of extra memory for PDF output out of 10000 (max. 10000000)

