This is pdfTeX, Version 3.14159265-2.6-1.40.18 (TeX Live 2017/Debian) (preloaded format=pdflatex 2018.8.28)  28 JUN 2020 19:58
entering extended mode
 restricted \write18 enabled.
 %&-line parsing enabled.
**main_2806_v0.tex
(./main_2806_v0.tex
LaTeX2e <2017-04-15>
Babel <3.18> and hyphenation patterns for 84 language(s) loaded.
(./MastersDoctoralThesis.cls
Document Class: MastersDoctoralThesis 2016/03/25 v1.4 LaTeXTemplates.com
(/usr/share/texlive/texmf-dist/tex/latex/etoolbox/etoolbox.sty
Package: etoolbox 2018/02/11 v2.5e e-TeX tools for LaTeX (JAW)
\etb@tempcnta=\count79
)
(/usr/share/texlive/texmf-dist/tex/latex/l3packages/xparse/xparse.sty
(/usr/share/texlive/texmf-dist/tex/latex/l3kernel/expl3.sty
Package: expl3 2018/02/21 L3 programming layer (loader) 

(/usr/share/texlive/texmf-dist/tex/latex/l3kernel/expl3-code.tex
Package: expl3 2018/02/21 L3 programming layer (code)
\c_max_int=\count80
\l_tmpa_int=\count81
\l_tmpb_int=\count82
\g_tmpa_int=\count83
\g_tmpb_int=\count84
\g__intarray_font_int=\count85
\g__prg_map_int=\count86
\c_log_iow=\count87
\l_iow_line_count_int=\count88
\l__iow_line_target_int=\count89
\l__iow_one_indent_int=\count90
\l__iow_indent_int=\count91
\c_zero_dim=\dimen102
\c_max_dim=\dimen103
\l_tmpa_dim=\dimen104
\l_tmpb_dim=\dimen105
\g_tmpa_dim=\dimen106
\g_tmpb_dim=\dimen107
\c_zero_skip=\skip41
\c_max_skip=\skip42
\l_tmpa_skip=\skip43
\l_tmpb_skip=\skip44
\g_tmpa_skip=\skip45
\g_tmpb_skip=\skip46
\c_zero_muskip=\muskip10
\c_max_muskip=\muskip11
\l_tmpa_muskip=\muskip12
\l_tmpb_muskip=\muskip13
\g_tmpa_muskip=\muskip14
\g_tmpb_muskip=\muskip15
\l_keys_choice_int=\count92
\c__fp_leading_shift_int=\count93
\c__fp_middle_shift_int=\count94
\c__fp_trailing_shift_int=\count95
\c__fp_big_leading_shift_int=\count96
\c__fp_big_middle_shift_int=\count97
\c__fp_big_trailing_shift_int=\count98
\c__fp_Bigg_leading_shift_int=\count99
\c__fp_Bigg_middle_shift_int=\count100
\c__fp_Bigg_trailing_shift_int=\count101
\c__fp_rand_size_int=\count102
\c__fp_rand_four_int=\count103
\c__fp_rand_eight_int=\count104
\l__sort_length_int=\count105
\l__sort_min_int=\count106
\l__sort_top_int=\count107
\l__sort_max_int=\count108
\l__sort_true_max_int=\count109
\l__sort_block_int=\count110
\l__sort_begin_int=\count111
\l__sort_end_int=\count112
\l__sort_A_int=\count113
\l__sort_B_int=\count114
\l__sort_C_int=\count115
\l__tl_build_start_index_int=\count116
\l__tl_build_index_int=\count117
\l__tl_analysis_normal_int=\count118
\l__tl_analysis_index_int=\count119
\l__tl_analysis_nesting_int=\count120
\l__tl_analysis_type_int=\count121
\l__regex_internal_a_int=\count122
\l__regex_internal_b_int=\count123
\l__regex_internal_c_int=\count124
\l__regex_balance_int=\count125
\l__regex_group_level_int=\count126
\l__regex_mode_int=\count127
\c__regex_cs_in_class_mode_int=\count128
\c__regex_cs_mode_int=\count129
\l__regex_catcodes_int=\count130
\l__regex_default_catcodes_int=\count131
\c__regex_catcode_D_int=\count132
\c__regex_catcode_S_int=\count133
\c__regex_catcode_L_int=\count134
\c__regex_catcode_O_int=\count135
\c__regex_catcode_A_int=\count136
\c__regex_all_catcodes_int=\count137
\l__regex_show_lines_int=\count138
\l__regex_min_state_int=\count139
\l__regex_max_state_int=\count140
\l__regex_left_state_int=\count141
\l__regex_right_state_int=\count142
\l__regex_capturing_group_int=\count143
\l__regex_min_pos_int=\count144
\l__regex_max_pos_int=\count145
\l__regex_curr_pos_int=\count146
\l__regex_start_pos_int=\count147
\l__regex_success_pos_int=\count148
\l__regex_curr_char_int=\count149
\l__regex_curr_catcode_int=\count150
\l__regex_last_char_int=\count151
\l__regex_case_changed_char_int=\count152
\l__regex_curr_state_int=\count153
\l__regex_step_int=\count154
\l__regex_min_active_int=\count155
\l__regex_max_active_int=\count156
\l__regex_replacement_csnames_int=\count157
\l__regex_match_count_int=\count158
\l__regex_min_submatch_int=\count159
\l__regex_submatch_int=\count160
\l__regex_zeroth_submatch_int=\count161
\g__regex_trace_regex_int=\count162
\c_empty_box=\box26
\l_tmpa_box=\box27
\l_tmpb_box=\box28
\g_tmpa_box=\box29
\g_tmpb_box=\box30
\l__box_top_dim=\dimen108
\l__box_bottom_dim=\dimen109
\l__box_left_dim=\dimen110
\l__box_right_dim=\dimen111
\l__box_top_new_dim=\dimen112
\l__box_bottom_new_dim=\dimen113
\l__box_left_new_dim=\dimen114
\l__box_right_new_dim=\dimen115
\l__box_internal_box=\box31
\l__coffin_internal_box=\box32
\l__coffin_internal_dim=\dimen116
\l__coffin_offset_x_dim=\dimen117
\l__coffin_offset_y_dim=\dimen118
\l__coffin_x_dim=\dimen119
\l__coffin_y_dim=\dimen120
\l__coffin_x_prime_dim=\dimen121
\l__coffin_y_prime_dim=\dimen122
\c_empty_coffin=\box33
\l__coffin_aligned_coffin=\box34
\l__coffin_aligned_internal_coffin=\box35
\l_tmpa_coffin=\box36
\l_tmpb_coffin=\box37
\l__coffin_display_coffin=\box38
\l__coffin_display_coord_coffin=\box39
\l__coffin_display_pole_coffin=\box40
\l__coffin_display_offset_dim=\dimen123
\l__coffin_display_x_dim=\dimen124
\l__coffin_display_y_dim=\dimen125
\l__coffin_bounding_shift_dim=\dimen126
\l__coffin_left_corner_dim=\dimen127
\l__coffin_right_corner_dim=\dimen128
\l__coffin_bottom_corner_dim=\dimen129
\l__coffin_top_corner_dim=\dimen130
\l__coffin_scaled_total_height_dim=\dimen131
\l__coffin_scaled_width_dim=\dimen132
)
(/usr/share/texlive/texmf-dist/tex/latex/l3kernel/l3pdfmode.def
File: l3pdfmode.def 2017/03/18 v L3 Experimental driver: PDF mode
\l__driver_color_stack_int=\count163
\l__driver_tmp_box=\box41
))
Package: xparse 2018/02/21 L3 Experimental document command parser
\l__xparse_current_arg_int=\count164
\g__xparse_grabber_int=\count165
\l__xparse_m_args_int=\count166
\l__xparse_mandatory_args_int=\count167
\l__xparse_v_nesting_int=\count168
)
(/usr/share/texlive/texmf-dist/tex/latex/base/book.cls
Document Class: book 2014/09/29 v1.4h Standard LaTeX document class
(/usr/share/texlive/texmf-dist/tex/latex/base/bk12.clo
File: bk12.clo 2014/09/29 v1.4h Standard LaTeX file (size option)
)
\c@part=\count169
\c@chapter=\count170
\c@section=\count171
\c@subsection=\count172
\c@subsubsection=\count173
\c@paragraph=\count174
\c@subparagraph=\count175
\c@figure=\count176
\c@table=\count177
\abovecaptionskip=\skip47
\belowcaptionskip=\skip48
\bibindent=\dimen133
)
.................................................
. LaTeX info: "xparse/define-command"
. 
. Defining command \addchap with sig. ' s o m ' on line 134.
.................................................
.................................................
. LaTeX info: "xparse/define-command"
. 
. Defining command \addsec with sig. ' s o m ' on line 149.
.................................................

(/usr/share/texlive/texmf-dist/tex/generic/babel/babel.sty
Package: babel 2018/02/14 3.18 The Babel package

(/usr/share/texlive/texmf-dist/tex/generic/babel/switch.def
File: switch.def 2018/02/14 3.18 Babel switching mechanism
)
(/usr/share/texlive/texmf-dist/tex/generic/babel-english/english.ldf
Language: english 2017/06/06 v3.3r English support from the babel system

(/usr/share/texlive/texmf-dist/tex/generic/babel/babel.def
File: babel.def 2018/02/14 3.18 Babel common definitions
\babel@savecnt=\count178
\U@D=\dimen134

(/usr/share/texlive/texmf-dist/tex/generic/babel/txtbabel.def)
\bbl@dirlevel=\count179
)
\l@canadian = a dialect from \language\l@american 
\l@australian = a dialect from \language\l@british 
\l@newzealand = a dialect from \language\l@british 
))
(/usr/share/texlive/texmf-dist/tex/latex/koma-script/scrbase.sty
Package: scrbase 2017/09/07 v3.24 KOMA-Script package (KOMA-Script-independent 
basics and keyval usage)

(/usr/share/texlive/texmf-dist/tex/latex/graphics/keyval.sty
Package: keyval 2014/10/28 v1.15 key=value parser (DPC)
\KV@toks@=\toks14
)
(/usr/share/texlive/texmf-dist/tex/latex/koma-script/scrlfile.sty
Package: scrlfile 2017/09/07 v3.24 KOMA-Script package (loading files)
))
(/usr/share/texlive/texmf-dist/tex/latex/koma-script/scrhack.sty
Package: scrhack 2017/09/07 v3.24 KOMA-Script package 

(/usr/share/texlive/texmf-dist/tex/latex/koma-script/scrkbase.sty
Package: scrkbase 2017/09/07 v3.24 KOMA-Script package (KOMA-Script-dependent b
asics and keyval usage)
)
(/usr/share/texlive/texmf-dist/tex/latex/xpatch/xpatch.sty
Package: xpatch 2012/10/02 v0.3 Extending etoolbox patching commands
.................................................
. LaTeX info: "xparse/define-command"
. 
. Defining command \xpatchcmd with sig. '' on line 125.
.................................................
.................................................
. LaTeX info: "xparse/define-command"
. 
. Defining command \xpretocmd with sig. '' on line 126.
.................................................
.................................................
. LaTeX info: "xparse/define-command"
. 
. Defining command \xapptocmd with sig. '' on line 127.
.................................................
.................................................
. LaTeX info: "xparse/define-command"
. 
. Defining command \xshowcmd with sig. '' on line 128.
.................................................
.................................................
. LaTeX info: "xparse/define-command"
. 
. Defining command \xpatchbibmacro with sig. 'm' on line 131.
.................................................
.................................................
. LaTeX info: "xparse/define-command"
. 
. Defining command \xpretobibmacro with sig. 'm' on line 133.
.................................................
.................................................
. LaTeX info: "xparse/define-command"
. 
. Defining command \xapptobibmacro with sig. 'm' on line 135.
.................................................
.................................................
. LaTeX info: "xparse/define-command"
. 
. Defining command \xshowbibmacro with sig. 'm' on line 137.
.................................................
.................................................
. LaTeX info: "xparse/define-command"
. 
. Defining command \xpatchfieldformat with sig. 'O{*}m' on line 139.
.................................................
.................................................
. LaTeX info: "xparse/define-command"
. 
. Defining command \xpretofieldformat with sig. 'O{*}m' on line 141.
.................................................
.................................................
. LaTeX info: "xparse/define-command"
. 
. Defining command \xapptofieldformat with sig. 'O{*}m' on line 143.
.................................................
.................................................
. LaTeX info: "xparse/define-command"
. 
. Defining command \xshowfieldformat with sig. 'O{*}m' on line 145.
.................................................
.................................................
. LaTeX info: "xparse/define-command"
. 
. Defining command \xpatchnameformat with sig. 'O{*}m' on line 147.
.................................................
.................................................
. LaTeX info: "xparse/define-command"
. 
. Defining command \xpretonameformat with sig. 'O{*}m' on line 149.
.................................................
.................................................
. LaTeX info: "xparse/define-command"
. 
. Defining command \xapptonameformat with sig. 'O{*}m' on line 151.
.................................................
.................................................
. LaTeX info: "xparse/define-command"
. 
. Defining command \xshownameformat with sig. 'O{*}m' on line 153.
.................................................
.................................................
. LaTeX info: "xparse/define-command"
. 
. Defining command \xpatchlistformat with sig. 'O{*}m' on line 155.
.................................................
.................................................
. LaTeX info: "xparse/define-command"
. 
. Defining command \xpretolistformat with sig. 'O{*}m' on line 157.
.................................................
.................................................
. LaTeX info: "xparse/define-command"
. 
. Defining command \xapptolistformat with sig. 'O{*}m' on line 159.
.................................................
.................................................
. LaTeX info: "xparse/define-command"
. 
. Defining command \xshowlistformat with sig. 'O{*}m' on line 161.
.................................................
.................................................
. LaTeX info: "xparse/define-command"
. 
. Defining command \xpatchindexfieldformat with sig. 'O{*}m' on line 163.
.................................................
.................................................
. LaTeX info: "xparse/define-command"
. 
. Defining command \xpretoindexfieldformat with sig. 'O{*}m' on line 165.
.................................................
.................................................
. LaTeX info: "xparse/define-command"
. 
. Defining command \xapptoindexfieldformat with sig. 'O{*}m' on line 167.
.................................................
.................................................
. LaTeX info: "xparse/define-command"
. 
. Defining command \xshowindexfieldformat with sig. 'O{*}m' on line 169.
.................................................
.................................................
. LaTeX info: "xparse/define-command"
. 
. Defining command \xpatchindexnameformat with sig. 'O{*}m' on line 171.
.................................................
.................................................
. LaTeX info: "xparse/define-command"
. 
. Defining command \xpretoindexnameformat with sig. 'O{*}m' on line 173.
.................................................
.................................................
. LaTeX info: "xparse/define-command"
. 
. Defining command \xapptoindexnameformat with sig. 'O{*}m' on line 175.
.................................................
.................................................
. LaTeX info: "xparse/define-command"
. 
. Defining command \xshowindexnameformat with sig. 'O{*}m' on line 177.
.................................................
.................................................
. LaTeX info: "xparse/define-command"
. 
. Defining command \xpatchindexlistformat with sig. 'O{*}m' on line 179.
.................................................
.................................................
. LaTeX info: "xparse/define-command"
. 
. Defining command \xpretoindexlistformat with sig. 'O{*}m' on line 181.
.................................................
.................................................
. LaTeX info: "xparse/define-command"
. 
. Defining command \xappindextolistformat with sig. 'O{*}m' on line 183.
.................................................
.................................................
. LaTeX info: "xparse/define-command"
. 
. Defining command \xshowindexlistformat with sig. 'O{*}m' on line 185.
.................................................
.................................................
. LaTeX info: "xparse/define-command"
. 
. Defining command \xpatchbibdriver with sig. 'm' on line 187.
.................................................
.................................................
. LaTeX info: "xparse/define-command"
. 
. Defining command \xpretobibdriver with sig. 'm' on line 189.
.................................................
.................................................
. LaTeX info: "xparse/define-command"
. 
. Defining command \xapptobibdriver with sig. 'm' on line 191.
.................................................
.................................................
. LaTeX info: "xparse/define-command"
. 
. Defining command \xshowbibdriver with sig. 'm' on line 193.
.................................................
))
(/usr/share/texlive/texmf-dist/tex/latex/setspace/setspace.sty
Package: setspace 2011/12/19 v6.7a set line spacing
)
Package scrhack Info: loading setspace hack on input line 162.

(/usr/share/texlive/texmf-dist/tex/latex/koma-script/setspace.hak
File: setspace.hak 2017/09/07 v3.24 KOMA-Script package (hacking package setspa
ce)
)
(/usr/share/texlive/texmf-dist/tex/latex/tools/longtable.sty
Package: longtable 2014/10/28 v4.11 Multi-page Table package (DPC)
\LTleft=\skip49
\LTright=\skip50
\LTpre=\skip51
\LTpost=\skip52
\LTchunksize=\count180
\LTcapwidth=\dimen135
\LT@head=\box42
\LT@firsthead=\box43
\LT@foot=\box44
\LT@lastfoot=\box45
\LT@cols=\count181
\LT@rows=\count182
\c@LT@tables=\count183
\c@LT@chunks=\count184
\LT@p@ftn=\toks15
)
(/usr/share/texlive/texmf-dist/tex/latex/siunitx/siunitx.sty
Package: siunitx 2017/11/26 v2.7k A comprehensive (SI) units package

(/usr/share/texlive/texmf-dist/tex/latex/amsmath/amstext.sty
Package: amstext 2000/06/29 v2.01 AMS text

(/usr/share/texlive/texmf-dist/tex/latex/amsmath/amsgen.sty
File: amsgen.sty 1999/11/30 v2.0 generic functions
\@emptytoks=\toks16
\ex@=\dimen136
))
(/usr/share/texlive/texmf-dist/tex/latex/tools/array.sty
Package: array 2016/10/06 v2.4d Tabular extension package (FMi)
\col@sep=\dimen137
\extrarowheight=\dimen138
\NC@list=\toks17
\extratabsurround=\skip53
\backup@length=\skip54
)
(/usr/share/texlive/texmf-dist/tex/latex/l3packages/l3keys2e/l3keys2e.sty
Package: l3keys2e 2018/02/21 LaTeX2e option processing using LaTeX3 keys
)
\l__siunitx_tmp_box=\box46
\l__siunitx_tmp_dim=\dimen139
\l__siunitx_tmp_int=\count185
\l__siunitx_number_mantissa_length_int=\count186
\l__siunitx_number_uncert_length_int=\count187
\l__siunitx_round_int=\count188
\l__siunitx_process_decimal_int=\count189
\l__siunitx_process_uncertainty_int=\count190
\l__siunitx_process_fixed_int=\count191
\l__siunitx_process_integer_min_int=\count192
\l__siunitx_process_precision_int=\count193
\l__siunitx_group_min_int=\count194
\l__siunitx_angle_marker_box=\box47
\l__siunitx_angle_unit_box=\box48
\l__siunitx_angle_marker_dim=\dimen140
\l__siunitx_angle_unit_dim=\dimen141
\l__siunitx_unit_int=\count195
\l__siunitx_unit_denominator_int=\count196
\l__siunitx_unit_numerator_int=\count197
\l__siunitx_unit_prefix_int=\count198
\l__siunitx_unit_prefix_base_int=\count199
\l__siunitx_unit_prefix_gram_int=\count266
\l__siunitx_number_product_int=\count267
\c__siunitx_one_fill_skip=\skip55
\l__siunitx_table_unit_align_skip=\skip56
\l__siunitx_table_exponent_dim=\dimen142
\l__siunitx_table_integer_dim=\dimen143
\l__siunitx_table_mantissa_dim=\dimen144
\l__siunitx_table_marker_dim=\dimen145
\l__siunitx_table_result_dim=\dimen146
\l__siunitx_table_uncert_dim=\dimen147
\l__siunitx_table_fill_pre_dim=\dimen148
\l__siunitx_table_fill_post_dim=\dimen149
\l__siunitx_table_fill_mid_dim=\dimen150
\l__siunitx_table_pre_box=\box49
\l__siunitx_table_post_box=\box50
\l__siunitx_table_mantissa_box=\box51
\l__siunitx_table_result_box=\box52
\l__siunitx_table_number_align_skip=\skip57
\l__siunitx_table_text_align_skip=\skip58
.................................................
. LaTeX info: "xparse/define-command"
. 
. Defining command \DeclareBinaryPrefix with sig. 'mmm' on line 7250.
.................................................
.................................................
. LaTeX info: "xparse/define-command"
. 
. Defining command \DeclareSIPostPower with sig. 'mm' on line 7253.
.................................................
.................................................
. LaTeX info: "xparse/define-command"
. 
. Defining command \DeclareSIPrefix with sig. 'mmm' on line 7256.
.................................................
.................................................
. LaTeX info: "xparse/define-command"
. 
. Defining command \DeclareSIPrePower with sig. 'mm' on line 7259.
.................................................
.................................................
. LaTeX info: "xparse/define-command"
. 
. Defining command \DeclareSIQualifier with sig. 'mm' on line 7262.
.................................................
.................................................
. LaTeX info: "xparse/define-command"
. 
. Defining command \DeclareSIUnit with sig. 'O{}mm' on line 7265.
.................................................
.................................................
. LaTeX info: "xparse/define-command"
. 
. Defining command \DeclareSIUnitWithOptions with sig. 'mmm' on line 7268.
.................................................
.................................................
. LaTeX info: "xparse/define-command"
. 
. Defining command \ang with sig. 'o>{\SplitArgument {2}{;}}m' on line 7283.
.................................................
.................................................
. LaTeX info: "xparse/define-command"
. 
. Defining command \num with sig. 'om' on line 7292.
.................................................
.................................................
. LaTeX info: "xparse/define-command"
. 
. Defining command \numlist with sig. 'o>{\SplitList {;}}m' on line 7301.
.................................................
.................................................
. LaTeX info: "xparse/define-command"
. 
. Defining command \numrange with sig. 'omm' on line 7310.
.................................................
.................................................
. LaTeX info: "xparse/define-command"
. 
. Defining command \SIlist with sig. 'o>{\SplitList {;}}mm' on line 7322.
.................................................
.................................................
. LaTeX info: "xparse/define-command"
. 
. Defining command \SIrange with sig. 'ommm' on line 7334.
.................................................
.................................................
. LaTeX info: "xparse/define-command"
. 
. Defining command \SI with sig. 'omom' on line 7346.
.................................................
.................................................
. LaTeX info: "xparse/define-command"
. 
. Defining command \sisetup with sig. 'm' on line 7349.
.................................................
.................................................
. LaTeX info: "xparse/define-command"
. 
. Defining command \tablenum with sig. 'om' on line 7364.
.................................................
.................................................
. LaTeX info: "xparse/define-command"
. 
. Defining command \si with sig. 'om' on line 7376.
.................................................
.................................................
. LaTeX info: "xparse/define-command"
. 
. Defining command \numInBookmark with sig. 'om' on line 7423.
.................................................
.................................................
. LaTeX info: "xparse/define-command"
. 
. Defining command \numrangeInBookmark with sig. 'omm' on line 7425.
.................................................
.................................................
. LaTeX info: "xparse/define-command"
. 
. Defining command \SIInBookmark with sig. 'omom' on line 7427.
.................................................
.................................................
. LaTeX info: "xparse/define-command"
. 
. Defining command \SIlistInBookmark with sig. 'omm' on line 7429.
.................................................
.................................................
. LaTeX info: "xparse/define-command"
. 
. Defining command \SIrangeInBookmark with sig. 'ommm' on line 7431.
.................................................
.................................................
. LaTeX info: "xparse/define-command"
. 
. Defining command \siInBookmark with sig. 'om' on line 7432.
.................................................
\g__file_internal_ior=\read1

(/usr/share/texlive/texmf-dist/tex/latex/translator/translator.sty
Package: translator 2018/01/04 v1.12 Easy translation of strings in LaTeX
))
(/usr/share/texlive/texmf-dist/tex/latex/graphics/graphicx.sty
Package: graphicx 2017/06/01 v1.1a Enhanced LaTeX Graphics (DPC,SPQR)

(/usr/share/texlive/texmf-dist/tex/latex/graphics/graphics.sty
Package: graphics 2017/06/25 v1.2c Standard LaTeX Graphics (DPC,SPQR)

(/usr/share/texlive/texmf-dist/tex/latex/graphics/trig.sty
Package: trig 2016/01/03 v1.10 sin cos tan (DPC)
)
(/usr/share/texlive/texmf-dist/tex/latex/graphics-cfg/graphics.cfg
File: graphics.cfg 2016/06/04 v1.11 sample graphics configuration
)
Package graphics Info: Driver file: pdftex.def on input line 99.

(/usr/share/texlive/texmf-dist/tex/latex/graphics-def/pdftex.def
File: pdftex.def 2018/01/08 v1.0l Graphics/color driver for pdftex
))
\Gin@req@height=\dimen151
\Gin@req@width=\dimen152
)
(/usr/share/texlive/texmf-dist/tex/latex/booktabs/booktabs.sty
Package: booktabs 2016/04/27 v1.618033 publication quality tables
\heavyrulewidth=\dimen153
\lightrulewidth=\dimen154
\cmidrulewidth=\dimen155
\belowrulesep=\dimen156
\belowbottomsep=\dimen157
\aboverulesep=\dimen158
\abovetopsep=\dimen159
\cmidrulesep=\dimen160
\cmidrulekern=\dimen161
\defaultaddspace=\dimen162
\@cmidla=\count268
\@cmidlb=\count269
\@aboverulesep=\dimen163
\@belowrulesep=\dimen164
\@thisruleclass=\count270
\@lastruleclass=\count271
\@thisrulewidth=\dimen165
)
(/usr/share/texlive/texmf-dist/tex/latex/caption/caption.sty
Package: caption 2016/02/21 v3.3-144 Customizing captions (AR)

(/usr/share/texlive/texmf-dist/tex/latex/caption/caption3.sty
Package: caption3 2016/05/22 v1.7-166 caption3 kernel (AR)
Package caption3 Info: TeX engine: e-TeX on input line 67.
\captionmargin=\dimen166
\captionmargin@=\dimen167
\captionwidth=\dimen168
\caption@tempdima=\dimen169
\caption@indent=\dimen170
\caption@parindent=\dimen171
\caption@hangindent=\dimen172
)
\c@ContinuedFloat=\count272
Package caption Info: longtable package is loaded.

(/usr/share/texlive/texmf-dist/tex/latex/caption/ltcaption.sty
Package: ltcaption 2013/06/09 v1.4-94 longtable captions (AR)
))
(/usr/share/texlive/texmf-dist/tex/latex/geometry/geometry.sty
Package: geometry 2010/09/12 v5.6 Page Geometry

(/usr/share/texlive/texmf-dist/tex/generic/oberdiek/ifpdf.sty
Package: ifpdf 2017/03/15 v3.2 Provides the ifpdf switch
)
(/usr/share/texlive/texmf-dist/tex/generic/oberdiek/ifvtex.sty
Package: ifvtex 2016/05/16 v1.6 Detect VTeX and its facilities (HO)
Package ifvtex Info: VTeX not detected.
)
(/usr/share/texlive/texmf-dist/tex/generic/ifxetex/ifxetex.sty
Package: ifxetex 2010/09/12 v0.6 Provides ifxetex conditional
)
\Gm@cnth=\count273
\Gm@cntv=\count274
\c@Gm@tempcnt=\count275
\Gm@bindingoffset=\dimen173
\Gm@wd@mp=\dimen174
\Gm@odd@mp=\dimen175
\Gm@even@mp=\dimen176
\Gm@layoutwidth=\dimen177
\Gm@layoutheight=\dimen178
\Gm@layouthoffset=\dimen179
\Gm@layoutvoffset=\dimen180
\Gm@dimlist=\toks18
)
(/usr/share/texlive/texmf-dist/tex/latex/koma-script/scrlayer-scrpage.sty
Package: scrlayer-scrpage 2017/09/07 v3.24 KOMA-Script package (end user interf
ace for scrlayer)

(/usr/share/texlive/texmf-dist/tex/latex/koma-script/scrlayer.sty
Package: scrlayer 2017/09/07 v3.24 KOMA-Script package (defining layers and pag
e styles)
\footheight=\skip59
Package scrlayer Info: patching LaTeX kernel macro \pagestyle on input line 199
7.
)
Package scrbase Info: Unknown processing state.
(scrbase)             Processing option `markcase=used'
(scrbase)             of member `.scrlayer-scrpage.sty' of family
(scrbase)             `KOMA' doesn't set
(scrbase)             a valid state. This will be interpreted
(scrbase)             as \FamilyKeyStateProcessed on input line 717.
)
Package scrlayer-scrpage Info: auto-selection of `pagestyleset=standard'.

1: chapter
1: chapter
1: section
.................................................
. LaTeX info: "xparse/define-environment"
. 
. Defining environment 'abbreviations' with sig. ' m ' on line 351.
.................................................
.................................................
. LaTeX info: "xparse/define-environment"
. 
. Defining environment 'constants' with sig. ' m ' on line 369.
.................................................
.................................................
. LaTeX info: "xparse/define-environment"
. 
. Defining environment 'symbols' with sig. ' m ' on line 387.
.................................................
.................................................
. LaTeX info: "xparse/define-environment"
. 
. Defining environment 'acknowledgements' with sig. '' on line 405.
.................................................
) (/usr/share/texlive/texmf-dist/tex/latex/base/inputenc.sty
Package: inputenc 2015/03/17 v1.2c Input encoding file
\inpenc@prehook=\toks19
\inpenc@posthook=\toks20

(/usr/share/texlive/texmf-dist/tex/latex/base/utf8.def
File: utf8.def 2017/01/28 v1.1t UTF-8 support for inputenc
Now handling font encoding OML ...
... no UTF-8 mapping file for font encoding OML
Now handling font encoding T1 ...
... processing UTF-8 mapping file for font encoding T1

(/usr/share/texlive/texmf-dist/tex/latex/base/t1enc.dfu
File: t1enc.dfu 2017/01/28 v1.1t UTF-8 support for inputenc
   defining Unicode char U+00A0 (decimal 160)
   defining Unicode char U+00A1 (decimal 161)
   defining Unicode char U+00A3 (decimal 163)
   defining Unicode char U+00AB (decimal 171)
   defining Unicode char U+00AD (decimal 173)
   defining Unicode char U+00BB (decimal 187)
   defining Unicode char U+00BF (decimal 191)
   defining Unicode char U+00C0 (decimal 192)
   defining Unicode char U+00C1 (decimal 193)
   defining Unicode char U+00C2 (decimal 194)
   defining Unicode char U+00C3 (decimal 195)
   defining Unicode char U+00C4 (decimal 196)
   defining Unicode char U+00C5 (decimal 197)
   defining Unicode char U+00C6 (decimal 198)
   defining Unicode char U+00C7 (decimal 199)
   defining Unicode char U+00C8 (decimal 200)
   defining Unicode char U+00C9 (decimal 201)
   defining Unicode char U+00CA (decimal 202)
   defining Unicode char U+00CB (decimal 203)
   defining Unicode char U+00CC (decimal 204)
   defining Unicode char U+00CD (decimal 205)
   defining Unicode char U+00CE (decimal 206)
   defining Unicode char U+00CF (decimal 207)
   defining Unicode char U+00D0 (decimal 208)
   defining Unicode char U+00D1 (decimal 209)
   defining Unicode char U+00D2 (decimal 210)
   defining Unicode char U+00D3 (decimal 211)
   defining Unicode char U+00D4 (decimal 212)
   defining Unicode char U+00D5 (decimal 213)
   defining Unicode char U+00D6 (decimal 214)
   defining Unicode char U+00D8 (decimal 216)
   defining Unicode char U+00D9 (decimal 217)
   defining Unicode char U+00DA (decimal 218)
   defining Unicode char U+00DB (decimal 219)
   defining Unicode char U+00DC (decimal 220)
   defining Unicode char U+00DD (decimal 221)
   defining Unicode char U+00DE (decimal 222)
   defining Unicode char U+00DF (decimal 223)
   defining Unicode char U+00E0 (decimal 224)
   defining Unicode char U+00E1 (decimal 225)
   defining Unicode char U+00E2 (decimal 226)
   defining Unicode char U+00E3 (decimal 227)
   defining Unicode char U+00E4 (decimal 228)
   defining Unicode char U+00E5 (decimal 229)
   defining Unicode char U+00E6 (decimal 230)
   defining Unicode char U+00E7 (decimal 231)
   defining Unicode char U+00E8 (decimal 232)
   defining Unicode char U+00E9 (decimal 233)
   defining Unicode char U+00EA (decimal 234)
   defining Unicode char U+00EB (decimal 235)
   defining Unicode char U+00EC (decimal 236)
   defining Unicode char U+00ED (decimal 237)
   defining Unicode char U+00EE (decimal 238)
   defining Unicode char U+00EF (decimal 239)
   defining Unicode char U+00F0 (decimal 240)
   defining Unicode char U+00F1 (decimal 241)
   defining Unicode char U+00F2 (decimal 242)
   defining Unicode char U+00F3 (decimal 243)
   defining Unicode char U+00F4 (decimal 244)
   defining Unicode char U+00F5 (decimal 245)
   defining Unicode char U+00F6 (decimal 246)
   defining Unicode char U+00F8 (decimal 248)
   defining Unicode char U+00F9 (decimal 249)
   defining Unicode char U+00FA (decimal 250)
   defining Unicode char U+00FB (decimal 251)
   defining Unicode char U+00FC (decimal 252)
   defining Unicode char U+00FD (decimal 253)
   defining Unicode char U+00FE (decimal 254)
   defining Unicode char U+00FF (decimal 255)
   defining Unicode char U+0100 (decimal 256)
   defining Unicode char U+0101 (decimal 257)
   defining Unicode char U+0102 (decimal 258)
   defining Unicode char U+0103 (decimal 259)
   defining Unicode char U+0104 (decimal 260)
   defining Unicode char U+0105 (decimal 261)
   defining Unicode char U+0106 (decimal 262)
   defining Unicode char U+0107 (decimal 263)
   defining Unicode char U+0108 (decimal 264)
   defining Unicode char U+0109 (decimal 265)
   defining Unicode char U+010A (decimal 266)
   defining Unicode char U+010B (decimal 267)
   defining Unicode char U+010C (decimal 268)
   defining Unicode char U+010D (decimal 269)
   defining Unicode char U+010E (decimal 270)
   defining Unicode char U+010F (decimal 271)
   defining Unicode char U+0110 (decimal 272)
   defining Unicode char U+0111 (decimal 273)
   defining Unicode char U+0112 (decimal 274)
   defining Unicode char U+0113 (decimal 275)
   defining Unicode char U+0114 (decimal 276)
   defining Unicode char U+0115 (decimal 277)
   defining Unicode char U+0116 (decimal 278)
   defining Unicode char U+0117 (decimal 279)
   defining Unicode char U+0118 (decimal 280)
   defining Unicode char U+0119 (decimal 281)
   defining Unicode char U+011A (decimal 282)
   defining Unicode char U+011B (decimal 283)
   defining Unicode char U+011C (decimal 284)
   defining Unicode char U+011D (decimal 285)
   defining Unicode char U+011E (decimal 286)
   defining Unicode char U+011F (decimal 287)
   defining Unicode char U+0120 (decimal 288)
   defining Unicode char U+0121 (decimal 289)
   defining Unicode char U+0122 (decimal 290)
   defining Unicode char U+0123 (decimal 291)
   defining Unicode char U+0124 (decimal 292)
   defining Unicode char U+0125 (decimal 293)
   defining Unicode char U+0128 (decimal 296)
   defining Unicode char U+0129 (decimal 297)
   defining Unicode char U+012A (decimal 298)
   defining Unicode char U+012B (decimal 299)
   defining Unicode char U+012C (decimal 300)
   defining Unicode char U+012D (decimal 301)
   defining Unicode char U+012E (decimal 302)
   defining Unicode char U+012F (decimal 303)
   defining Unicode char U+0130 (decimal 304)
   defining Unicode char U+0131 (decimal 305)
   defining Unicode char U+0132 (decimal 306)
   defining Unicode char U+0133 (decimal 307)
   defining Unicode char U+0134 (decimal 308)
   defining Unicode char U+0135 (decimal 309)
   defining Unicode char U+0136 (decimal 310)
   defining Unicode char U+0137 (decimal 311)
   defining Unicode char U+0139 (decimal 313)
   defining Unicode char U+013A (decimal 314)
   defining Unicode char U+013B (decimal 315)
   defining Unicode char U+013C (decimal 316)
   defining Unicode char U+013D (decimal 317)
   defining Unicode char U+013E (decimal 318)
   defining Unicode char U+0141 (decimal 321)
   defining Unicode char U+0142 (decimal 322)
   defining Unicode char U+0143 (decimal 323)
   defining Unicode char U+0144 (decimal 324)
   defining Unicode char U+0145 (decimal 325)
   defining Unicode char U+0146 (decimal 326)
   defining Unicode char U+0147 (decimal 327)
   defining Unicode char U+0148 (decimal 328)
   defining Unicode char U+014A (decimal 330)
   defining Unicode char U+014B (decimal 331)
   defining Unicode char U+014C (decimal 332)
   defining Unicode char U+014D (decimal 333)
   defining Unicode char U+014E (decimal 334)
   defining Unicode char U+014F (decimal 335)
   defining Unicode char U+0150 (decimal 336)
   defining Unicode char U+0151 (decimal 337)
   defining Unicode char U+0152 (decimal 338)
   defining Unicode char U+0153 (decimal 339)
   defining Unicode char U+0154 (decimal 340)
   defining Unicode char U+0155 (decimal 341)
   defining Unicode char U+0156 (decimal 342)
   defining Unicode char U+0157 (decimal 343)
   defining Unicode char U+0158 (decimal 344)
   defining Unicode char U+0159 (decimal 345)
   defining Unicode char U+015A (decimal 346)
   defining Unicode char U+015B (decimal 347)
   defining Unicode char U+015C (decimal 348)
   defining Unicode char U+015D (decimal 349)
   defining Unicode char U+015E (decimal 350)
   defining Unicode char U+015F (decimal 351)
   defining Unicode char U+0160 (decimal 352)
   defining Unicode char U+0161 (decimal 353)
   defining Unicode char U+0162 (decimal 354)
   defining Unicode char U+0163 (decimal 355)
   defining Unicode char U+0164 (decimal 356)
   defining Unicode char U+0165 (decimal 357)
   defining Unicode char U+0168 (decimal 360)
   defining Unicode char U+0169 (decimal 361)
   defining Unicode char U+016A (decimal 362)
   defining Unicode char U+016B (decimal 363)
   defining Unicode char U+016C (decimal 364)
   defining Unicode char U+016D (decimal 365)
   defining Unicode char U+016E (decimal 366)
   defining Unicode char U+016F (decimal 367)
   defining Unicode char U+0170 (decimal 368)
   defining Unicode char U+0171 (decimal 369)
   defining Unicode char U+0172 (decimal 370)
   defining Unicode char U+0173 (decimal 371)
   defining Unicode char U+0174 (decimal 372)
   defining Unicode char U+0175 (decimal 373)
   defining Unicode char U+0176 (decimal 374)
   defining Unicode char U+0177 (decimal 375)
   defining Unicode char U+0178 (decimal 376)
   defining Unicode char U+0179 (decimal 377)
   defining Unicode char U+017A (decimal 378)
   defining Unicode char U+017B (decimal 379)
   defining Unicode char U+017C (decimal 380)
   defining Unicode char U+017D (decimal 381)
   defining Unicode char U+017E (decimal 382)
   defining Unicode char U+01CD (decimal 461)
   defining Unicode char U+01CE (decimal 462)
   defining Unicode char U+01CF (decimal 463)
   defining Unicode char U+01D0 (decimal 464)
   defining Unicode char U+01D1 (decimal 465)
   defining Unicode char U+01D2 (decimal 466)
   defining Unicode char U+01D3 (decimal 467)
   defining Unicode char U+01D4 (decimal 468)
   defining Unicode char U+01E2 (decimal 482)
   defining Unicode char U+01E3 (decimal 483)
   defining Unicode char U+01E6 (decimal 486)
   defining Unicode char U+01E7 (decimal 487)
   defining Unicode char U+01E8 (decimal 488)
   defining Unicode char U+01E9 (decimal 489)
   defining Unicode char U+01EA (decimal 490)
   defining Unicode char U+01EB (decimal 491)
   defining Unicode char U+01F0 (decimal 496)
   defining Unicode char U+01F4 (decimal 500)
   defining Unicode char U+01F5 (decimal 501)
   defining Unicode char U+0218 (decimal 536)
   defining Unicode char U+0219 (decimal 537)
   defining Unicode char U+021A (decimal 538)
   defining Unicode char U+021B (decimal 539)
   defining Unicode char U+0232 (decimal 562)
   defining Unicode char U+0233 (decimal 563)
   defining Unicode char U+1E02 (decimal 7682)
   defining Unicode char U+1E03 (decimal 7683)
   defining Unicode char U+200C (decimal 8204)
   defining Unicode char U+2010 (decimal 8208)
   defining Unicode char U+2011 (decimal 8209)
   defining Unicode char U+2012 (decimal 8210)
   defining Unicode char U+2013 (decimal 8211)
   defining Unicode char U+2014 (decimal 8212)
   defining Unicode char U+2015 (decimal 8213)
   defining Unicode char U+2018 (decimal 8216)
   defining Unicode char U+2019 (decimal 8217)
   defining Unicode char U+201A (decimal 8218)
   defining Unicode char U+201C (decimal 8220)
   defining Unicode char U+201D (decimal 8221)
   defining Unicode char U+201E (decimal 8222)
   defining Unicode char U+2030 (decimal 8240)
   defining Unicode char U+2031 (decimal 8241)
   defining Unicode char U+2039 (decimal 8249)
   defining Unicode char U+203A (decimal 8250)
   defining Unicode char U+2423 (decimal 9251)
   defining Unicode char U+1E20 (decimal 7712)
   defining Unicode char U+1E21 (decimal 7713)
)
Now handling font encoding OT1 ...
... processing UTF-8 mapping file for font encoding OT1

(/usr/share/texlive/texmf-dist/tex/latex/base/ot1enc.dfu
File: ot1enc.dfu 2017/01/28 v1.1t UTF-8 support for inputenc
   defining Unicode char U+00A0 (decimal 160)
   defining Unicode char U+00A1 (decimal 161)
   defining Unicode char U+00A3 (decimal 163)
   defining Unicode char U+00AD (decimal 173)
   defining Unicode char U+00B8 (decimal 184)
   defining Unicode char U+00BF (decimal 191)
   defining Unicode char U+00C5 (decimal 197)
   defining Unicode char U+00C6 (decimal 198)
   defining Unicode char U+00D8 (decimal 216)
   defining Unicode char U+00DF (decimal 223)
   defining Unicode char U+00E6 (decimal 230)
   defining Unicode char U+00EC (decimal 236)
   defining Unicode char U+00ED (decimal 237)
   defining Unicode char U+00EE (decimal 238)
   defining Unicode char U+00EF (decimal 239)
   defining Unicode char U+00F8 (decimal 248)
   defining Unicode char U+0131 (decimal 305)
   defining Unicode char U+0141 (decimal 321)
   defining Unicode char U+0142 (decimal 322)
   defining Unicode char U+0152 (decimal 338)
   defining Unicode char U+0153 (decimal 339)
   defining Unicode char U+0174 (decimal 372)
   defining Unicode char U+0175 (decimal 373)
   defining Unicode char U+0176 (decimal 374)
   defining Unicode char U+0177 (decimal 375)
   defining Unicode char U+0218 (decimal 536)
   defining Unicode char U+0219 (decimal 537)
   defining Unicode char U+021A (decimal 538)
   defining Unicode char U+021B (decimal 539)
   defining Unicode char U+2013 (decimal 8211)
   defining Unicode char U+2014 (decimal 8212)
   defining Unicode char U+2018 (decimal 8216)
   defining Unicode char U+2019 (decimal 8217)
   defining Unicode char U+201C (decimal 8220)
   defining Unicode char U+201D (decimal 8221)
)
Now handling font encoding OMS ...
... processing UTF-8 mapping file for font encoding OMS

(/usr/share/texlive/texmf-dist/tex/latex/base/omsenc.dfu
File: omsenc.dfu 2017/01/28 v1.1t UTF-8 support for inputenc
   defining Unicode char U+00A7 (decimal 167)
   defining Unicode char U+00B6 (decimal 182)
   defining Unicode char U+00B7 (decimal 183)
   defining Unicode char U+2020 (decimal 8224)
   defining Unicode char U+2021 (decimal 8225)
   defining Unicode char U+2022 (decimal 8226)
)
Now handling font encoding OMX ...
... no UTF-8 mapping file for font encoding OMX
Now handling font encoding U ...
... no UTF-8 mapping file for font encoding U
   defining Unicode char U+00A9 (decimal 169)
   defining Unicode char U+00AA (decimal 170)
   defining Unicode char U+00AE (decimal 174)
   defining Unicode char U+00BA (decimal 186)
   defining Unicode char U+02C6 (decimal 710)
   defining Unicode char U+02DC (decimal 732)
   defining Unicode char U+200C (decimal 8204)
   defining Unicode char U+2026 (decimal 8230)
   defining Unicode char U+2122 (decimal 8482)
   defining Unicode char U+2423 (decimal 9251)
))
(/usr/share/texlive/texmf-dist/tex/latex/base/fontenc.sty
Package: fontenc 2017/04/05 v2.0i Standard LaTeX package

(/usr/share/texlive/texmf-dist/tex/latex/base/t1enc.def
File: t1enc.def 2017/04/05 v2.0i Standard LaTeX file
LaTeX Font Info:    Redeclaring font encoding T1 on input line 48.
))
(/usr/share/texlive/texmf-dist/tex/latex/amsmath/amsmath.sty
Package: amsmath 2017/09/02 v2.17a AMS math features
\@mathmargin=\skip60

For additional information on amsmath, use the `?' option.
(/usr/share/texlive/texmf-dist/tex/latex/amsmath/amsbsy.sty
Package: amsbsy 1999/11/29 v1.2d Bold Symbols
\pmbraise@=\dimen181
)
(/usr/share/texlive/texmf-dist/tex/latex/amsmath/amsopn.sty
Package: amsopn 2016/03/08 v2.02 operator names
)
\inf@bad=\count276
LaTeX Info: Redefining \frac on input line 213.
\uproot@=\count277
\leftroot@=\count278
LaTeX Info: Redefining \overline on input line 375.
\classnum@=\count279
\DOTSCASE@=\count280
LaTeX Info: Redefining \ldots on input line 472.
LaTeX Info: Redefining \dots on input line 475.
LaTeX Info: Redefining \cdots on input line 596.
\Mathstrutbox@=\box53
\strutbox@=\box54
\big@size=\dimen182
LaTeX Font Info:    Redeclaring font encoding OML on input line 712.
LaTeX Font Info:    Redeclaring font encoding OMS on input line 713.
\macc@depth=\count281
\c@MaxMatrixCols=\count282
\dotsspace@=\muskip16
\c@parentequation=\count283
\dspbrk@lvl=\count284
\tag@help=\toks21
\row@=\count285
\column@=\count286
\maxfields@=\count287
\andhelp@=\toks22
\eqnshift@=\dimen183
\alignsep@=\dimen184
\tagshift@=\dimen185
\tagwidth@=\dimen186
\totwidth@=\dimen187
\lineht@=\dimen188
\@envbody=\toks23
\multlinegap=\skip61
\multlinetaggap=\skip62
\mathdisplay@stack=\toks24
LaTeX Info: Redefining \[ on input line 2817.
LaTeX Info: Redefining \] on input line 2818.
)
(/usr/share/texlive/texmf-dist/tex/latex/psnfss/palatino.sty
Package: palatino 2005/04/12 PSNFSS-v9.2a (SPQR) 
)
(/usr/share/texlive/texmf-dist/tex/latex/hyperref/hyperref.sty
Package: hyperref 2018/02/06 v6.86b Hypertext links for LaTeX

(/usr/share/texlive/texmf-dist/tex/generic/oberdiek/hobsub-hyperref.sty
Package: hobsub-hyperref 2016/05/16 v1.14 Bundle oberdiek, subset hyperref (HO)


(/usr/share/texlive/texmf-dist/tex/generic/oberdiek/hobsub-generic.sty
Package: hobsub-generic 2016/05/16 v1.14 Bundle oberdiek, subset generic (HO)
Package: hobsub 2016/05/16 v1.14 Construct package bundles (HO)
Package: infwarerr 2016/05/16 v1.4 Providing info/warning/error messages (HO)
Package: ltxcmds 2016/05/16 v1.23 LaTeX kernel commands for general use (HO)
Package: ifluatex 2016/05/16 v1.4 Provides the ifluatex switch (HO)
Package ifluatex Info: LuaTeX not detected.
Package hobsub Info: Skipping package `ifvtex' (already loaded).
Package: intcalc 2016/05/16 v1.2 Expandable calculations with integers (HO)
Package hobsub Info: Skipping package `ifpdf' (already loaded).
Package: etexcmds 2016/05/16 v1.6 Avoid name clashes with e-TeX commands (HO)
Package etexcmds Info: Could not find \expanded.
(etexcmds)             That can mean that you are not using pdfTeX 1.50 or
(etexcmds)             that some package has redefined \expanded.
(etexcmds)             In the latter case, load this package earlier.
Package: kvsetkeys 2016/05/16 v1.17 Key value parser (HO)
Package: kvdefinekeys 2016/05/16 v1.4 Define keys (HO)
Package: pdftexcmds 2018/01/21 v0.26 Utility functions of pdfTeX for LuaTeX (HO
)
Package pdftexcmds Info: LuaTeX not detected.
Package pdftexcmds Info: \pdf@primitive is available.
Package pdftexcmds Info: \pdf@ifprimitive is available.
Package pdftexcmds Info: \pdfdraftmode found.
Package: pdfescape 2016/05/16 v1.14 Implements pdfTeX's escape features (HO)
Package: bigintcalc 2016/05/16 v1.4 Expandable calculations on big integers (HO
)
Package: bitset 2016/05/16 v1.2 Handle bit-vector datatype (HO)
Package: uniquecounter 2016/05/16 v1.3 Provide unlimited unique counter (HO)
)
Package hobsub Info: Skipping package `hobsub' (already loaded).
Package: letltxmacro 2016/05/16 v1.5 Let assignment for LaTeX macros (HO)
Package: hopatch 2016/05/16 v1.3 Wrapper for package hooks (HO)
Package: xcolor-patch 2016/05/16 xcolor patch
Package: atveryend 2016/05/16 v1.9 Hooks at the very end of document (HO)
Package: atbegshi 2016/06/09 v1.18 At begin shipout hook (HO)
Package: refcount 2016/05/16 v3.5 Data extraction from label references (HO)
Package: hycolor 2016/05/16 v1.8 Color options for hyperref/bookmark (HO)
)
(/usr/share/texlive/texmf-dist/tex/latex/oberdiek/auxhook.sty
Package: auxhook 2016/05/16 v1.4 Hooks for auxiliary files (HO)
)
(/usr/share/texlive/texmf-dist/tex/latex/oberdiek/kvoptions.sty
Package: kvoptions 2016/05/16 v3.12 Key value format for package options (HO)
)
\@linkdim=\dimen189
\Hy@linkcounter=\count288
\Hy@pagecounter=\count289

(/usr/share/texlive/texmf-dist/tex/latex/hyperref/pd1enc.def
File: pd1enc.def 2018/02/06 v6.86b Hyperref: PDFDocEncoding definition (HO)
Now handling font encoding PD1 ...
... no UTF-8 mapping file for font encoding PD1
)
\Hy@SavedSpaceFactor=\count290

(/usr/share/texlive/texmf-dist/tex/latex/latexconfig/hyperref.cfg
File: hyperref.cfg 2002/06/06 v1.2 hyperref configuration of TeXLive
)
Package hyperref Info: Hyper figures OFF on input line 4509.
Package hyperref Info: Link nesting OFF on input line 4514.
Package hyperref Info: Hyper index ON on input line 4517.
Package hyperref Info: Plain pages OFF on input line 4524.
Package hyperref Info: Backreferencing OFF on input line 4529.
Package hyperref Info: Implicit mode ON; LaTeX internals redefined.
Package hyperref Info: Bookmarks ON on input line 4762.
\c@Hy@tempcnt=\count291

(/usr/share/texlive/texmf-dist/tex/latex/url/url.sty
\Urlmuskip=\muskip17
Package: url 2013/09/16  ver 3.4  Verb mode for urls, etc.
)
LaTeX Info: Redefining \url on input line 5115.
\XeTeXLinkMargin=\dimen190
\Fld@menulength=\count292
\Field@Width=\dimen191
\Fld@charsize=\dimen192
Package hyperref Info: Hyper figures OFF on input line 6369.
Package hyperref Info: Link nesting OFF on input line 6374.
Package hyperref Info: Hyper index ON on input line 6377.
Package hyperref Info: backreferencing OFF on input line 6384.
Package hyperref Info: Link coloring OFF on input line 6389.
Package hyperref Info: Link coloring with OCG OFF on input line 6394.
Package hyperref Info: PDF/A mode OFF on input line 6399.
LaTeX Info: Redefining \ref on input line 6439.
LaTeX Info: Redefining \pageref on input line 6443.
\Hy@abspage=\count293
\c@Item=\count294
\c@Hfootnote=\count295
)
Package scrhack Info: hyperref hack deactivated because of
(scrhack)             detection of hyperref version, that doesn't
(scrhack)             need that hack, on input line 134.
Package hyperref Info: Driver (autodetected): hpdftex.

(/usr/share/texlive/texmf-dist/tex/latex/hyperref/hpdftex.def
File: hpdftex.def 2018/02/06 v6.86b Hyperref driver for pdfTeX
\Fld@listcount=\count296
\c@bookmark@seq@number=\count297

(/usr/share/texlive/texmf-dist/tex/latex/oberdiek/rerunfilecheck.sty
Package: rerunfilecheck 2016/05/16 v1.8 Rerun checks for auxiliary files (HO)
Package uniquecounter Info: New unique counter `rerunfilecheck' on input line 2
82.
)
\Hy@SectionHShift=\skip63
)
(/usr/share/texlive/texmf-dist/tex/latex/comment/comment.sty
\CommentStream=\write3

Excluding comment 'comment')
(/usr/share/texlive/texmf-dist/tex/latex/caption/subcaption.sty
Package: subcaption 2016/05/22 v1.1-161 Sub-captions (AR)
\c@subfigure=\count298
\c@subtable=\count299
)
(/usr/share/texlive/texmf-dist/tex/latex/subfigure/subfigure.sty
Package: subfigure 2002/03/15 v2.1.5 subfigure package
\subfigtopskip=\skip64
\subfigcapskip=\skip65
\subfigcaptopadj=\dimen193
\subfigbottomskip=\skip66
\subfigcapmargin=\dimen194
\subfiglabelskip=\skip67


! LaTeX Error: Command \c@subfigure already defined.
               Or name \end... illegal, see p.192 of the manual.

See the LaTeX manual or LaTeX Companion for explanation.
Type  H <return>  for immediate help.
 ...                                              
                                                  
l.113 \newcounter{subfigure}
                            [figure]
? 

! LaTeX Error: Command \l@subfigure already defined.
               Or name \end... illegal, see p.192 of the manual.

See the LaTeX manual or LaTeX Companion for explanation.
Type  H <return>  for immediate help.
 ...                                              
                                                  
l.123 ...xxxline{\ext@subfigure}{2}{3.8em}{2.5em}}
                                                  
? 
\c@lofdepth=\count300

! LaTeX Error: Command \c@subtable already defined.
               Or name \end... illegal, see p.192 of the manual.

See the LaTeX manual or LaTeX Companion for explanation.
Type  H <return>  for immediate help.
 ...                                              
                                                  
l.126 \newcounter{subtable}
                           [table]
? 

! LaTeX Error: Command \l@subtable already defined.
               Or name \end... illegal, see p.192 of the manual.

See the LaTeX manual or LaTeX Companion for explanation.
Type  H <return>  for immediate help.
 ...                                              
                                                  
l.136 ...dxxxline{\ext@subtable}{2}{3.8em}{2.5em}}
                                                  
? 
\c@lotdepth=\count301
****************************************
* Local config file subfigure.cfg used *
****************************************
(/usr/share/texlive/texmf-dist/tex/latex/subfigure/subfigure.cfg)
\subfig@top=\skip68
\subfig@bottom=\skip69


! LaTeX Error: Command \subref already defined.
               Or name \end... illegal, see p.192 of the manual.

See the LaTeX manual or LaTeX Companion for explanation.
Type  H <return>  for immediate help.
 ...                                              
                                                  
l.413   \ref{sub@#1}}
                     
? 
) (/usr/share/texlive/texmf-dist/tex/latex/appendix/appendix.sty
Package: appendix 2009/09/02 v1.2b extra appendix facilities
\c@@pps=\count302
\c@@ppsavesec=\count303
\c@@ppsaveapp=\count304
)
(/usr/share/texlive/texmf-dist/tex/latex/graphics/rotating.sty
Package: rotating 2016/08/11 v2.16d rotated objects in LaTeX

(/usr/share/texlive/texmf-dist/tex/latex/base/ifthen.sty
Package: ifthen 2014/09/29 v1.1c Standard LaTeX ifthen package (DPC)
)
\c@r@tfl@t=\count305
\rotFPtop=\skip70
\rotFPbot=\skip71
\rot@float@box=\box55
\rot@mess@toks=\toks25
)
(/usr/share/texmf/tex/latex/CJK/CJK.sty
Package: CJK 2015/04/18 4.8.4

(/usr/share/texmf/tex/latex/CJK/mule/MULEenc.sty
Package: MULEenc 2015/04/18 4.8.4
)
(/usr/share/texmf/tex/latex/CJK/CJK.enc
File: CJK.enc 2015/04/18 4.8.4
Now handling font encoding C00 ...
... no UTF-8 mapping file for font encoding C00
Now handling font encoding C05 ...
... no UTF-8 mapping file for font encoding C05
Now handling font encoding C09 ...
... no UTF-8 mapping file for font encoding C09
Now handling font encoding C10 ...
... no UTF-8 mapping file for font encoding C10
Now handling font encoding C20 ...
... no UTF-8 mapping file for font encoding C20
Now handling font encoding C19 ...
... no UTF-8 mapping file for font encoding C19
Now handling font encoding C40 ...
... no UTF-8 mapping file for font encoding C40
Now handling font encoding C42 ...
... no UTF-8 mapping file for font encoding C42
Now handling font encoding C43 ...
... no UTF-8 mapping file for font encoding C43
Now handling font encoding C50 ...
... no UTF-8 mapping file for font encoding C50
Now handling font encoding C52 ...
... no UTF-8 mapping file for font encoding C52
Now handling font encoding C49 ...
... no UTF-8 mapping file for font encoding C49
Now handling font encoding C60 ...
... no UTF-8 mapping file for font encoding C60
Now handling font encoding C61 ...
... no UTF-8 mapping file for font encoding C61
Now handling font encoding C63 ...
... no UTF-8 mapping file for font encoding C63
Now handling font encoding C64 ...
... no UTF-8 mapping file for font encoding C64
Now handling font encoding C65 ...
... no UTF-8 mapping file for font encoding C65
Now handling font encoding C70 ...
... no UTF-8 mapping file for font encoding C70
Now handling font encoding C31 ...
... no UTF-8 mapping file for font encoding C31
Now handling font encoding C32 ...
... no UTF-8 mapping file for font encoding C32
Now handling font encoding C33 ...
... no UTF-8 mapping file for font encoding C33
Now handling font encoding C34 ...
... no UTF-8 mapping file for font encoding C34
Now handling font encoding C35 ...
... no UTF-8 mapping file for font encoding C35
Now handling font encoding C36 ...
... no UTF-8 mapping file for font encoding C36
Now handling font encoding C37 ...
... no UTF-8 mapping file for font encoding C37
Now handling font encoding C80 ...
... no UTF-8 mapping file for font encoding C80
Now handling font encoding C81 ...
... no UTF-8 mapping file for font encoding C81
Now handling font encoding C01 ...
... no UTF-8 mapping file for font encoding C01
Now handling font encoding C11 ...
... no UTF-8 mapping file for font encoding C11
Now handling font encoding C21 ...
... no UTF-8 mapping file for font encoding C21
Now handling font encoding C41 ...
... no UTF-8 mapping file for font encoding C41
Now handling font encoding C62 ...
... no UTF-8 mapping file for font encoding C62
)
LaTeX Info: Redefining \selectfont on input line 755.
\CJK@indent=\box56
)

! LaTeX Error: \newunitpunct undefined.

See the LaTeX manual or LaTeX Companion for explanation.
Type  H <return>  for immediate help.
 ...                                              
                                                  
l.154 \renewcommand*{\newunitpunct}
                                   {\addcomma\space}
? 

! LaTeX Error: \labelalphaothers undefined.

See the LaTeX manual or LaTeX Companion for explanation.
Type  H <return>  for immediate help.
 ...                                              
                                                  
l.155 \renewcommand{\labelalphaothers}
                                      {}
? 

! LaTeX Error: \labelnamepunct undefined.

See the LaTeX manual or LaTeX Companion for explanation.
Type  H <return>  for immediate help.
 ...                                              
                                                  
l.156 \renewcommand{\labelnamepunct}
                                    {\addcomma\space}
? 
! Undefined control sequence.
l.157 \renewbibmacro
                    {in:}{}
? 

! LaTeX Error: Missing \begin{document}.

See the LaTeX manual or LaTeX Companion for explanation.
Type  H <return>  for immediate help.
 ...                                              
                                                  
l.157 \renewbibmacro{i
                      n:}{}
? 
! Undefined control sequence.
l.158 \DeclareFieldFormat
                         *{journaltitle}{#1}
? 
! You can't use `macro parameter character #' in horizontal mode.
l.158 \DeclareFieldFormat*{journaltitle}{#
                                          1}
? 
! Undefined control sequence.
l.159 \DeclareFieldFormat
                         *{title}{\enquote{\textsl{#1}}}
? 
! Undefined control sequence.
l.159 \DeclareFieldFormat*{title}{\enquote
                                          {\textsl{#1}}}
? 
! Illegal parameter number in definition of \reserved@a.
<to be read again> 
                   1
l.159 ...eFieldFormat*{title}{\enquote{\textsl{#1}
                                                  }}
? 
! Illegal parameter number in definition of \reserved@b.
<to be read again> 
                   }
l.159 ...eFieldFormat*{title}{\enquote{\textsl{#1}
                                                  }}
? 
! You can't use `macro parameter character #' in horizontal mode.
<recently read> ##
                  
l.159 ...eFieldFormat*{title}{\enquote{\textsl{#1}
                                                  }}
? 
! Undefined control sequence.
l.160 \DeclareFieldFormat
                         *{volume}{\textbf{#1}}
? 
! Illegal parameter number in definition of \reserved@a.
<to be read again> 
                   1
l.160 \DeclareFieldFormat*{volume}{\textbf{#1}
                                              }
? 
! Illegal parameter number in definition of \reserved@b.
<to be read again> 
                   }
l.160 \DeclareFieldFormat*{volume}{\textbf{#1}
                                              }
? 
! You can't use `macro parameter character #' in horizontal mode.
<recently read> ##
                  
l.160 \DeclareFieldFormat*{volume}{\textbf{#1}
                                              }
? 
! Undefined control sequence.
l.161 \renewbibmacro
                    *{volume+number+eid}{\printfield{volume}}
? 
! Undefined control sequence.
l.161 ...wbibmacro*{volume+number+eid}{\printfield
                                                  {volume}}
? 
! Undefined control sequence.
l.162 \AtEveryBibitem
                     {\clearfield{issn}}
? 
! Undefined control sequence.
l.162 \AtEveryBibitem{\clearfield
                                 {issn}}
? 
(/usr/share/texlive/texmf-dist/tex/latex/csquotes/csquotes.sty
Package: csquotes 2018/02/11 v5.2c context-sensitive quotations (JAW)
\csq@reset=\count306
\csq@gtype=\count307
\csq@glevel=\count308
\csq@qlevel=\count309
\csq@maxlvl=\count310
\csq@tshold=\count311
\csq@ltx@everypar=\toks26

(/usr/share/texlive/texmf-dist/tex/latex/csquotes/csquotes.def
File: csquotes.def 2018/02/11 v5.2c csquotes generic definitions (JAW)
)
Package csquotes Info: Trying to load configuration file 'csquotes.cfg'...
Package csquotes Info: ... configuration file loaded successfully.

(/usr/share/texlive/texmf-dist/tex/latex/csquotes/csquotes.cfg
File: csquotes.cfg 
)
Package csquotes Info: Enabling multilingual quotes.
)
(/usr/share/texlive/texmf-dist/tex/latex/jknapltx/mathrsfs.sty
Package: mathrsfs 1996/01/01 Math RSFS package v1.0 (jk)
\symrsfs=\mathgroup4
)
Package csquotes Info: Checking for multilingual support...
Package csquotes Info: ... found 'babel' package.

(./main_2806_v0.aux (./Chapters/abstract.aux) (./Chapters/introduction.aux)
(./Chapters/Chapter_1.aux) (./Chapters/Chapter_2.aux) (./Chapters/Chapter_3.aux
) (./Chapters/Chapter_7.aux))
\openout1 = `main_2806_v0.aux'.

LaTeX Font Info:    Checking defaults for OML/cmm/m/it on input line 211.
LaTeX Font Info:    ... okay on input line 211.
LaTeX Font Info:    Checking defaults for T1/cmr/m/n on input line 211.
LaTeX Font Info:    ... okay on input line 211.
LaTeX Font Info:    Checking defaults for OT1/cmr/m/n on input line 211.
LaTeX Font Info:    ... okay on input line 211.
LaTeX Font Info:    Checking defaults for OMS/cmsy/m/n on input line 211.
LaTeX Font Info:    ... okay on input line 211.
LaTeX Font Info:    Checking defaults for OMX/cmex/m/n on input line 211.
LaTeX Font Info:    ... okay on input line 211.
LaTeX Font Info:    Checking defaults for U/cmr/m/n on input line 211.
LaTeX Font Info:    ... okay on input line 211.
LaTeX Font Info:    Checking defaults for PD1/pdf/m/n on input line 211.
LaTeX Font Info:    ... okay on input line 211.
LaTeX Font Info:    Checking defaults for C00/song/m/n on input line 211.
LaTeX Font Info:    ... okay on input line 211.
LaTeX Font Info:    Checking defaults for C05/song/m/n on input line 211.
LaTeX Font Info:    ... okay on input line 211.
LaTeX Font Info:    Checking defaults for C09/song/m/n on input line 211.
LaTeX Font Info:    ... okay on input line 211.
LaTeX Font Info:    Checking defaults for C10/song/m/n on input line 211.
LaTeX Font Info:    ... okay on input line 211.
LaTeX Font Info:    Checking defaults for C20/song/m/n on input line 211.
LaTeX Font Info:    ... okay on input line 211.
LaTeX Font Info:    Checking defaults for C19/song/m/n on input line 211.
LaTeX Font Info:    ... okay on input line 211.
LaTeX Font Info:    Checking defaults for C40/song/m/n on input line 211.
LaTeX Font Info:    ... okay on input line 211.
LaTeX Font Info:    Checking defaults for C42/song/m/n on input line 211.
LaTeX Font Info:    ... okay on input line 211.
LaTeX Font Info:    Checking defaults for C43/song/m/n on input line 211.
LaTeX Font Info:    ... okay on input line 211.
LaTeX Font Info:    Checking defaults for C50/song/m/n on input line 211.
LaTeX Font Info:    ... okay on input line 211.
LaTeX Font Info:    Checking defaults for C52/song/m/n on input line 211.
LaTeX Font Info:    ... okay on input line 211.
LaTeX Font Info:    Checking defaults for C49/song/m/n on input line 211.
LaTeX Font Info:    ... okay on input line 211.
LaTeX Font Info:    Checking defaults for C60/mj/m/n on input line 211.
LaTeX Font Info:    ... okay on input line 211.
LaTeX Font Info:    Checking defaults for C61/mj/m/n on input line 211.
LaTeX Font Info:    ... okay on input line 211.
LaTeX Font Info:    Checking defaults for C63/mj/m/n on input line 211.
LaTeX Font Info:    ... okay on input line 211.
LaTeX Font Info:    Checking defaults for C64/mj/m/n on input line 211.
LaTeX Font Info:    ... okay on input line 211.
LaTeX Font Info:    Checking defaults for C65/mj/m/n on input line 211.
LaTeX Font Info:    ... okay on input line 211.
LaTeX Font Info:    Checking defaults for C70/song/m/n on input line 211.
LaTeX Font Info:    ... okay on input line 211.
LaTeX Font Info:    Checking defaults for C31/song/m/n on input line 211.
LaTeX Font Info:    ... okay on input line 211.
LaTeX Font Info:    Checking defaults for C32/song/m/n on input line 211.
LaTeX Font Info:    ... okay on input line 211.
LaTeX Font Info:    Checking defaults for C33/song/m/n on input line 211.
LaTeX Font Info:    ... okay on input line 211.
LaTeX Font Info:    Checking defaults for C34/song/m/n on input line 211.
LaTeX Font Info:    ... okay on input line 211.
LaTeX Font Info:    Checking defaults for C35/song/m/n on input line 211.
LaTeX Font Info:    ... okay on input line 211.
LaTeX Font Info:    Checking defaults for C36/song/m/n on input line 211.
LaTeX Font Info:    ... okay on input line 211.
LaTeX Font Info:    Checking defaults for C37/song/m/n on input line 211.
LaTeX Font Info:    ... okay on input line 211.
LaTeX Font Info:    Checking defaults for C80/song/m/n on input line 211.
LaTeX Font Info:    ... okay on input line 211.
LaTeX Font Info:    Checking defaults for C81/song/m/n on input line 211.
LaTeX Font Info:    ... okay on input line 211.
LaTeX Font Info:    Checking defaults for C01/song/m/n on input line 211.
LaTeX Font Info:    ... okay on input line 211.
LaTeX Font Info:    Checking defaults for C11/song/m/n on input line 211.
LaTeX Font Info:    ... okay on input line 211.
LaTeX Font Info:    Checking defaults for C21/song/m/n on input line 211.
LaTeX Font Info:    ... okay on input line 211.
LaTeX Font Info:    Checking defaults for C41/song/m/n on input line 211.
LaTeX Font Info:    ... okay on input line 211.
LaTeX Font Info:    Checking defaults for C62/song/m/n on input line 211.
LaTeX Font Info:    ... okay on input line 211.
LaTeX Font Info:    Try loading font information for T1+ppl on input line 211.

(/usr/share/texlive/texmf-dist/tex/latex/psnfss/t1ppl.fd
File: t1ppl.fd 2001/06/04 font definitions for T1/ppl.
)
Now handling font encoding TS1 ...
... processing UTF-8 mapping file for font encoding TS1

(/usr/share/texlive/texmf-dist/tex/latex/base/ts1enc.dfu
File: ts1enc.dfu 2017/01/28 v1.1t UTF-8 support for inputenc
   defining Unicode char U+00A2 (decimal 162)
   defining Unicode char U+00A3 (decimal 163)
   defining Unicode char U+00A4 (decimal 164)
   defining Unicode char U+00A5 (decimal 165)
   defining Unicode char U+00A6 (decimal 166)
   defining Unicode char U+00A7 (decimal 167)
   defining Unicode char U+00A8 (decimal 168)
   defining Unicode char U+00A9 (decimal 169)
   defining Unicode char U+00AA (decimal 170)
   defining Unicode char U+00AC (decimal 172)
   defining Unicode char U+00AE (decimal 174)
   defining Unicode char U+00AF (decimal 175)
   defining Unicode char U+00B0 (decimal 176)
   defining Unicode char U+00B1 (decimal 177)
   defining Unicode char U+00B2 (decimal 178)
   defining Unicode char U+00B3 (decimal 179)
   defining Unicode char U+00B4 (decimal 180)
   defining Unicode char U+00B5 (decimal 181)
   defining Unicode char U+00B6 (decimal 182)
   defining Unicode char U+00B7 (decimal 183)
   defining Unicode char U+00B9 (decimal 185)
   defining Unicode char U+00BA (decimal 186)
   defining Unicode char U+00BC (decimal 188)
   defining Unicode char U+00BD (decimal 189)
   defining Unicode char U+00BE (decimal 190)
   defining Unicode char U+00D7 (decimal 215)
   defining Unicode char U+00F7 (decimal 247)
   defining Unicode char U+0192 (decimal 402)
   defining Unicode char U+02C7 (decimal 711)
   defining Unicode char U+02D8 (decimal 728)
   defining Unicode char U+02DD (decimal 733)
   defining Unicode char U+0E3F (decimal 3647)
   defining Unicode char U+2016 (decimal 8214)
   defining Unicode char U+2020 (decimal 8224)
   defining Unicode char U+2021 (decimal 8225)
   defining Unicode char U+2022 (decimal 8226)
   defining Unicode char U+2030 (decimal 8240)
   defining Unicode char U+2031 (decimal 8241)
   defining Unicode char U+203B (decimal 8251)
   defining Unicode char U+203D (decimal 8253)
   defining Unicode char U+2044 (decimal 8260)
   defining Unicode char U+204E (decimal 8270)
   defining Unicode char U+2052 (decimal 8274)
   defining Unicode char U+20A1 (decimal 8353)
   defining Unicode char U+20A4 (decimal 8356)
   defining Unicode char U+20A6 (decimal 8358)
   defining Unicode char U+20A9 (decimal 8361)
   defining Unicode char U+20AB (decimal 8363)
   defining Unicode char U+20AC (decimal 8364)
   defining Unicode char U+20B1 (decimal 8369)
   defining Unicode char U+2103 (decimal 8451)
   defining Unicode char U+2116 (decimal 8470)
   defining Unicode char U+2117 (decimal 8471)
   defining Unicode char U+211E (decimal 8478)
   defining Unicode char U+2120 (decimal 8480)
   defining Unicode char U+2122 (decimal 8482)
   defining Unicode char U+2126 (decimal 8486)
   defining Unicode char U+2127 (decimal 8487)
   defining Unicode char U+212E (decimal 8494)
   defining Unicode char U+2190 (decimal 8592)
   defining Unicode char U+2191 (decimal 8593)
   defining Unicode char U+2192 (decimal 8594)
   defining Unicode char U+2193 (decimal 8595)
   defining Unicode char U+2329 (decimal 9001)
   defining Unicode char U+232A (decimal 9002)
   defining Unicode char U+2422 (decimal 9250)
   defining Unicode char U+25E6 (decimal 9702)
   defining Unicode char U+25EF (decimal 9711)
   defining Unicode char U+266A (decimal 9834)
)
(/usr/share/texlive/texmf-dist/tex/latex/translator/translator-basic-dictionary
-English.dict
Dictionary: translator-basic-dictionary, Language: English 
)
(/usr/share/texlive/texmf-dist/tex/latex/siunitx/siunitx-abbreviations.cfg
File: siunitx-abbreviations.cfg 2017/11/26 v2.7k siunitx: Abbreviated units
)
(/usr/share/texlive/texmf-dist/tex/context/base/mkii/supp-pdf.mkii
[Loading MPS to PDF converter (version 2006.09.02).]
\scratchcounter=\count312
\scratchdimen=\dimen195
\scratchbox=\box57
\nofMPsegments=\count313
\nofMParguments=\count314
\everyMPshowfont=\toks27
\MPscratchCnt=\count315
\MPscratchDim=\dimen196
\MPnumerator=\count316
\makeMPintoPDFobject=\count317
\everyMPtoPDFconversion=\toks28
) (/usr/share/texlive/texmf-dist/tex/latex/oberdiek/epstopdf-base.sty
Package: epstopdf-base 2016/05/15 v2.6 Base part for package epstopdf

(/usr/share/texlive/texmf-dist/tex/latex/oberdiek/grfext.sty
Package: grfext 2016/05/16 v1.2 Manage graphics extensions (HO)
)
Package epstopdf-base Info: Redefining graphics rule for `.eps' on input line 4
38.
Package grfext Info: Graphics extension search list:
(grfext)             [.pdf,.png,.jpg,.mps,.jpeg,.jbig2,.jb2,.PDF,.PNG,.JPG,.JPE
G,.JBIG2,.JB2,.eps]
(grfext)             \AppendGraphicsExtensions on input line 456.

(/usr/share/texlive/texmf-dist/tex/latex/latexconfig/epstopdf-sys.cfg
File: epstopdf-sys.cfg 2010/07/13 v1.3 Configuration of (r)epstopdf for TeX Liv
e
))
Package caption Info: Begin \AtBeginDocument code.
Package caption Info: hyperref package is loaded.
Package caption Info: rotating package is loaded.
Package caption Info: subfigure package is loaded.


! Package subcaption Error: This package can't be used in cooperation
(subcaption)                with the subfigure package.

See the subcaption package documentation for explanation.
Type  H <return>  for immediate help.
 ...                                              
                                                  
l.211 \begin{document}
                      
? 

! LaTeX Error: Command \subfigure already defined.
               Or name \end... illegal, see p.192 of the manual.

See the LaTeX manual or LaTeX Companion for explanation.
Type  H <return>  for immediate help.
 ...                                              
                                                  
l.211 \begin{document}
                      
? 

! LaTeX Error: Command \subtable already defined.
               Or name \end... illegal, see p.192 of the manual.

See the LaTeX manual or LaTeX Companion for explanation.
Type  H <return>  for immediate help.
 ...                                              
                                                  
l.211 \begin{document}
                      
? 
Package caption Info: End \AtBeginDocument code.
*geometry* driver: auto-detecting
*geometry* detected driver: pdftex
*geometry* verbose mode - [ preamble ] result:
* driver: pdftex
* paper: <default>
* layout: <same size as paper>
* layoutoffset:(h,v)=(0.0pt,0.0pt)
* modes: includehead includefoot twoside 
* h-part:(L,W,R)=(90.3375pt, 433.62001pt, 90.3375pt)
* v-part:(T,H,B)=(36.135pt, 722.7pt, 36.135pt)
* \paperwidth=614.295pt
* \paperheight=794.96999pt
* \textwidth=433.62001pt
* \textheight=658.3262pt
* \oddsidemargin=18.0675pt
* \evensidemargin=18.0675pt
* \topmargin=-36.135pt
* \headheight=14.5pt
* \headsep=19.8738pt
* \topskip=12.0pt
* \footskip=30.0pt
* \marginparwidth=98.0pt
* \marginparsep=7.0pt
* \columnsep=10.0pt
* \skip\footins=10.8pt plus 4.0pt minus 2.0pt
* \hoffset=0.0pt
* \voffset=0.0pt
* \mag=1000
* \@twocolumnfalse
* \@twosidetrue
* \@mparswitchtrue
* \@reversemarginfalse
* (1in=72.27pt=25.4mm, 1cm=28.453pt)

Package scrlayer Info: Setting magic \footheight to \baselineskip while
(scrlayer)             \begin{document} on input line 211.
Package scrbase Info: activating english \authorshipname on input line 211.
Package scrbase Info: activating english \byname on input line 211.
Package scrbase Info: activating english \abbrevname on input line 211.
Package scrbase Info: activating english \constantsname on input line 211.
Package scrbase Info: activating english \symbolsname on input line 211.
Package scrbase Info: activating english \acknowledgementname on input line 211
.
\AtBeginShipoutBox=\box58
Package hyperref Info: Link coloring OFF on input line 211.
(/usr/share/texlive/texmf-dist/tex/latex/hyperref/nameref.sty)

LaTeX Warning: You have requested, on input line 211, version
               `2012/07/28' of package nameref,
               but only version
               `'
               is available.

LaTeX Info: Redefining \ref on input line 211.
LaTeX Info: Redefining \pageref on input line 211.
(./main_2806_v0.out) (./main_2806_v0.out)
\@outlinefile=\write4
\openout4 = `main_2806_v0.out'.

\c__siunitx_mathsf_int=\count318
LaTeX Font Info:    Try loading font information for U+rsfs on input line 211.

(/usr/share/texlive/texmf-dist/tex/latex/jknapltx/ursfs.fd
File: ursfs.fd 1998/03/24 rsfs font definition file (jk)
)
\c__siunitx_mathtt_int=\count319
 [1{/var/lib/texmf/fonts/map/pdftex/updmap/pdftex.map}

] [2

]
1: section
LaTeX Font Info:    Font shape `T1/ppl/bx/n' in size <24.88> not available
(Font)              Font shape `T1/ppl/b/n' tried instead on input line 224.
<Figures/Logo.jpg, id=164, 226.8475pt x 223.83624pt>
File: Figures/Logo.jpg Graphic file (type jpg)
<use Figures/Logo.jpg>
Package pdftex.def Info: Figures/Logo.jpg  used on input line 247.
(pdftex.def)             Requested size: 71.13188pt x 70.18773pt.
[1

 <./Figures/Logo.jpg>]
\openout2 = `Chapters/abstract.aux'.

 (./Chapters/abstract.tex [2


]
--------------------
 Abstract
--------------------
LaTeX Font Info:    Font shape `T1/ppl/bx/n' in size <12> not available
(Font)              Font shape `T1/ppl/b/n' tried instead on input line 1.
! Undefined control sequence.
\fbinv ...ath {\,\text {fb}^\text {$-$1}}}\xspace 
                                                  
l.5 ... to integrated luminosities of 137.1~\fbinv
                                                   at 13\TeV. These measurem...

? 
)
1: section
[3] (/usr/share/texmf/tex/latex/CJK/UTF8/UTF8.bdg
File: UTF8.bdg 2015/04/18 4.8.4
)
(/usr/share/texmf/tex/latex/CJK/UTF8/UTF8.enc
File: UTF8.enc 2015/04/18 4.8.4
)
(/usr/share/texmf/tex/latex/CJK/UTF8/UTF8.chr
File: UTF8.chr 2015/04/18 4.8.4
) [4


] (./main_2806_v0.toc
1: section
[5])
\tf@toc=\write5
\openout5 = `main_2806_v0.toc'.

 [6] (./main_2806_v0.lof
! Undefined control sequence.
\reserved@b ->\T@ref 
                     
l.5 ...gs_potential}\relax }}{8}{figure.caption.9}
                                                  
? 
! Missing $ inserted.
<inserted text> 
                $
l.5 ...gs_potential}\relax }}{8}{figure.caption.9}
                                                  
? 
! Extra }, or forgotten $.
<argument> ...l as in Eq.\ref {eq:higgs_potential}
                                                  \relax }}\hyper@linkend 
l.5 ...gs_potential}\relax }}{8}{figure.caption.9}
                                                  
? 
! Extra }, or forgotten $.
<argument> ...Eq.\ref {eq:higgs_potential}\relax }
                                                  }\hyper@linkend 
l.5 ...gs_potential}\relax }}{8}{figure.caption.9}
                                                  
? 
! Extra }, or forgotten $.
<argument> ...q.\ref {eq:higgs_potential}\relax }}
                                                  \hyper@linkend 
l.5 ...gs_potential}\relax }}{8}{figure.caption.9}
                                                  
? 
! Missing $ inserted.
<inserted text> 
                $
l.5 ...gs_potential}\relax }}{8}{figure.caption.9}
                                                  
? 
! Missing } inserted.
<inserted text> 
                }
l.5 ...gs_potential}\relax }}{8}{figure.caption.9}
                                                  
? 
! Missing } inserted.
<inserted text> 
                }
l.5 ...gs_potential}\relax }}{8}{figure.caption.9}
                                                  
? 
! Missing } inserted.
<inserted text> 
                }
l.5 ...gs_potential}\relax }}{8}{figure.caption.9}
                                                  
? 
)
\tf@lof=\write6
\openout6 = `main_2806_v0.lof'.


1: section
[7

] [8

] (./main_2806_v0.lot
Overfull \hbox (11.63643pt too wide) in paragraph at lines 6--6
 [][] [][]\T1/ppl/m/n/12 Higgs bo-son pro-duc-tion cross sec-tions in pb for di
f-fer-ent Higgs masses 
 []

)
\tf@lot=\write7
\openout7 = `main_2806_v0.lot'.


1: section
[9] [10

]
1: section
\openout2 = `Chapters/introduction.aux'.

(./Chapters/introduction.tex
Chapter 1.

Overfull \hbox (1.33844pt too wide) in paragraph at lines 3--25
\T1/ppl/m/n/12 The Stan-dard Model (SM) of the par-ti-cle physics gives suc-ces
s-ful ex-pla-na-tion about
 []

1: section
pdfTeX warning (ext4): destination with the same identifier (name{page.1}) has 
been already used, duplicate ignored
<to be read again> 
                   \relax 
l.30 \par
          [1


]
! Undefined control sequence.
\reserved@b ->\T@ref 
                     
l.42 ...of H boson are described in Chapter ~\ref{
                                                  Chapter1}. Overview of the...

? 
! Undefined control sequence.
\reserved@b ->\T@ref 
                     
l.42 ...experiment are presented in Chapter ~\ref{
                                                  Chapter2}. The calibration...

? 
! Undefined control sequence.
\reserved@b ->\T@ref 
                     
l.43 described in Chapter ~\ref{
                                Chapter3}.
? 
! Undefined control sequence.
\reserved@b ->\T@ref 
                     
l.44 Chapter ~\ref{
                   Chapter4} presents the procedure of measurements of inclu...

? 
! Undefined control sequence.
\reserved@b ->\T@ref 
                     
l.47 ...sertation are summarized in Chapter ~\ref{
                                                  Chapter7}.
? 
)pdfTeX warning (ext4): destination with the same identifier (name{page.2}) has
 been already used, duplicate ignored
<to be read again> 
                   \relax 
l.341 \include{Chapters/introduction}
                                      % revised after rep. [2]
\openout2 = `Chapters/Chapter_1.aux'.


(./Chapters/Chapter_1.tex
Chapter 2.
LaTeX Font Info:    Font shape `T1/ppl/bx/n' in size <17.28> not available
(Font)              Font shape `T1/ppl/b/n' tried instead on input line 4.

Overfull \hbox (2.31712pt too wide) in paragraph at lines 18--18
[]\T1/ppl/b/n/17.28 Fundamental Par-ti-cles and un-der-ly-ing In-ter-ac-tions 
 []

LaTeX Font Info:    Font shape `T1/ppl/bx/n' in size <14.4> not available
(Font)              Font shape `T1/ppl/b/n' tried instead on input line 19.
! Undefined control sequence.
\reserved@b ->\T@ref 
                     
l.23 ...enerations'' as illustrated in Table \ref{
                                                  table:quarks_leptons}.
? 
! Missing $ inserted.
<inserted text> 
                $
l.23 ...as illustrated in Table \ref{table:quarks_
                                                  leptons}.
? 
! Extra }, or forgotten $.
l.23 ...trated in Table \ref{table:quarks_leptons}
                                                  .
? 
! Missing $ inserted.
<inserted text> 
                $
l.24 ...hich carries electric charge $+\frac{2}{3}
                                                  $ and a ``down'' type quar...

? 
! Extra }, or forgotten $.
\frac  #1#2->{\begingroup #1\endgroup \@@over #2}
                                                 
l.24 ...hich carries electric charge $+\frac{2}{3}
                                                  $ and a ``down'' type quar...

? 

Overfull \hbox (12.16313pt too wide) in paragraph at lines 20--26
\T1/ppl/m/n/12 Fermions in-cludes all lep-tons, quarks and baryons (com-pos-ite
 par-ti-cles three quarks).
 []


Overfull \hbox (241.76097pt too wide) in paragraph at lines 20--26
\T1/ppl/m/n/12 ``gen-er-a-tions'' as il-lus-trated in Ta-ble table:quarks$[]\OM
L/cmm/m/it/12 eptons:Firstgenerationincludesan\OT1/cmr/m/n/12 \\OML/cmm/m/it/12
 up[]typequarkwhichcarrieselectriccharge$\T1/ppl/m/n/12 +2$[]$
 []


Overfull \hbox (14.12068pt too wide) in paragraph at lines 20--26
\T1/ppl/m/n/12 types of the quarks in or-der of in-creas-ing mass are ``up'', `
`down'', ``strange'', ``charm'',
 []


Overfull \hbox (19.42331pt too wide) in paragraph at lines 20--26
\T1/ppl/m/n/12 ``bot-tom'' and ``top''. The whole vis-i-ble world is only made 
of light type of quarks,``up``
 []


Overfull \hbox (10.2079pt too wide) in paragraph at lines 20--26
\T1/ppl/m/n/12 (cos-mic rays, par-ti-cle ac-cel-er-a-tors) and quickly de-cays 
into ``up'' and ``down'' quarks. 
 []

1: section
[3



]
Overfull \hbox (2.9086pt too wide) in paragraph at lines 32--50
 [] 
 []

! Undefined control sequence.
\reserved@b ->\T@ref 
                     
l.71 ...etails would be described in Section~\ref{
                                                  fundamentalforces}. Electr...

? 
<Figures/chapter1_Figure/Standard_Model_of_Elementary_Particles.png, id=336, 80
3.0pt x 603.25375pt>
File: Figures/chapter1_Figure/Standard_Model_of_Elementary_Particles.png Graphi
c file (type png)
<use Figures/chapter1_Figure/Standard_Model_of_Elementary_Particles.png>
Package pdftex.def Info: Figures/chapter1_Figure/Standard_Model_of_Elementary_P
articles.png  used on input line 77.
(pdftex.def)             Requested size: 346.89732pt x 260.6091pt.
! Undefined control sequence.
\reserved@b ->\T@ref 
                     
l.101 ...ivity and quantum mechanics. Figure \ref{
                                                  Fig:Feynmann_Diagram_Gluon...

? 
! Missing $ inserted.
<inserted text> 
                $
l.101 ...ntum mechanics. Figure \ref{Fig:Feynmann_
                                                  Diagram_Gluon_Radiation}
? 
! Extra }, or forgotten $.
l.101 ...ref{Fig:Feynmann_Diagram_Gluon_Radiation}
                                                  
? 

! LaTeX Error: Not in outer par mode.

See the LaTeX manual or LaTeX Companion for explanation.
Type  H <return>  for immediate help.
 ...                                              
                                                  
l.110 \begin
            {center}
? 
! Undefined control sequence.
\latex@xfloat ...vf \fi \global \setbox \@currbox 
                                                  \color@vbox \normalcolor \...
l.110 \begin
            {center}
? 
! Missing number, treated as zero.
<to be read again> 
                   \vbox 
l.110 \begin
            {center}
? 
<Figures/chapter1_Figure/Annihilation_of_a_Positron_Electron_pair.png, id=338, 
569.12625pt x 569.12625pt>
File: Figures/chapter1_Figure/Annihilation_of_a_Positron_Electron_pair.png Grap
hic file (type png)
<use Figures/chapter1_Figure/Annihilation_of_a_Positron_Electron_pair.png>
Package pdftex.def Info: Figures/chapter1_Figure/Annihilation_of_a_Positron_Ele
ctron_pair.png  used on input line 111.
(pdftex.def)             Requested size: 216.81pt x 216.80864pt.
! Missing $ inserted.
<inserted text> 
                $
l.116 \par
           Weak interaction, one of the four fundamental forces, was first r...

? 

Overfull \hbox (2988.32622pt too wide) in paragraph at lines 96--116
\OML/cmm/m/it/12 positronannihilation:Annihilationistheprocessofdestructionofpa
rticleandantiparticlepairtoanysetofparticlesobeyingconservationofquantumnumbers
; energyandmomentum:QEDisperturbativetheorybasedonfundamentalsofquantummechanic
sestablishedbythreedistinguishedphysicistsW:Heisenberg; W:PauliandP:A:M:Diracdu
ring\OT1/cmr/m/n/12 1920\OML/cmm/m/it/12 s:Lateron; FreemanJ:Dyson; RichardP:Fe
ynmanandJulianS:Schwingershowedthatchargedparticlecanpossiblyinteractthroughase
quenceofprocesseswithgrowingcomplexity; andalloftheseprocessescouldbedescribedb
yFeynmandevelopedgraphicaltechnique:QEDisabeliangaugetheorywith$\T1/ppl/m/n/12 
U(1)$\OML/cmm/m/it/12 beingitssymmetrygroup:$ 
 []

[4] [5 <./Figures/chapter1_Figure/Standard_Model_of_Elementary_Particles.png>]
! Undefined control sequence.
\reserved@b ->\T@ref 
                     
l.128 in equations \ref{
                        eqn:wmass}, \ref{eqn:zmass} ~and \ref{eqn:Amass}. Th...

? 
! Undefined control sequence.
\reserved@b ->\T@ref 
                     
l.128 in equations \ref{eqn:wmass}, \ref{
                                         eqn:zmass} ~and \ref{eqn:Amass}. Th...

? 
! Undefined control sequence.
\reserved@b ->\T@ref 
                     
l.128 ...ef{eqn:wmass}, \ref{eqn:zmass} ~and \ref{
                                                  eqn:Amass}. The spontaneou...

? 
! Undefined control sequence.
\reserved@b ->\T@ref 
                     
l.129 ...rther details would be described in \ref{
                                                  chapter1_sec2} section.
? 
! Missing $ inserted.
<inserted text> 
                $
l.129 ...ails would be described in \ref{chapter1_
                                                  sec2} section.
? 
! Extra }, or forgotten $.
l.129 ...would be described in \ref{chapter1_sec2}
                                                   section.
? 

! LaTeX Error: Bad math environment delimiter.

See the LaTeX manual or LaTeX Companion for explanation.
Type  H <return>  for immediate help.
 ...                                              
                                                  
l.130 \begin{equation}
                      
? 
! You can't use `\eqno' in math mode.
\endmathdisplay@a ...\df@tag \@empty \else \veqno 
                                                  \alt@tag \df@tag \fi \ifx ...
l.133 \end{equation}
                    
? 
! Missing \endgroup inserted.
<inserted text> 
                \endgroup 
l.133 \end{equation}
                    
? 

! LaTeX Error: \begin{document} ended by \end{equation}.

See the LaTeX manual or LaTeX Companion for explanation.
Type  H <return>  for immediate help.
 ...                                              
                                                  
l.133 \end{equation}
                    
? 
! Missing $ inserted.
<inserted text> 
                $
l.133 \end{equation}
                    
? 
! Missing } inserted.
<inserted text> 
                }
l.133 \end{equation}
                    
? 
! Missing } inserted.
<inserted text> 
                }
l.133 \end{equation}
                    
? 
! Missing } inserted.
<inserted text> 
                }
l.133 \end{equation}
                    
? 
! Missing } inserted.
<inserted text> 
                }
l.133 \end{equation}
                    
? 
! Extra \endgroup.
<recently read> \endgroup 
                          
l.133 \end{equation}
                    
? 
[6]
! Undefined control sequence.
\reserved@b ->\T@ref 
                     
l.182 \ref{
           eq:EWSB_lagrangian} is gauge invariant under the ~\sutwol$\otimes...

? 
! Missing $ inserted.
<inserted text> 
                $
l.182 \ref{eq:EWSB_
                   lagrangian} is gauge invariant under the ~\sutwol$\otimes...

? 
! Extra }, or forgotten $.
l.182 \ref{eq:EWSB_lagrangian}
                               is gauge invariant under the ~\sutwol$\otimes...

? 
! Missing $ inserted.
<inserted text> 
                $
l.182 ...auge invariant under the ~\sutwol$\otimes
                                                  $~\uoneg~transformation. T...

? 

Overfull \hbox (39.06978pt too wide) in paragraph at lines 180--186
\T1/ppl/m/n/12 de-scribed in Equa-tion eq:EWSB$[]\OML/cmm/m/it/12 agrangianisga
ugeinvariantunderthe []$$\OMS/cmsy/m/n/12 
$ $[]$ \T1/ppl/m/n/12 trans-
 []

! Undefined control sequence.
\reserved@b ->\T@ref 
                     
l.196 while the potential term in Equation ~\ref{
                                                 eq:EWSB_lagrangian} can als...

? 
! Missing $ inserted.
<inserted text> 
                $
l.196 ...potential term in Equation ~\ref{eq:EWSB_
                                                  lagrangian} can also be ex...

? 
! Extra }, or forgotten $.
l.196 ...erm in Equation ~\ref{eq:EWSB_lagrangian}
                                                   can also be expressed as
? 

! LaTeX Error: Bad math environment delimiter.

See the LaTeX manual or LaTeX Companion for explanation.
Type  H <return>  for immediate help.
 ...                                              
                                                  
l.197 \begin{equation}
                      
? 
! You can't use `\eqno' in math mode.
\endmathdisplay@a ...\df@tag \@empty \else \veqno 
                                                  \alt@tag \df@tag \fi \ifx ...
l.200 \end{equation}
                    
? 
! Missing \endgroup inserted.
<inserted text> 
                \endgroup 
l.200 \end{equation}
                    
? 

! LaTeX Error: \begin{document} ended by \end{equation}.

See the LaTeX manual or LaTeX Companion for explanation.
Type  H <return>  for immediate help.
 ...                                              
                                                  
l.200 \end{equation}
                    
? 
! Missing $ inserted.
<inserted text> 
                $
l.200 \end{equation}
                    
? 
! Missing } inserted.
<inserted text> 
                }
l.200 \end{equation}
                    
? 
! Missing } inserted.
<inserted text> 
                }
l.200 \end{equation}
                    
? 
! Extra \endgroup.
<recently read> \endgroup 
                          
l.200 \end{equation}
                    
? 
! Undefined control sequence.
\reserved@b ->\T@ref 
                     
l.202 ...for Higgs mechanism shown in Figure \ref{
                                                  Fig:higgs_potential}. Ther...

? 
! Missing $ inserted.
<inserted text> 
                $
l.202 ...mechanism shown in Figure \ref{Fig:higgs_
                                                  potential}. There occurs a...

? 
! Extra }, or forgotten $.
l.202 ...shown in Figure \ref{Fig:higgs_potential}
                                                  . There occurs a minima for
? 

! LaTeX Error: Bad math environment delimiter.

See the LaTeX manual or LaTeX Companion for explanation.
Type  H <return>  for immediate help.
 ...                                              
                                                  
l.203 \begin{equation}
                      
? 
! You can't use `\eqno' in math mode.
\endmathdisplay@a ...\df@tag \@empty \else \veqno 
                                                  \alt@tag \df@tag \fi \ifx ...
l.205 \end{equation}
                    
? 
! Missing \endgroup inserted.
<inserted text> 
                \endgroup 
l.205 \end{equation}
                    
? 

! LaTeX Error: \begin{document} ended by \end{equation}.

See the LaTeX manual or LaTeX Companion for explanation.
Type  H <return>  for immediate help.
 ...                                              
                                                  
l.205 \end{equation}
                    
? 
! Missing $ inserted.
<inserted text> 
                $
l.205 \end{equation}
                    
? 
! Missing } inserted.
<inserted text> 
                }
l.205 \end{equation}
                    
? 
! Extra \endgroup.
<recently read> \endgroup 
                          
l.205 \end{equation}
                    
? 
<Figures/chapter1_Figure/higgs_potential.jpg, id=376, 486.81876pt x 300.12125pt
>
File: Figures/chapter1_Figure/higgs_potential.jpg Graphic file (type jpg)
<use Figures/chapter1_Figure/higgs_potential.jpg>
Package pdftex.def Info: Figures/chapter1_Figure/higgs_potential.jpg  used on i
nput line 209.
(pdftex.def)             Requested size: 260.17465pt x 160.39612pt.
! Undefined control sequence.
\reserved@b ->\T@ref 
                     
l.211 ...ential as in Eq.\ref{eq:higgs_potential}}
                                                  
? 
! Missing $ inserted.
<inserted text> 
                $
l.211 ...ential as in Eq.\ref{eq:higgs_potential}}
                                                  
? 
! Extra }, or forgotten $.
<argument> ...l as in Eq.\ref {eq:higgs_potential}
                                                  
l.211 ...ential as in Eq.\ref{eq:higgs_potential}}
                                                  
? 
! Missing $ inserted.
<inserted text> 
                $
l.211 ...ential as in Eq.\ref{eq:higgs_potential}}
                                                  
? 
! Missing } inserted.
<inserted text> 
                }
l.211 ...ential as in Eq.\ref{eq:higgs_potential}}
                                                  
? 
! Undefined control sequence.
\reserved@b ->\T@ref 
                     
l.211 ...ential as in Eq.\ref{eq:higgs_potential}}
                                                  
? 
! Missing $ inserted.
<inserted text> 
                $
l.211 ...ential as in Eq.\ref{eq:higgs_potential}}
                                                  
? 
! Extra }, or forgotten $.
<argument> ...l as in Eq.\ref {eq:higgs_potential}
                                                  
l.211 ...ential as in Eq.\ref{eq:higgs_potential}}
                                                  
? 
! Missing $ inserted.
<inserted text> 
                $
l.211 ...ential as in Eq.\ref{eq:higgs_potential}}
                                                  
? 
! Incompatible list can't be unboxed.
\bm@s ->\unhbox \@tempboxa 
                           
l.211 ...ential as in Eq.\ref{eq:higgs_potential}}
                                                  
? 
! Missing } inserted.
<inserted text> 
                }
l.211 ...ential as in Eq.\ref{eq:higgs_potential}}
                                                  
? 

Overfull \hbox (27.35947pt too wide) in paragraph at lines 196--216
\T1/ppl/m/n/12 while the po-ten-tial term in Equa-tion  eq:EWSB$[]\OML/cmm/m/it
/12 agrangiancanalsobeexpressedas[]\OT1/cmr/m/n/12 V(\OML/cmm/m/it/12 ^^^[]^^^\
OT1/cmr/m/n/12 ) =
 []


Overfull \hbox (6.0254pt too wide) in paragraph at lines 196--216
\OMS/cmsy/m/n/12 ^^@\OML/cmm/m/it/12 ^^V[]^^^[]^^^ \OMS/cmsy/m/n/12 ^^@ \OML/cm
m/m/it/12 ^^U\OT1/cmr/m/n/12 (\OML/cmm/m/it/12 ^^^[]^^^\OT1/cmr/m/n/12 )[][][]$
$$\T1/ppl/m/n/12 here $\OML/cmm/m/it/12 ^^V$ \T1/ppl/m/n/12 is mass term and th
e pa-ram-e-ter $\OML/cmm/m/it/12 ^^U$ \T1/ppl/m/n/12 rep-re-sents the strength
 []

[7]
! Undefined control sequence.
\reserved@b ->\T@ref 
                     
l.254 Now the lagrangian in Eq.~\ref{
                                     eq:EWSB_lagrangian}~ can be rewritten a...

? 
! Missing $ inserted.
<inserted text> 
                $
l.254 Now the lagrangian in Eq.~\ref{eq:EWSB_
                                             lagrangian}~ can be rewritten a...

? 
! Extra }, or forgotten $.
l.254 ...agrangian in Eq.~\ref{eq:EWSB_lagrangian}
                                                  ~ can be rewritten and dis...

? 

! LaTeX Error: Bad math environment delimiter.

See the LaTeX manual or LaTeX Companion for explanation.
Type  H <return>  for immediate help.
 ...                                              
                                                  
l.256 \begin{equation}
                      
? 
! You can't use `\eqno' in math mode.
\endmathdisplay@a ...\df@tag \@empty \else \veqno 
                                                  \alt@tag \df@tag \fi \ifx ...
l.258 \end{equation}
                    
? 
! Missing \endgroup inserted.
<inserted text> 
                \endgroup 
l.258 \end{equation}
                    
? 

! LaTeX Error: \begin{document} ended by \end{equation}.

See the LaTeX manual or LaTeX Companion for explanation.
Type  H <return>  for immediate help.
 ...                                              
                                                  
l.258 \end{equation}
                    
? 
! Missing $ inserted.
<inserted text> 
                $
l.258 \end{equation}
                    
? 
! Missing } inserted.
<inserted text> 
                }
l.258 \end{equation}
                    
? 
! Extra \endgroup.
<recently read> \endgroup 
                          
l.258 \end{equation}
                    
? 

Overfull \hbox (143.94118pt too wide) in paragraph at lines 251--260
\T1/ppl/m/n/12 Now the la-grangian in Eq. eq:EWSB$[]\OML/cmm/m/it/12 agrangian 
canberewrittenanddisintegratedintothreecomponents[]\U/rsfs/m/n/12 L[] \OT1/cmr/
m/n/12 =
 []

! Undefined control sequence.
\reserved@b ->\T@ref 
                     
l.268 ...ns, mass terms are included in Eqs.~\ref{
                                                  Eq:modfied_langragian_HW}~...

? 
! Missing $ inserted.
<inserted text> 
                $
l.268 ...rms are included in Eqs.~\ref{Eq:modfied_
                                                  langragian_HW}~and~\ref{Eq...

? 
! Extra }, or forgotten $.
l.268 ...ed in Eqs.~\ref{Eq:modfied_langragian_HW}
                                                  ~and~\ref{Eq:modfied_langr...

? 
! Undefined control sequence.
\reserved@b ->\T@ref 
                     
l.268 ...~\ref{Eq:modfied_langragian_HW}~and~\ref{
                                                  Eq:modfied_langragian_HZ}....

? 

! LaTeX Error: \mathscr allowed only in math mode.

See the LaTeX manual or LaTeX Companion for explanation.
Type  H <return>  for immediate help.
 ...                                              
                                                  
l.268 ...en vanished from the Lagrangian $\mathscr
                                                  {L}_{EWSB}$ not affecting ...

? 
! Missing $ inserted.
<inserted text> 
                $
l.268 ...anished from the Lagrangian $\mathscr{L}_
                                                  {EWSB}$ not affecting over...

? 

Overfull \hbox (898.69339pt too wide) in paragraph at lines 266--275
\T1/ppl/m/n/12 For $\OML/cmm/m/it/12 W[]$ \T1/ppl/m/n/12 and $\OML/cmm/m/it/12 
Z$ \T1/ppl/m/n/12 bosons, mass terms are in-cluded in Eqs. Eq:modfied$[]\OML/cm
m/m/it/12 angragian[]W and []:Thisaddsupthreeadditionaldegreeoffreedom\OT1/cmr/
m/n/12 ; \OML/cmm/m/it/12 however; threeofthetotalfourGoldstonebosonshavealsobe
envanishedfromtheLagrangian$\T1/ppl/m/n/12 L$[]$
 []

! Undefined control sequence.
\reserved@b ->\T@ref 
                     
l.276 Equations. \ref{
                      Eq:modfied_langragian_HW} and \ref{Eq:modfied_langragi...

? 
! Missing $ inserted.
<inserted text> 
                $
l.276 Equations. \ref{Eq:modfied_
                                 langragian_HW} and \ref{Eq:modfied_langragi...

? 
! Extra }, or forgotten $.
l.276 Equations. \ref{Eq:modfied_langragian_HW}
                                                and \ref{Eq:modfied_langragi...

? 
! Undefined control sequence.
\reserved@b ->\T@ref 
                     
l.276 ... \ref{Eq:modfied_langragian_HW} and \ref{
                                                  Eq:modfied_langragian_HZ} ...

? 
! Missing $ inserted.
<inserted text> 
                $
l.276 ...ed_langragian_HZ} show that masses of $W^
                                                  {\pm}$ and $Z$ bosons are ...

? 

Overfull \hbox (46.06798pt too wide) in paragraph at lines 276--278
\T1/ppl/m/n/12 Equations. Eq:modfied$[]\OML/cmm/m/it/12 angragian[]Wand[]showth
atmassesof$\T1/ppl/m/n/12 W$[]$
 []

[8 <./Figures/chapter1_Figure/higgs_potential.jpg>]
! Undefined control sequence.
\reserved@b ->\T@ref 
                     
l.286 ...bosons can also be obtained by Eqs. \ref{
                                                  Eq:modfied_langragian_HW} ...

? 
! Missing $ inserted.
<inserted text> 
                $
l.286 ...also be obtained by Eqs. \ref{Eq:modfied_
                                                  langragian_HW} and \ref{Eq...

? 
! Extra }, or forgotten $.
l.286 ...ed by Eqs. \ref{Eq:modfied_langragian_HW}
                                                   and \ref{Eq:modfied_langr...

? 
! Undefined control sequence.
\reserved@b ->\T@ref 
                     
l.286 ... \ref{Eq:modfied_langragian_HW} and \ref{
                                                  Eq:modfied_langragian_HZ}
? 

! LaTeX Error: Bad math environment delimiter.

See the LaTeX manual or LaTeX Companion for explanation.
Type  H <return>  for immediate help.
 ...                                              
                                                  
l.287 \begin{equation}
                      
? 
! You can't use `\eqno' in math mode.
\endmathdisplay@a ...\df@tag \@empty \else \veqno 
                                                  \alt@tag \df@tag \fi \ifx ...
l.290 \end{equation}
                    
? 
! Missing \endgroup inserted.
<inserted text> 
                \endgroup 
l.290 \end{equation}
                    
? 

! LaTeX Error: \begin{document} ended by \end{equation}.

See the LaTeX manual or LaTeX Companion for explanation.
Type  H <return>  for immediate help.
 ...                                              
                                                  
l.290 \end{equation}
                    
? 
! Missing $ inserted.
<inserted text> 
                $
l.290 \end{equation}
                    
? 
! Missing } inserted.
<inserted text> 
                }
l.290 \end{equation}
                    
? 
! Missing } inserted.
<inserted text> 
                }
l.290 \end{equation}
                    
? 
! Missing } inserted.
<inserted text> 
                }
l.290 \end{equation}
                    
? 
! Extra \endgroup.
<recently read> \endgroup 
                          
l.290 \end{equation}
                    
? 

Overfull \hbox (261.53526pt too wide) in paragraph at lines 285--291
\T1/ppl/m/n/12 Couplings of Higgs bo-son to the bosons can also be ob-tained by
 Eqs. Eq:modfied$[]\OML/cmm/m/it/12 angragian[]Wand[][]g[] \OT1/cmr/m/n/12 =
 []

! Undefined control sequence.
\reserved@b ->\T@ref 
                     
l.295 Using above Eqs. \ref{
                            Eq:coupling_HW} and \ref{Eq:coupling_HW} helps t...

? 
! Missing $ inserted.
<inserted text> 
                $
l.295 Using above Eqs. \ref{Eq:coupling_
                                        HW} and \ref{Eq:coupling_HW} helps t...

? 
! Extra }, or forgotten $.
l.295 Using above Eqs. \ref{Eq:coupling_HW}
                                            and \ref{Eq:coupling_HW} helps t...

? 
! Undefined control sequence.
\reserved@b ->\T@ref 
                     
l.295 ...above Eqs. \ref{Eq:coupling_HW} and \ref{
                                                  Eq:coupling_HW} helps to g...

? 
! Missing $ inserted.
<inserted text> 
                $
l.295 ...ps to get the ratio of Higgs decay to $W^
                                                  {\pm}$~and~$Z$ bosons
? 

Overfull \hbox (85.419pt too wide) in paragraph at lines 294--296
\T1/ppl/m/n/12 Using above Eqs. Eq:coupling$[]\OML/cmm/m/it/12 Wand[]helpstoget
theratioofHiggsdecayto$\T1/ppl/m/n/12 W$[]$ and $\OML/cmm/m/it/12 Z$
 []

[9]
! Undefined control sequence.
\reserved@b ->\T@ref 
                     
l.342 ...f a fermion can be derived from Eq. \ref{
                                                  Eq:leptons_yukawa_lagrangi...

? 
! Missing $ inserted.
<inserted text> 
                $
l.342 ... can be derived from Eq. \ref{Eq:leptons_
                                                  yukawa_lagrangian}, writte...

? 
! Extra }, or forgotten $.
l.342 ...om Eq. \ref{Eq:leptons_yukawa_lagrangian}
                                                  , written as
? 

! LaTeX Error: Bad math environment delimiter.

See the LaTeX manual or LaTeX Companion for explanation.
Type  H <return>  for immediate help.
 ...                                              
                                                  
l.343 \begin{equation}
                      
? 
! You can't use `\eqno' in math mode.
\endmathdisplay@a ...\df@tag \@empty \else \veqno 
                                                  \alt@tag \df@tag \fi \ifx ...
l.345 \end{equation}
                    
? 
! Missing \endgroup inserted.
<inserted text> 
                \endgroup 
l.345 \end{equation}
                    
? 

! LaTeX Error: \begin{document} ended by \end{equation}.

See the LaTeX manual or LaTeX Companion for explanation.
Type  H <return>  for immediate help.
 ...                                              
                                                  
l.345 \end{equation}
                    
? 
! Missing $ inserted.
<inserted text> 
                $
l.345 \end{equation}
                    
? 
! Missing } inserted.
<inserted text> 
                }
l.345 \end{equation}
                    
? 
! Missing } inserted.
<inserted text> 
                }
l.345 \end{equation}
                    
? 
! Extra \endgroup.
<recently read> \endgroup 
                          
l.345 \end{equation}
                    
? 

Overfull \hbox (171.62634pt too wide) in paragraph at lines 341--346
\T1/ppl/m/n/12 The cou-plings con-stant and mass of a fermion can be de-rived f
rom Eq. Eq:leptons$[]\OML/cmm/m/it/12 ukawa[]agrangian; writtenas[]m[] \OT1/cmr
/m/n/12 =
 []

! Undefined control sequence.
\reserved@b ->\T@ref 
                     
l.367 ...e of their  masses as shown in Eqs.~\ref{
                                                  Eq:coupling_HW}~and~\ref{E...

? 
! Missing $ inserted.
<inserted text> 
                $
l.367 ...masses as shown in Eqs.~\ref{Eq:coupling_
                                                  HW}~and~\ref{Eq:coupling_H...

? 
! Extra }, or forgotten $.
l.367 ...ses as shown in Eqs.~\ref{Eq:coupling_HW}
                                                  ~and~\ref{Eq:coupling_HZ}....

? 
! Undefined control sequence.
\reserved@b ->\T@ref 
                     
l.367 ...wn in Eqs.~\ref{Eq:coupling_HW}~and~\ref{
                                                  Eq:coupling_HZ}. In case of
? 
! Undefined control sequence.
\reserved@b ->\T@ref 
                     
l.368 ...he Higgs and their masses as in Eq.~\ref{
                                                  Eq:fermions_couplings}. Fo...

? 
! Missing $ inserted.
<inserted text> 
                $
l.369 ... for Higgs searches are its decays to $W^
                                                  +W^-$, $ZZ$ and third gene...

? 

Overfull \hbox (1168.08577pt too wide) in paragraph at lines 365--371
\T1/ppl/m/n/12 tional to the square of their masses as shown in Eqs. Eq:couplin
g$[]\OML/cmm/m/it/12 W and []:Incaseoffermions; thereisdirectproportionalitybet
weentheircouplingswiththeHiggsandtheirmassesasinEq: []:Forthisreason; themostpr
omisingchannelsforHiggssearchesareitsdecaysto$\T1/ppl/m/n/12 W$[]\OML/cmm/m/it/
12 W[]$\T1/ppl/m/n/12 ,
 []

! Undefined control sequence.
\reserved@b ->\T@ref 
                     
l.373 ...ns at LHC are illustrated in Figure~\ref{
                                                  Fig:Higgs_boson_production...

? 
! Missing $ inserted.
<inserted text> 
                $
l.373 ...are illustrated in Figure~\ref{Fig:Higgs_
                                                  boson_production_at_LHC},
? 
! Extra }, or forgotten $.
l.373 ...e~\ref{Fig:Higgs_boson_production_at_LHC}
                                                  ,
? 
! Missing $ inserted.
<inserted text> 
                $
l.374 ...s at center-of-mass energies i.e. $\sqrt{
                                                  s} =$~7, 8 and 13 TeV are ...

? 
! Undefined control sequence.
\reserved@b ->\T@ref 
                     
l.375 Figure~\ref{
                  Fig:Higgs_boson production_crossSection_at_LHC}. A conside...

? 
! Missing $ inserted.
<inserted text> 
                $
l.375 Figure~\ref{Fig:Higgs_
                            boson production_crossSection_at_LHC}. A conside...

? 
! Extra }, or forgotten $.
l.375 ...ggs_boson production_crossSection_at_LHC}
                                                  . A considerable increase ...

? 
! Undefined control sequence.
\reserved@b ->\T@ref 
                     
l.375 ...her center-of-mass energies (Figure~\ref{
                                                  Fig:Higgs_boson_production...

? 

! LaTeX Error: Not in outer par mode.

See the LaTeX manual or LaTeX Companion for explanation.
Type  H <return>  for immediate help.
 ...                                              
                                                  
l.377 \begin
            {center}
? 
! Undefined control sequence.
\latex@xfloat ...vf \fi \global \setbox \@currbox 
                                                  \color@vbox \normalcolor \...
l.377 \begin
            {center}
? 
! Missing number, treated as zero.
<to be read again> 
                   \vbox 
l.377 \begin
            {center}
? 
<Figures/chapter1_Figure/HiggsProduction.jpg, id=410, 584.1825pt x 356.33125pt>

File: Figures/chapter1_Figure/HiggsProduction.jpg Graphic file (type jpg)
<use Figures/chapter1_Figure/HiggsProduction.jpg>
Package pdftex.def Info: Figures/chapter1_Figure/HiggsProduction.jpg  used on i
nput line 378.
(pdftex.def)             Requested size: 303.53267pt x 185.15195pt.

! LaTeX Error: Not in outer par mode.

See the LaTeX manual or LaTeX Companion for explanation.
Type  H <return>  for immediate help.
 ...                                              
                                                  
l.385  \begin
             {center}
? 
! Undefined control sequence.
\latex@xfloat ...vf \fi \global \setbox \@currbox 
                                                  \color@vbox \normalcolor \...
l.385  \begin
             {center}
? 
! Missing number, treated as zero.
<to be read again> 
                   \vbox 
l.385  \begin
             {center}
? 
<Figures/chapter1_Figure/Higgs_XS_7TeV.pdf, id=411, 569.12625pt x 408.52625pt>
File: Figures/chapter1_Figure/Higgs_XS_7TeV.pdf Graphic file (type pdf)
<use Figures/chapter1_Figure/Higgs_XS_7TeV.pdf>
Package pdftex.def Info: Figures/chapter1_Figure/Higgs_XS_7TeV.pdf  used on inp
ut line 386.
(pdftex.def)             Requested size: 260.17465pt x 186.76491pt.
<Figures/chapter1_Figure/Higgs_XS_8TeV.pdf, id=412, 569.12625pt x 408.52625pt>
File: Figures/chapter1_Figure/Higgs_XS_8TeV.pdf Graphic file (type pdf)
<use Figures/chapter1_Figure/Higgs_XS_8TeV.pdf>
Package pdftex.def Info: Figures/chapter1_Figure/Higgs_XS_8TeV.pdf  used on inp
ut line 387.
(pdftex.def)             Requested size: 260.17465pt x 186.76491pt.
<Figures/chapter1_Figure/plot_13tev_BSM_aa.pdf, id=413, 569.12625pt x 410.53375
pt>
File: Figures/chapter1_Figure/plot_13tev_BSM_aa.pdf Graphic file (type pdf)
<use Figures/chapter1_Figure/plot_13tev_BSM_aa.pdf>
Package pdftex.def Info: Figures/chapter1_Figure/plot_13tev_BSM_aa.pdf  used on
 input line 388.
(pdftex.def)             Requested size: 260.17465pt x 187.68266pt.

! LaTeX Error: Not in outer par mode.

See the LaTeX manual or LaTeX Companion for explanation.
Type  H <return>  for immediate help.
 ...                                              
                                                  
l.394  \begin
             {center}
? 
! Undefined control sequence.
\latex@xfloat ...vf \fi \global \setbox \@currbox 
                                                  \color@vbox \normalcolor \...
l.394  \begin
             {center}
? 
! Missing number, treated as zero.
<to be read again> 
                   \vbox 
l.394  \begin
             {center}
? 
<Figures/chapter1_Figure/Escan_h125.pdf, id=414, 569.12625pt x 547.04375pt>
File: Figures/chapter1_Figure/Escan_h125.pdf Graphic file (type pdf)
<use Figures/chapter1_Figure/Escan_h125.pdf>
Package pdftex.def Info: Figures/chapter1_Figure/Escan_h125.pdf  used on input 
line 395.
(pdftex.def)             Requested size: 260.17465pt x 250.09059pt.
! Missing $ inserted.
<inserted text> 
                $
l.400 \subsubsection
                    {Gluon-gluon Fusion }
? 

Overfull \hbox (265.44987pt too wide) in paragraph at lines 373--400
\T1/ppl/m/n/12 LHC are il-lus-trated in Fig-ure Fig:Higgs$[]\OML/cmm/m/it/12 os
on[]roduction[]t[]HC; correspondingproductioncrosssectionsasafunctionofitsmassa
tcenter \OMS/cmsy/m/n/12 ^^@
 []


Overfull \hbox (640.28055pt too wide) in paragraph at lines 373--400
\OML/cmm/m/it/12 of \OMS/cmsy/m/n/12 ^^@ \OML/cmm/m/it/12 massenergiesi:e:$$[] 
\OT1/cmr/m/n/12 =$ \T1/ppl/m/n/12 7, 8 and 13 TeV are shown in Fig-ure Fig:Higg
s$[]\OML/cmm/m/it/12 osonproduction[]rossSection[]t[]HC:Aconsiderableincreasein
productioncrosssectionofHiggsisfoundaswemovetowardshighercenter \OMS/cmsy/m/n/1
2 ^^@
 []

[10]
! Undefined control sequence.
\reserved@b ->\T@ref 
                     
l.403 Figure~\ref{
                  Fig:Higgs_boson_production_at_LHC}~(top left)~\cite{Refere...

? 
! Missing $ inserted.
<inserted text> 
                $
l.403 Figure~\ref{Fig:Higgs_
                            boson_production_at_LHC}~(top left)~\cite{Refere...

? 
! Extra }, or forgotten $.
l.403 ...e~\ref{Fig:Higgs_boson_production_at_LHC}
                                                  ~(top left)~\cite{Referenc...

? 
! Missing $ inserted.
<inserted text> 
                $
l.405 ...k loop is most dominant. For SMHiggs ($m_
                                                  H = 125$~GeV) the ggH cros...

? 
! Undefined control sequence.
\reserved@b ->\T@ref 
                     
l.407 ... The cross section numbers in Table~\ref{
                                                  Tab:higgs_cross_Section_gg...

? 
! Missing $ inserted.
<inserted text> 
                $
l.407 ... section numbers in Table~\ref{Tab:higgs_
                                                  cross_Section_ggH_vbf} are...

? 
! Extra }, or forgotten $.
l.407 ...ble~\ref{Tab:higgs_cross_Section_ggH_vbf}
                                                   are evaluated at NNLO (QC...

? 
! Missing $ inserted.
<inserted text> 
                $
l.408 \subsubsection
                    {Vector Boson Fusion (VBF)}
? 

Overfull \hbox (1310.55167pt too wide) in paragraph at lines 401--408
\T1/ppl/m/n/12 lus-trated in Fig-ure Fig:Higgs$[]\OML/cmm/m/it/12 oson[]roducti
on[]t[]HC \OT1/cmr/m/n/12 (\OML/cmm/m/it/12 topleft\OT1/cmr/m/n/12 ) [[]]\OML/c
mm/m/it/12 :AsLHCandtevatronarehadroncolliders; ithighlyprobablethattwogluonsre
sponsibleforbindingofhadroncollide:ThegluonscouplestoHiggsthroughtheloopofvirtu
alquarks; ascouplingisdirectlyproportionaltofermionmass; topquarkloopismostdomi
nant:ForSMHiggs\OT1/cmr/m/n/12 ($\T1/ppl/m/n/12 m$[] \OT1/cmr/m/n/12 =
 []


Overfull \hbox (323.52016pt too wide) in paragraph at lines 401--408
\T1/ppl/m/n/12 13 TeV at $\OML/cmm/m/it/12 m[] \OT1/cmr/m/n/12 = 125$ \T1/ppl/m
/n/12 GeV. The cross sec-tion num-bers in Ta-ble Tab:higgs$[]\OML/cmm/m/it/12 r
oss[]ection[]gH[]bfareevaluatedatNNLO\OT1/cmr/m/n/12 (\OML/cmm/m/it/12 QCD\OT1/
cmr/m/n/12 )\OML/cmm/m/it/12 andNLO\OT1/cmr/m/n/12 (\OML/cmm/m/it/12 EW\OT1/cmr
/m/n/12 )\OML/cmm/m/it/12 accuracies:$ 
 []

! Undefined control sequence.
\reserved@b ->\T@ref 
                     
l.410 Figure~\ref{
                  Fig:Higgs_boson_production_at_LHC}~(upper right). Its cros...

? 
! Missing $ inserted.
<inserted text> 
                $
l.410 Figure~\ref{Fig:Higgs_
                            boson_production_at_LHC}~(upper right). Its cros...

? 
! Extra }, or forgotten $.
l.410 ...e~\ref{Fig:Higgs_boson_production_at_LHC}
                                                  ~(upper right). Its cross ...

? 
! Missing $ inserted.
<inserted text> 
                $
l.411 $m_
         H = 125$~GeV, and becomes comparable at $m_H = 1$~TeV. For SM Higgs...

? 
! Undefined control sequence.
\reserved@b ->\T@ref 
                     
l.412 ... cross section numbers in the Table~\ref{
                                                  Tab:higgs_cross_Section_gg...

? 
! Missing $ inserted.
<inserted text> 
                $
l.412 ...tion numbers in the Table~\ref{Tab:higgs_
                                                  cross_Section_ggH_vbf} are
? 
! Extra }, or forgotten $.
l.412 ...ble~\ref{Tab:higgs_cross_Section_ggH_vbf}
                                                   are
? 
! Missing $ inserted.
<inserted text> 
                $
l.413 ...erenceb}. In VBF production mode, two $W^
                                                  \pm$ or $Z$ boson fusion c...

? 

Overfull \hbox (186.36629pt too wide) in paragraph at lines 409--416
\T1/ppl/m/n/12 shown in Fig-ure Fig:Higgs$[]\OML/cmm/m/it/12 oson[]roduction[]t
[]HC \OT1/cmr/m/n/12 (\OML/cmm/m/it/12 upperright\OT1/cmr/m/n/12 )\OML/cmm/m/it
/12 :Itscrosssectionisroughly\OT1/cmr/m/n/12 10 \OML/cmm/m/it/12 timeslowerthan
ggHat$\T1/ppl/m/n/12 m$[] \OT1/cmr/m/n/12 =
 []


Overfull \hbox (408.526pt too wide) in paragraph at lines 409--416
\T1/ppl/m/n/12 tively. The cross sec-tion num-bers in the Ta-ble Tab:higgs$[]\O
ML/cmm/m/it/12 ross[]ection[]gH[]bfarecomputedatNNLLQCDandNLOEWprecision \OT1/c
mr/m/n/12 [[]]\OML/cmm/m/it/12 :InVBFproductionmode; two$\T1/ppl/m/n/12 W$[]$
 []

! Undefined control sequence.
\reserved@b ->\T@ref 
                     
l.435 Figure~\ref{
                  Fig:Higgs_boson_production_at_LHC}~(bottom left). In this ...

? 
! Missing $ inserted.
<inserted text> 
                $
l.435 Figure~\ref{Fig:Higgs_
                            boson_production_at_LHC}~(bottom left). In this ...

? 
! Extra }, or forgotten $.
l.435 ...e~\ref{Fig:Higgs_boson_production_at_LHC}
                                                  ~(bottom left). In this pr...

? 
! Missing $ inserted.
<inserted text> 
                $
l.436 Higgs is radiated by high energetic $W^
                                             \pm$ or $Z$ bosons that is prod...

? 
! Undefined control sequence.
\reserved@b ->\T@ref 
                     
l.439 Table~\ref{
                 Tab:higgs_cross_Section_WH_ZH_ttH} which are computed at NN...

? 
! Missing $ inserted.
<inserted text> 
                $
l.439 Table~\ref{Tab:higgs_
                           cross_Section_WH_ZH_ttH} which are computed at NN...

? 
! Extra }, or forgotten $.
l.439 ...e~\ref{Tab:higgs_cross_Section_WH_ZH_ttH}
                                                   which are computed at NNL...

? 
! Missing $ inserted.
<inserted text> 
                $
l.440 \subsubsection
                    {Top Fusion}
? 

Overfull \hbox (480.78082pt too wide) in paragraph at lines 434--440
\T1/ppl/m/n/12 Such pro-duc-tion of Higgs is known as Higgs Strahlung as il-lus
-trated in Fig-ure Fig:Higgs$[]\OML/cmm/m/it/12 oson[]roduction[]t[]HC \OT1/cmr
/m/n/12 (\OML/cmm/m/it/12 bottomleft\OT1/cmr/m/n/12 )\OML/cmm/m/it/12 :Inthispr
ocess; Higgsisradiatedbyhighenergetic$\T1/ppl/m/n/12 W$[]$
 []


Overfull \hbox (268.45378pt too wide) in paragraph at lines 434--440
\T1/ppl/m/n/12 7 TeV, 8 TeV and 13 TeV are listed in Ta-ble Tab:higgs$[]\OML/cm
m/m/it/12 ross[]ection[]H[]H[]tHwhicharecomputedatNNLLQCDandNLOEWprecision \OT1
/cmr/m/n/12 [[]]\OML/cmm/m/it/12 :$ 
 []

! Undefined control sequence.
\reserved@b ->\T@ref 
                     
l.441 ...production is illustrated in Figure~\ref{
                                                  Fig:Higgs_boson_production...

? 
! Missing $ inserted.
<inserted text> 
                $
l.441 ... is illustrated in Figure~\ref{Fig:Higgs_
                                                  boson_production_at_LHC}~(...

? 
! Extra }, or forgotten $.
l.441 ...e~\ref{Fig:Higgs_boson_production_at_LHC}
                                                  ~(bottom right). In this p...

? 

! Package amsmath Error: \bar allowed only in math mode.

See the amsmath package documentation for explanation.
Type  H <return>  for immediate help.
 ...                                              
                                                  
l.442 ... Higgs by fusion in association $t\bar{t}
                                                  $. The ttH cross section f...

? 
! Undefined control sequence.
\reserved@b ->\T@ref 
                     
l.443 ...~TeV and 13~TeV are listed in Table~\ref{
                                                  Tab:higgs_cross_Section_WH...

? 

! LaTeX Error: Not in outer par mode.

See the LaTeX manual or LaTeX Companion for explanation.
Type  H <return>  for immediate help.
 ...                                              
                                                  
l.446 \caption
              {Higgs boson production cross section in pb for different Higg...

? 
! Undefined control sequence.
\latex@xfloat ...vf \fi \global \setbox \@currbox 
                                                  \color@vbox \normalcolor \...
l.446 \caption
              {Higgs boson production cross section in pb for different Higg...

? 
! Missing number, treated as zero.
<to be read again> 
                   \vbox 
l.446 \caption
              {Higgs boson production cross section in pb for different Higg...

? 

Overfull \hbox (25.04439pt too wide) in paragraph at lines 447--456
[][]
 []

! Missing $ inserted.
<inserted text> 
                $
l.459 
      
? 

Overfull \hbox (1789.59904pt too wide) in paragraph at lines 441--459
\T1/ppl/m/n/12 The least dom-i-nant pro-cess of Higgs pro-duc-tion is il-lus-tr
ated in Fig-ure Fig:Higgs$[]\OML/cmm/m/it/12 oson[]roduction[]t[]HC \OT1/cmr/m/
n/12 (\OML/cmm/m/it/12 bottomright\OT1/cmr/m/n/12 )\OML/cmm/m/it/12 :Inthisproc
esstwogluonscollideproducingpairoftopantitopwhichproducesHiggsbyfusioninassocia
tion$\T1/ppl/m/n/12 t$\OML/cmm/m/it/12 :ThettHcrosssectionforStandardModelHiggs
atcenterofmassenergiesof\OT1/cmr/m/n/12 7 \OML/cmm/m/it/12 TeV; \OT1/cmr/m/n/12
 8 \OML/cmm/m/it/12 TeVand\OT1/cmr/m/n/12 13 \OML/cmm/m/it/12 TeVarelistedinTab
le []whicharecomputedatNLOQCDandNLOEWprecision \OT1/cmr/m/n/12 [[]]\OML/cmm/m/i
t/12 :$ 
 []

[11]
! Undefined control sequence.
\reserved@b ->\T@ref 
                     
l.467 ...particles are illustrated in Figure~\ref{
                                                  Fig:Higgs_BR}~\cite{Refere...

? 
! Missing $ inserted.
<inserted text> 
                $
l.467 ...are illustrated in Figure~\ref{Fig:Higgs_
                                                  BR}~\cite{Referenceb}.
? 
! Extra }, or forgotten $.
l.467 ... illustrated in Figure~\ref{Fig:Higgs_BR}
                                                  ~\cite{Referenceb}.
? 
! Missing $ inserted.
<inserted text> 
                $
l.468 \par
           $H\rightarrow b\bar{b}$ (at $m_H \approx 125$~GeV) is the most do...

? 
! Undefined control sequence.
\reserved@b ->\T@ref 
                     
l.481 Figure~\ref{
                  Fig:XSBR_7TeV_8TeV_SM_LM}~\cite{Referenceb}.
? 
! Missing $ inserted.
<inserted text> 
                $
l.481 Figure~\ref{Fig:XSBR_
                           7TeV_8TeV_SM_LM}~\cite{Referenceb}.
? 
! Extra }, or forgotten $.
l.481 Figure~\ref{Fig:XSBR_7TeV_8TeV_SM_LM}
                                           ~\cite{Referenceb}.
? 

! LaTeX Error: Not in outer par mode.

See the LaTeX manual or LaTeX Companion for explanation.
Type  H <return>  for immediate help.
 ...                                              
                                                  
l.483  \begin
             {center}
? 
! Undefined control sequence.
\latex@xfloat ...vf \fi \global \setbox \@currbox 
                                                  \color@vbox \normalcolor \...
l.483  \begin
             {center}
? 
! Missing number, treated as zero.
<to be read again> 
                   \vbox 
l.483  \begin
             {center}
? 
<Figures/chapter1_Figure/Higgs_BR_LM.pdf, id=437, 569.12625pt x 546.04pt>
File: Figures/chapter1_Figure/Higgs_BR_LM.pdf Graphic file (type pdf)
<use Figures/chapter1_Figure/Higgs_BR_LM.pdf>
Package pdftex.def Info: Figures/chapter1_Figure/Higgs_BR_LM.pdf  used on input
 line 484.
(pdftex.def)             Requested size: 260.17465pt x 249.63171pt.

! LaTeX Error: Not in outer par mode.

See the LaTeX manual or LaTeX Companion for explanation.
Type  H <return>  for immediate help.
 ...                                              
                                                  
l.490 \begin{figure}[!htbp]
                           
? 
! Undefined control sequence.
\latex@xfloat ...vf \fi \global \setbox \@currbox 
                                                  \color@vbox \normalcolor \...
l.490 \begin{figure}[!htbp]
                           
? 
! Missing number, treated as zero.
<to be read again> 
                   \vbox 
l.490 \begin{figure}[!htbp]
                           
? 
<Figures/chapter1_Figure/XSBR_7TeV_SM_LM.pdf, id=438, 569.12625pt x 548.0475pt>

File: Figures/chapter1_Figure/XSBR_7TeV_SM_LM.pdf Graphic file (type pdf)
<use Figures/chapter1_Figure/XSBR_7TeV_SM_LM.pdf>
Package pdftex.def Info: Figures/chapter1_Figure/XSBR_7TeV_SM_LM.pdf  used on i
nput line 492.
(pdftex.def)             Requested size: 216.81pt x 208.77869pt.
<Figures/chapter1_Figure/XSBR_8TeV_SM_LM.pdf, id=439, 569.12625pt x 549.05125pt
>
File: Figures/chapter1_Figure/XSBR_8TeV_SM_LM.pdf Graphic file (type pdf)
<use Figures/chapter1_Figure/XSBR_8TeV_SM_LM.pdf>
Package pdftex.def Info: Figures/chapter1_Figure/XSBR_8TeV_SM_LM.pdf  used on i
nput line 495.
(pdftex.def)             Requested size: 216.81pt x 209.16107pt.

Overfull \hbox (2.28001pt too wide) in paragraph at lines 491--497
[]$[]$ $[]$ 
 []

! Missing $ inserted.
<inserted text> 
                $
l.501 \section
              {Experimental Observations}\label{chaper1_sec4}
? 
[12] [13] [14]) [15]
\openout2 = `Chapters/Chapter_2.aux'.

 (./Chapters/Chapter_2.tex [16



]
Chapter 3.
<Figures/chapter2_Figure/Cern-accelerator-complex.png, id=493, 803.0pt x 522.95
375pt>
File: Figures/chapter2_Figure/Cern-accelerator-complex.png Graphic file (type p
ng)
<use Figures/chapter2_Figure/Cern-accelerator-complex.png>
Package pdftex.def Info: Figures/chapter2_Figure/Cern-accelerator-complex.png  
used on input line 26.
(pdftex.def)             Requested size: 346.89732pt x 225.91904pt.
! Undefined control sequence.
\reserved@b ->\T@ref 
                     
l.33 ...rcs sections as elaborated in Figure \ref{
                                                  Fig:lhc_schematic_layout}~...

? 
! Missing $ inserted.
<inserted text> 
                $
l.33 ...ions as elaborated in Figure \ref{Fig:lhc_
                                                  schematic_layout}~\cite{Re...

? 
! Extra }, or forgotten $.
l.33 ...d in Figure \ref{Fig:lhc_schematic_layout}
                                                  ~\cite{Reference28}. The L...

? 

! LaTeX Error: Not in outer par mode.

See the LaTeX manual or LaTeX Companion for explanation.
Type  H <return>  for immediate help.
 ...                                              
                                                  
l.42 \begin
           {center}
? 
! Undefined control sequence.
\latex@xfloat ...vf \fi \global \setbox \@currbox 
                                                  \color@vbox \normalcolor \...
l.42 \begin
           {center}
? 
! Missing number, treated as zero.
<to be read again> 
                   \vbox 
l.42 \begin
           {center}
? 
<Figures/chapter2_Figure/lhc-schematic.png, id=495, 375.804pt x 395.076pt>
File: Figures/chapter2_Figure/lhc-schematic.png Graphic file (type png)
<use Figures/chapter2_Figure/lhc-schematic.png>
Package pdftex.def Info: Figures/chapter2_Figure/lhc-schematic.png  used on inp
ut line 43.
(pdftex.def)             Requested size: 346.89732pt x 364.70412pt.
! Missing $ inserted.
<inserted text> 
                $
l.48 \subsubsection
                   {LHC Performance Goals}
? 

Overfull \hbox (4318.72858pt too wide) in paragraph at lines 33--48
\T1/ppl/m/n/12 arcs sec-tions as elab-o-rated in Fig-ure Fig:lhc$[]\OML/cmm/m/i
t/12 chematic[]ayout \OT1/cmr/m/n/12 [[]]\OML/cmm/m/it/12 :TheLHCisdesignedtoha
vetwoseparateringscontainingclockwiseandcounterclockwiseprotonbeams; equippedwi
thseparatemagneticfieldsandvacuumchambers:Thesetworingsonlyintersecteachotherat
thepointswheredetectorsareinstalled:Point\OT1/cmr/m/n/12 1\OML/cmm/m/it/12 andp
oint\OT1/cmr/m/n/12 5\OML/cmm/m/it/12 ; oppositetoeachother; whereATLASandCMS; 
twogeneralpurposedetectorsofLHC; areinstalledrespectively:Theothertwoimportantd
etectors; ALICEandLHCb; areinstalledatpoint\OT1/cmr/m/n/12 2\OML/cmm/m/it/12 an
dpoint\OT1/cmr/m/n/12 8\OML/cmm/m/it/12 whicharedesignedtostudyheavyionPhysicsa
ndBPhysicsrespectively:Twoprotonsbeamsareinjectedintheverticalplaneinbothringsc
losetopoint\OT1/cmr/m/n/12 2\OML/cmm/m/it/12 andpoint\OT1/cmr/m/n/12 8\OML/cmm/
m/it/12 :Among\OT1/cmr/m/n/12 8\OML/cmm/m/it/12 sections; therearefourwithnobea
mcrossingatall:Point\OT1/cmr/m/n/12 3\OML/cmm/m/it/12 andpoint\OT1/cmr/m/n/12 7
\OML/cmm/m/it/12 areequippedwithtwoindependentcollimationsystemsforbothrings:At
point\OT1/cmr/m/n/12 4\OML/cmm/m/it/12 ; twoRFsystemareinstalledoneforeachbeam:
Whileatpoint\OT1/cmr/m/n/12 6\OML/cmm/m/it/12 ; kickermagnetsareinstalledtodump
thebeams:$ 
 []

1: section
[17]
! Undefined control sequence.
\reserved@b ->\T@ref 
                     
l.53 ...}~cm^{2}~s^{-1}$ are shown in Figure \ref{
                                                  Fig:lhc_all}.
? 
! Missing $ inserted.
<inserted text> 
                $
l.53 ...~s^{-1}$ are shown in Figure \ref{Fig:lhc_
                                                  all}.
? 
! Extra }, or forgotten $.
l.53 ...-1}$ are shown in Figure \ref{Fig:lhc_all}
                                                  .
? 
! Undefined control sequence.
\reserved@b ->\T@ref 
                     
l.55 ...ckground discrimination. From Figure \ref{
                                                  Fig:lhc_all} its clear tha...

? 

! LaTeX Error: \mathscr allowed only in math mode.

See the LaTeX manual or LaTeX Companion for explanation.
Type  H <return>  for immediate help.
 ...                                              
                                                  
l.57 ... for CMS and ATLAS experiment is $\mathscr
                                                  {L}$ = 10$^{34}$cm$^{2}$s$...

? 
! Missing $ inserted.
<inserted text> 
                $
l.57 ...d ATLAS experiment is $\mathscr{L}$ = 10$^
                                                  {34}$cm$^{2}$s$^{-1}$, and...

? 
! Undefined control sequence.
\reserved@b ->\T@ref 
                     
l.58  The cross section in Figure \ref{
                                       Fig:lhc_all} ~\cite{Reference29}~show...

? 
! Missing $ inserted.
<inserted text> 
                $
l.58  The cross section in Figure \ref{Fig:lhc_
                                               all} ~\cite{Reference29}~show...

? 
! Extra }, or forgotten $.
l.58 ... cross section in Figure \ref{Fig:lhc_all}
                                                   ~\cite{Reference29}~shows...

? 
! Missing $ inserted.
<inserted text> 
                $
l.60 \subsubsection
                   {Nominal Luminosity and Beam Parameters}
? 

Overfull \hbox (1538.96704pt too wide) in paragraph at lines 52--60
\T1/ppl/m/n/12 Fig-ure Fig:lhc$[]\OML/cmm/m/it/12 ll:HiggsproductionatLHCfacili
tyisrareascomparedtootherQCDandweakboson\OT1/cmr/m/n/12 ($\T1/ppl/m/n/12 W,Z$\O
T1/cmr/m/n/12 )\OML/cmm/m/it/12 productionswhichactasbackgroundsintheHiggsboson
searches:InordertoreconstructHiggsbosonatLHC; oneneedtoexploitspecificfinalstat
esprovidingenoughsignaltobackgrounddiscrimination:FromFigure[]itsclearthatHiggs
bosonproductionriseswithincreaseincenter \OMS/cmsy/m/n/12 ^^@
 []


Overfull \hbox (540.4921pt too wide) in paragraph at lines 52--60
\OML/cmm/m/it/12 of \OMS/cmsy/m/n/12 ^^@ \OML/cmm/m/it/12 massenergies:Soincrea
seinmachineluminosityandcenter \OMS/cmsy/m/n/12 ^^@ \OML/cmm/m/it/12 of \OMS/cm
sy/m/n/12 ^^@ \OML/cmm/m/it/12 massenergiesenablesustogetmorestatisticsofHiggsb
oson:TheNominalluminosityforCMSandATLASexperimentis$\T1/ppl/m/n/12 L$\OT1/cmr/m
/n/12 =
 []


Overfull \hbox (1024.73329pt too wide) in paragraph at lines 52--60
\T1/ppl/m/n/12 sec-tion in Fig-ure Fig:lhc$[]\OML/cmm/m/it/12 ll \OT1/cmr/m/n/1
2 [[]] \OML/cmm/m/it/12 showsthatLHChaspossibilitytoproduceasingleHiggsbosonaft
erevery\OT1/cmr/m/n/12 100 \OML/cmm/m/it/12 satmass\OT1/cmr/m/n/12 500 \OML/cmm
/m/it/12 GeV:TogetultimatenumberofHiggsbosonsproducedatcertainluminosity; onene
edtomultiplythiswithspecificbranchingratio; selectionandreconstructionefficienc
ies:$ 
 []

[18 <./Figures/chapter2_Figure/Cern-accelerator-complex.png>]
! Undefined control sequence.
\reserved@b ->\T@ref 
                     
l.74 ...al luminosity is summarized in Table \ref{
                                                  Tab:nominal_lumi_parameter...

? 
! Missing $ inserted.
<inserted text> 
                $
l.74 ...y is summarized in Table \ref{Tab:nominal_
                                                  lumi_parameters}. Such hig...

? 
! Extra }, or forgotten $.
l.74 ...in Table \ref{Tab:nominal_lumi_parameters}
                                                  . Such high luminosity can...

? 

! LaTeX Error: \mathscr allowed only in math mode.

See the LaTeX manual or LaTeX Companion for explanation.
Type  H <return>  for immediate help.
 ...                                              
                                                  
l.78 ...y B Physics with peak luminosity $\mathscr
                                                  {L} = 10^{32} cm^2 s^{-1}$...

? 
! Missing $ inserted.
<inserted text> 
                $
l.78 ...cs with peak luminosity $\mathscr{L} = 10^
                                                  {32} cm^2 s^{-1}$. And the...

? 
<Figures/chapter2_Figure/LHC_all2.png, id=514, 561.09625pt x 798.985pt>
File: Figures/chapter2_Figure/LHC_all2.png Graphic file (type png)
<use Figures/chapter2_Figure/LHC_all2.png>
Package pdftex.def Info: Figures/chapter2_Figure/LHC_all2.png  used on input li
ne 105.
(pdftex.def)             Requested size: 346.89732pt x 493.96356pt.

Overfull \hbox (291.38335pt too wide) in paragraph at lines 72--111
\T1/ppl/m/n/12 ters to ob-tain this nom-i-nal lu-mi-nos-ity is sum-ma-rized in 
Ta-ble Tab:nominal$[]\OML/cmm/m/it/12 umi[]arameters:Suchhighluminositycannotbe
attainedbyproton \OMS/cmsy/m/n/12 ^^@
 []


Overfull \hbox (1040.768pt too wide) in paragraph at lines 72--111
\OML/cmm/m/it/12 anti \OMS/cmsy/m/n/12 ^^@ \OML/cmm/m/it/12 protoncollisions; l
eavingonlypossibilityofprotonprotoncollisionsforLHCmachine:Toaligntwooppositemo
vingprotonbeamsinbothringsforcollisionsneedsdipolemagneticwithoppositefieldsdir
ection:TheLHCb \OT1/cmr/m/n/12 [[]]\OML/cmm/m/it/12 detectorisspeciallydesigned
tostudyBPhysicswithpeakluminosity$\T1/ppl/m/n/12 L
 []

! Undefined control sequence.
\reserved@b ->\T@ref 
                     
l.118 ...017 and 2018 as shown in the Figure \ref{
                                                  fig:luminosity_2015}, \ref...

? 
! Missing $ inserted.
<inserted text> 
                $
l.118 ... shown in the Figure \ref{fig:luminosity_
                                                  2015}, \ref{fig:luminosity...

? 
! Extra }, or forgotten $.
l.118 ...n in the Figure \ref{fig:luminosity_2015}
                                                  , \ref{fig:luminosity_2016...

? 
! Undefined control sequence.
\reserved@b ->\T@ref 
                     
l.118 ...e Figure \ref{fig:luminosity_2015}, \ref{
                                                  fig:luminosity_2016}, \ref...

? 
! Undefined control sequence.
\reserved@b ->\T@ref 
                     
l.118 ...y_2015}, \ref{fig:luminosity_2016}, \ref{
                                                  fig:luminosity_2017} and \...

? 
! Undefined control sequence.
\reserved@b ->\T@ref 
                     
l.118 ...016}, \ref{fig:luminosity_2017} and \ref{
                                                  fig:luminosity_2018} respe...

? 

! LaTeX Error: Not in outer par mode.

See the LaTeX manual or LaTeX Companion for explanation.
Type  H <return>  for immediate help.
 ...                                              
                                                  
l.120 \begin{figure}[!htb]
                          
? 
! Undefined control sequence.
\latex@xfloat ...vf \fi \global \setbox \@currbox 
                                                  \color@vbox \normalcolor \...
l.120 \begin{figure}[!htb]
                          
? 
! Missing number, treated as zero.
<to be read again> 
                   \vbox 
l.120 \begin{figure}[!htb]
                          
? 
<Figures/chapter2_Figure/int_lumi_per_day_cumulative_pp_2015_prelim.pdf, id=515
, 578.16pt x 433.62pt>
File: Figures/chapter2_Figure/int_lumi_per_day_cumulative_pp_2015_prelim.pdf Gr
aphic file (type pdf)
<use Figures/chapter2_Figure/int_lumi_per_day_cumulative_pp_2015_prelim.pdf>
Package pdftex.def Info: Figures/chapter2_Figure/int_lumi_per_day_cumulative_pp
_2015_prelim.pdf  used on input line 125.
(pdftex.def)             Requested size: 208.13574pt x 156.09647pt.
! Undefined control sequence.
<recently read> \strip@period 
                              
l.125     }
           
? 
! Undefined control sequence.
\sf@sub@label ...rip@period #1\relax .\relax \@@@ 
                                                  }\fi \sf@@sub@label {#2}
l.125     }
           
? 
! Undefined control sequence.
<recently read> \strip@period 
                              
l.125     }
           
? 
! Undefined control sequence.
<argument> ...urrentlabelname \relax .\relax \@@@ 
                                                  }{\@currentHref }{}}
l.125     }
           
? 
<Figures/chapter2_Figure/int_lumi_per_day_cumulative_pp_2016_prelim.pdf, id=516
, 578.16pt x 433.62pt>
File: Figures/chapter2_Figure/int_lumi_per_day_cumulative_pp_2016_prelim.pdf Gr
aphic file (type pdf)
<use Figures/chapter2_Figure/int_lumi_per_day_cumulative_pp_2016_prelim.pdf>
Package pdftex.def Info: Figures/chapter2_Figure/int_lumi_per_day_cumulative_pp
_2016_prelim.pdf  used on input line 129.
(pdftex.def)             Requested size: 208.13574pt x 156.09647pt.
! Undefined control sequence.
<recently read> \strip@period 
                              
l.129     }
           
? 
! Undefined control sequence.
\sf@sub@label ...rip@period #1\relax .\relax \@@@ 
                                                  }\fi \sf@@sub@label {#2}
l.129     }
           
? 
! Undefined control sequence.
<recently read> \strip@period 
                              
l.129     }
           
? 
! Undefined control sequence.
<argument> ...urrentlabelname \relax .\relax \@@@ 
                                                  }{\@currentHref }{}}
l.129     }
           
? 
<Figures/chapter2_Figure/int_lumi_per_day_cumulative_pp_2017_prelim.pdf, id=517
, 578.16pt x 433.62pt>
File: Figures/chapter2_Figure/int_lumi_per_day_cumulative_pp_2017_prelim.pdf Gr
aphic file (type pdf)
<use Figures/chapter2_Figure/int_lumi_per_day_cumulative_pp_2017_prelim.pdf>
Package pdftex.def Info: Figures/chapter2_Figure/int_lumi_per_day_cumulative_pp
_2017_prelim.pdf  used on input line 134.
(pdftex.def)             Requested size: 208.13574pt x 156.09647pt.
! Undefined control sequence.
<recently read> \strip@period 
                              
l.134     }
           
? 
! Undefined control sequence.
\sf@sub@label ...rip@period #1\relax .\relax \@@@ 
                                                  }\fi \sf@@sub@label {#2}
l.134     }
           
? 
! Undefined control sequence.
<recently read> \strip@period 
                              
l.134     }
           
? 
! Undefined control sequence.
<argument> ...urrentlabelname \relax .\relax \@@@ 
                                                  }{\@currentHref }{}}
l.134     }
           
? 
<Figures/chapter2_Figure/int_lumi_per_day_cumulative_pp_2018_prelim.pdf, id=518
, 578.16pt x 433.62pt>
File: Figures/chapter2_Figure/int_lumi_per_day_cumulative_pp_2018_prelim.pdf Gr
aphic file (type pdf)
<use Figures/chapter2_Figure/int_lumi_per_day_cumulative_pp_2018_prelim.pdf>
Package pdftex.def Info: Figures/chapter2_Figure/int_lumi_per_day_cumulative_pp
_2018_prelim.pdf  used on input line 138.
(pdftex.def)             Requested size: 208.13574pt x 156.09647pt.
! Undefined control sequence.
<recently read> \strip@period 
                              
l.138     }
           \\
? 
! Undefined control sequence.
\sf@sub@label ...rip@period #1\relax .\relax \@@@ 
                                                  }\fi \sf@@sub@label {#2}
l.138     }
           \\
? 
! Undefined control sequence.
<recently read> \strip@period 
                              
l.138     }
           \\
? 
! Undefined control sequence.
<argument> ...urrentlabelname \relax .\relax \@@@ 
                                                  }{\@currentHref }{}}
l.138     }
           \\
? 
! Missing $ inserted.
<inserted text> 
                $
l.144 \section
              {The Compact Muon Solenoid (CMS) Experiment}
? 

Overfull \hbox (272.81209pt too wide) in paragraph at lines 117--144
\T1/ppl/m/n/12 2017 and 2018 as shown in the Fig-ure fig:luminosity$[]\OT1/cmr/
m/n/12 015\OML/cmm/m/it/12 ; []; []and[]respectively:$ 
 []

! Undefined control sequence.
\reserved@b ->\T@ref 
                     
l.148 ... design. It is apparent from Figure \ref{
                                                  Fig:lhc_all} that the tota...

? 
! Missing $ inserted.
<inserted text> 
                $
l.148 ... It is apparent from Figure \ref{Fig:lhc_
                                                  all} that the total cross ...

? 
! Extra }, or forgotten $.
l.148 ...is apparent from Figure \ref{Fig:lhc_all}
                                                   that the total cross sect...

? 
! Missing $ inserted.
<inserted text> 
                $
l.148 ...ion proton-proton collisionis at  $\sqrt{
                                                  s} = 14 $~TeV is approxima...

? 
[19] [20 <./Figures/chapter2_Figure/LHC_all2.png (PNG copy)>]
LaTeX Font Info:    Try loading font information for OMS+ppl on input line 153.


(/usr/share/texlive/texmf-dist/tex/latex/psnfss/omsppl.fd
File: omsppl.fd 
)
LaTeX Font Info:    Font shape `OMS/ppl/m/n' in size <12> not available
(Font)              Font shape `OMS/cmsy/m/n' tried instead on input line 153.
<Figures/chapter2_Figure/CMS_detector_design.png, id=536, 3189.9175pt x 2253.41
875pt>
File: Figures/chapter2_Figure/CMS_detector_design.png Graphic file (type png)
<use Figures/chapter2_Figure/CMS_detector_design.png>
Package pdftex.def Info: Figures/chapter2_Figure/CMS_detector_design.png  used 
on input line 160.
(pdftex.def)             Requested size: 346.89732pt x 245.02292pt.

! Undefined control sequence.
\reserved@b ->\T@ref 
                     
l.168 CMS overall  design is shown in Figure \ref{
                                                  Fig:CMS_detector_design}.
? 
! Missing $ inserted.
<inserted text> 
                $
l.168 ...  design is shown in Figure \ref{Fig:CMS_
                                                  detector_design}.
? 
! Extra }, or forgotten $.
l.168 ...n in Figure \ref{Fig:CMS_detector_design}
                                                  .
? 
! Missing $ inserted.
<inserted text> 
                $
l.170 ... which covers pseudorapidity up to $|\eta
                                                  | < 3.0$. After ECAL, hadr...

? 

Overfull \hbox (1317.5108pt too wide) in paragraph at lines 168--171
[]\T1/ppl/m/n/12 CMS over-all de-sign is shown in Fig-ure Fig:CMS$[]\OML/cmm/m/
it/12 etector[]esign:CMSmagnetissuperconductingsolenoidwhichis\OT1/cmr/m/n/12 1
3\OML/cmm/m/it/12 mlengthwithinnerdiameterof\OT1/cmr/m/n/12 6\OML/cmm/m/it/12 m
:ItisplacedattheheartofCMSandiscapabletoproduceamagneticfieldof\OT1/cmr/m/n/12 
3\OML/cmm/m/it/12 :\OT1/cmr/m/n/12 8\OML/cmm/m/it/12 T:Theinnertrackersystem\OT
1/cmr/m/n/12 (\OML/cmm/m/it/12 ITS\OT1/cmr/m/n/12 )\OML/cmm/m/it/12 ; electroma
gneticcalorimeter\OT1/cmr/m/n/12 (\OML/cmm/m/it/12 ECAL\OT1/cmr/m/n/12 )\OML/cm
m/m/it/12 andhadroniccalorimeter\OT1/cmr/m/n/12 (\OML/cmm/m/it/12 HCAL\OT1/cmr/
m/n/12 )\OML/cmm/m/it/12 arethesub \OMS/cmsy/m/n/12 ^^@
 []


Overfull \hbox (825.60822pt too wide) in paragraph at lines 168--171
\OML/cmm/m/it/12 detectorsofCMSwhicharefittedinsidethelargesolenoidmagnet:Inner
trackerofCMShavelargetrackmultiplicityasbeingclosesttobeampipewherecollisionsha
ppens:ECALisbuildwithcrystalsofleadtungstatewhichcoverspseudorapidityupto$\T1/p
pl/m/n/12 |$\OML/cmm/m/it/12 ^^Q\OMS/cmsy/m/n/12 j \OML/cmm/m/it/12 <
 []

! Undefined control sequence.
\reserved@b ->\T@ref 
                     
l.173 as illustrated in Figure \ref{
                                    Fig:CMS_detector_design}. The center of ...

? 
! Missing $ inserted.
<inserted text> 
                $
l.173 as illustrated in Figure \ref{Fig:CMS_
                                            detector_design}. The center of ...

? 
! Extra }, or forgotten $.
l.173 ...d in Figure \ref{Fig:CMS_detector_design}
                                                  . The center of the experi...

? 

! LaTeX Error: Not in outer par mode.

See the LaTeX manual or LaTeX Companion for explanation.
Type  H <return>  for immediate help.
 ...                                              
                                                  
l.176 \begin
            {center}
? 
! Undefined control sequence.
\latex@xfloat ...vf \fi \global \setbox \@currbox 
                                                  \color@vbox \normalcolor \...
l.176 \begin
            {center}
? 
! Missing number, treated as zero.
<to be read again> 
                   \vbox 
l.176 \begin
            {center}
? 
<Figures/chapter2_Figure/CMS_coorinidates.pdf, id=537, 670.09209pt x 443.41397p
t>
File: Figures/chapter2_Figure/CMS_coorinidates.pdf Graphic file (type pdf)
<use Figures/chapter2_Figure/CMS_coorinidates.pdf>
Package pdftex.def Info: Figures/chapter2_Figure/CMS_coorinidates.pdf  used on 
input line 177.
(pdftex.def)             Requested size: 346.89732pt x 229.55493pt.
! Missing $ inserted.
<inserted text> 
                $
l.182 ...nent in transverse (xy) plane while $\phi
                                                  $ is the the azimuthal ang...

? 
! Undefined control sequence.
\reserved@b ->\T@ref 
                     
l.182 ... from the z axis as shown in Figure \ref{
                                                  Fig:CMS_coordinates}. Dire...

? 
! Missing $ inserted.
<inserted text> 
                $
l.182 ...e z axis as shown in Figure \ref{Fig:CMS_
                                                  coordinates}. Direction of...

? 
! Extra }, or forgotten $.
l.182 ...shown in Figure \ref{Fig:CMS_coordinates}
                                                  . Direction of any particl...

? 
! Missing $ inserted.
<inserted text> 
                $
l.183 by $(\eta
               ,\phi)$, where $\eta$ being the pseudo-rapidity defined as
? 

Overfull \hbox (1.79526pt too wide) in paragraph at lines 172--187
\T1/ppl/m/n/12 The co-or-di-nate sys-tem would be de-scribed in this Sec-tion a
nd will be used through-
 []


Overfull \hbox (964.46391pt too wide) in paragraph at lines 172--187
\T1/ppl/m/n/12 trated in Fig-ure Fig:CMS$[]\OML/cmm/m/it/12 etector[]esign:Thec
enteroftheexperimentliesinsidebeampipewheretwobeamscollides\OT1/cmr/m/n/12 ; \O
ML/cmm/m/it/12 theyaxisisdirectedverticallyupwardsandthexaxisbeinghorizontaltow
ardstheLHCringcenter:The$\T1/ppl/m/n/12 r$\OML/cmm/m/it/12 representstheradialc
omponentintransverse\OT1/cmr/m/n/12 (\OML/cmm/m/it/12 xy\OT1/cmr/m/n/12 )\OML/c
mm/m/it/12 planewhile$$^^^$
 []


Overfull \hbox (195.6555pt too wide) in paragraph at lines 172--187
\T1/ppl/m/n/12 mea-sured from the z axis as shown in Fig-ure Fig:CMS$[]\OML/cmm
/m/it/12 oordinates:DirectionofanyparticlewithinCMSisdescribedby$\T1/ppl/m/n/12
 ($\OML/cmm/m/it/12 ^^Q; ^^^\OT1/cmr/m/n/12 )$\T1/ppl/m/n/12 ,
 []

[21] [22 <./Figures/chapter2_Figure/CMS_detector_design.png>]
! Undefined control sequence.
\reserved@b ->\T@ref 
                     
l.205 ...n of interaction as shown in Figure \ref{
                                                  Fig:CMS_detector_design}. ...

? 
! Missing $ inserted.
<inserted text> 
                $
l.205 ...eraction as shown in Figure \ref{Fig:CMS_
                                                  detector_design}. Its is 2...

? 
! Extra }, or forgotten $.
l.205 ...n in Figure \ref{Fig:CMS_detector_design}
                                                  . Its is 2.5 m in diameter...

? 
! Missing $ inserted.
<inserted text> 
                $
l.205 ...diameter and 5 m in length feeding $|\eta
                                                  |$ coverage up to 2.5.  Th...

? 

Overfull \hbox (95.69766pt too wide) in paragraph at lines 205--210
\T1/ppl/m/n/12 in-ter-ac-tion as shown in Fig-ure Fig:CMS$[]\OML/cmm/m/it/12 et
ector[]esign:Itsis\OT1/cmr/m/n/12 2\OML/cmm/m/it/12 :\OT1/cmr/m/n/12 5\OML/cmm/
m/it/12 mindiameterand\OT1/cmr/m/n/12 5\OML/cmm/m/it/12 minlengthfeeding$\T1/pp
l/m/n/12 |$\OML/cmm/m/it/12 ^^Q\OMS/cmsy/m/n/12 j$
 []

! Undefined control sequence.
\reserved@b ->\T@ref 
                     
l.214 ...es of inner tracker listed in Table \ref{
                                                  Tab:cms_detector_regions}.
? 
! Missing $ inserted.
<inserted text> 
                $
l.214 ...ner tracker listed in Table \ref{Tab:cms_
                                                  detector_regions}.
? 
! Extra }, or forgotten $.
l.214 ...d in Table \ref{Tab:cms_detector_regions}
                                                  .
? 
! Missing $ inserted.
<inserted text> 
                $
l.217 ...ole tracker system is kept at about -20$^
                                                  {\circ}$ C.
? 

Overfull \hbox (1104.57785pt too wide) in paragraph at lines 210--234
\T1/ppl/m/n/12 tances of in-ner tracker listed in Ta-ble Tab:cms$[]\OML/cmm/m/i
t/12 etector[]egions:Silicondetectorsarechosendueitsuniquepropertiesoffastrespo
nseandgoodspatialresolutionwhichenablesittoworkefficientlyeveninhighradiationen
vironment:Tolimitthedamagemainlybyradiationthewholetrackersystemiskeptatabout \
OMS/cmsy/m/n/12 ^^@
 []

! Undefined control sequence.
\reserved@b ->\T@ref 
                     
l.234 ...hase 1 upgrades) is shown in Figure \ref{
                                                  Fig:CMS_tracker}~\cite{Ref...

? 
! Missing $ inserted.
<inserted text> 
                $
l.234 ...pgrades) is shown in Figure \ref{Fig:CMS_
                                                  tracker}~\cite{Reference34...

? 
! Extra }, or forgotten $.
l.234 ... is shown in Figure \ref{Fig:CMS_tracker}
                                                  ~\cite{Reference34}. Track...

? 
! Missing $ inserted.
<inserted text> 
                $
l.235 ...ovides accurate traces in $z$ and $r-\phi
                                                  $ with a pixel cell of  si...

? 

Overfull \hbox (620.84691pt too wide) in paragraph at lines 234--238
\T1/ppl/m/n/12 is shown in Fig-ure Fig:CMS$[]\OML/cmm/m/it/12 racker \OT1/cmr/m
/n/12 [[]]\OML/cmm/m/it/12 :Trackermostinnerregionisthepixeldetectorthatisneare
sttotheinteractionpointconsistsofdiskmodulesoneachsideandbarrellayers:Itprovide
saccuratetracesin$\T1/ppl/m/n/12 z$\OML/cmm/m/it/12 and$\T1/ppl/m/n/12 r-
 []

[23]
! Undefined control sequence.
\reserved@b ->\T@ref 
                     
l.242 ...way from it as it is shown in Fig.  \ref{
                                                  Fig:CMS_pixel_upgrade} %(F...

? 
! Missing $ inserted.
<inserted text> 
                $
l.242 ... it as it is shown in Fig.  \ref{Fig:CMS_
                                                  pixel_upgrade} %(Figure 1)
? 
! Extra }, or forgotten $.
l.242 ...hown in Fig.  \ref{Fig:CMS_pixel_upgrade}
                                                   %(Figure 1)
? 
! Undefined control sequence.
\reserved@b ->\T@ref 
                     
l.248 In the figure \ref{
                         Fig:hit_efficiency_upgrade} clear improvments in th...

? 
! Missing $ inserted.
<inserted text> 
                $
l.250 
      
? 

Overfull \hbox (1189.70029pt too wide) in paragraph at lines 239--250
\T1/ppl/m/n/12 fur-ther away from it as it is shown in Fig. Fig:CMS$[]\OML/cmm/
m/it/12 ixel[]pgradeItalsousesnewReadoutChips\OT1/cmr/m/n/12 (\OML/cmm/m/it/12 
ROCs\OT1/cmr/m/n/12 )\OML/cmm/m/it/12 benefittedfromreduceddatalossathighercoll
isionrateswithrespecttoPhase\OT1/cmr/m/n/12 1\OML/cmm/m/it/12 operations\OT1/cm
r/m/n/12 (\OML/cmm/m/it/12 at\OT1/cmr/m/n/12 160\OML/cmm/m/it/12 Mbit=s\OT1/cmr
/m/n/12 )\OML/cmm/m/it/12 :Bandwidthofthereadoutelectronicswasincreasedapproxim
atelybyafactorofeight\OT1/cmr/m/n/12 (320\OML/cmm/m/it/12 Mbit=s\OT1/cmr/m/n/12
 )\OML/cmm/m/it/12 :Inaddition; DC \OMS/cmsy/m/n/12 ^^@
 []


Overfull \hbox (1768.31396pt too wide) in paragraph at lines 239--250
\OML/cmm/m/it/12 DCpowerconverterswereinstalledtoallowreusingtheexistingfibersa
ndcables:Hence; theupgradedpixeldetectorhasahigherratecapabilityandnumberofchan
nels; providingincreasedtrackingefficiency; reducedfakerate; andimprovedimpactp
arameterresolution:Inthefigure[]clearimprovmentsinthedynamicefficiencyof\OT1/cm
r/m/n/12 2017(\OML/cmm/m/it/12 withpixelupgrades\OT1/cmr/m/n/12 )\OML/cmm/m/it/
12 withrespecttothe\OT1/cmr/m/n/12 2016(\OML/cmm/m/it/12 withoutpixelupgrades\O
T1/cmr/m/n/12 )\OML/cmm/m/it/12 canbeseen:$ 
 []

<Figures/chapter2_Figure/CMS_tracker.pdf, id=557, 817.139pt x 394.5942pt>
File: Figures/chapter2_Figure/CMS_tracker.pdf Graphic file (type pdf)
<use Figures/chapter2_Figure/CMS_tracker.pdf>
Package pdftex.def Info: Figures/chapter2_Figure/CMS_tracker.pdf  used on input
 line 259.
(pdftex.def)             Requested size: 346.89732pt x 167.51666pt.
<Figures/chapter2_Figure/CMS_pixel_upgrade.png, id=558, 1891.065pt x 604.2575pt
>
File: Figures/chapter2_Figure/CMS_pixel_upgrade.png Graphic file (type png)
<use Figures/chapter2_Figure/CMS_pixel_upgrade.png>
Package pdftex.def Info: Figures/chapter2_Figure/CMS_pixel_upgrade.png  used on
 input line 267.
(pdftex.def)             Requested size: 346.89732pt x 110.84541pt.
<Figures/chapter2_Figure/hit_efficiency_upgrade.png, id=559, 1786.675pt x 838.1
3126pt>
File: Figures/chapter2_Figure/hit_efficiency_upgrade.png Graphic file (type png
)
<use Figures/chapter2_Figure/hit_efficiency_upgrade.png>
Package pdftex.def Info: Figures/chapter2_Figure/hit_efficiency_upgrade.png  us
ed on input line 278.
(pdftex.def)             Requested size: 346.89732pt x 162.72516pt.
)
Runaway argument?
{Pixel detector's hit efficiency as function of instantaneous luminos\ETC.
! File ended while scanning use of \caption@xdblarg.
<inserted text> 
                \par 
l.343 \include{Chapters/Chapter_2}
                                    % initial draft ready 06.03.2020, revise...

? 
\openout2 = `Chapters/Chapter_3.aux'.

(./Chapters/Chapter_3.tex
Chapter 4.
(./Objects/eleReco.tex
! Undefined control sequence.
\reserved@b ->\T@ref 
                     
l.7 ...technique outlined later (see Section \ref{
                                                  sec:eleEffMeas}).
? 
! Undefined control sequence.
\reserved@b ->\T@ref 
                     
l.10 ...ruction scale factors are shown Fig. \ref{
                                                  fig:ele_rec_scale_factors}...

? 
! Missing $ inserted.
<inserted text> 
                $
l.10 ...scale factors are shown Fig. \ref{fig:ele_
                                                  rec_scale_factors} and are...

? 
! Extra }, or forgotten $.
l.10 ...shown Fig. \ref{fig:ele_rec_scale_factors}
                                                   and are applied as a func...

? 
! Missing $ inserted.
<inserted text> 
                $
l.10 ... of electron $\pt$ and super cluster $\eta
                                                  $.
? 

! LaTeX Error: Not in outer par mode.

See the LaTeX manual or LaTeX Companion for explanation.
Type  H <return>  for immediate help.
 ...                                              
                                                  
l.12 \begin{figure}[!htb]
                         
? 
<Figures/Electrons/ErecoPt.pdf, id=561, 569.12625pt x 546.04pt>
File: Figures/Electrons/ErecoPt.pdf Graphic file (type pdf)
<use Figures/Electrons/ErecoPt.pdf>
Package pdftex.def Info: Figures/Electrons/ErecoPt.pdf  used on input line 15.
(pdftex.def)             Requested size: 173.44534pt x 166.41281pt.
<Figures/Electrons/ErecoEta.pdf, id=562, page=2, 569.12625pt x 552.0625pt>
File: Figures/Electrons/ErecoEta.pdf Graphic file (type pdf)
<use Figures/Electrons/ErecoEta.pdf, page 2>
Package pdftex.def Info: Figures/Electrons/ErecoEta.pdf , page2 used on input l
ine 16.
(pdftex.def)             Requested size: 173.44534pt x 168.24825pt.
<Figures/Electrons/ErecoPt_lowPt.pdf, id=563, 569.12625pt x 546.04pt>
File: Figures/Electrons/ErecoPt_lowPt.pdf Graphic file (type pdf)
<use Figures/Electrons/ErecoPt_lowPt.pdf>
Package pdftex.def Info: Figures/Electrons/ErecoPt_lowPt.pdf  used on input lin
e 17.
(pdftex.def)             Requested size: 173.44534pt x 166.41281pt.
! Undefined control sequence.
\CJK@XX ...r `#1\endcsname {`#2}\CJK@ignorespaces 
                                                  \fi 
l.20 ...cale factors as provided by the EGM POG.}
                                                  
? 
! Undefined control sequence.
\CJK@XX ...r `#1\endcsname {`#2}\CJK@ignorespaces 
                                                  \fi 
l.20 ...cale factors as provided by the EGM POG.}
                                                  
? 
) (./Objects/eleID.tex
! Undefined control sequence.
\reserved@b ->\T@ref 
                     
l.4 ...rvables used can be seen in the Table \ref{
                                                  tab:ele_ID_input_variables}.
? 
! Missing $ inserted.
<inserted text> 
                $
l.4 ...used can be seen in the Table \ref{tab:ele_
                                                  ID_input_variables}.
? 
! Extra }, or forgotten $.
l.4 ... the Table \ref{tab:ele_ID_input_variables}
                                                  .
? 
! Missing $ inserted.
<inserted text> 
                $
l.6 
    
? 
! Missing } inserted.
<inserted text> 
                }
l.6 
    
? 

! LaTeX Error: Not in outer par mode.

See the LaTeX manual or LaTeX Companion for explanation.
Type  H <return>  for immediate help.
 ...                                              
                                                  
l.7  \begin{table}[h!]
                      
? 
! Undefined control sequence.
l.17 \multirow
              {6}{*}{cluster shape}
? 
! Undefined control sequence.
\CJK@XX ...r `#1\endcsname {`#2}\CJK@ignorespaces 
                                                  \fi 
l.20 ...ergy behind the supercluster of electron 
                                                  to supercluster energy, $H...

? 
! Undefined control sequence.
<recently read> \multirow 
                          
l.25 \multirow
              {2}{*}{track-cluster matching}
? 
! Undefined control sequence.
<recently read> \multirow 
                          
l.29 \multirow
              {5}{*}{tracking}
? 
! Undefined control sequence.
<recently read> \multirow 
                          
l.36 \multirow
              {3}{*}{isolation}
? 
! Undefined control sequence.
<recently read> \multirow 
                          
l.41 \multirow
              {1}{*}{For PU-resilience}
? 
! Undefined control sequence.
\reserved@b ->\T@ref 
                     
l.58 Fig. \ref{
               fig:ele_ID_output} shows the output of the multiclassifier di...

? 
! Missing $ inserted.
<inserted text> 
                $
l.58 Fig. \ref{fig:ele_
                       ID_output} shows the output of the multiclassifier di...

? 
! Extra }, or forgotten $.
l.58 Fig. \ref{fig:ele_ID_output}
                                  shows the output of the multiclassifier di...

? 
! Missing $ inserted.
<inserted text> 
                $
l.59 
     
? 
! Missing } inserted.
<inserted text> 
                }
l.59 
     
? 

Overfull \hbox (257.38583pt too wide) in paragraph at lines 51--59
 \T1/ppl/m/n/12 fig:ele$[]\OML/cmm/m/it/12 D[]utputshowstheoutputofthemulticlas
sifierdiscriminantforpromptelectronsfromDYeventsandfakesfromjetsinDYevents:[]$ 

 []


! LaTeX Error: Not in outer par mode.

See the LaTeX manual or LaTeX Companion for explanation.
Type  H <return>  for immediate help.
 ...                                              
                                                  
l.60 \begin{figure}[!htb]
                         
? 
<Figures/Electrons/Ele_BDTv2_Score.pdf, id=564, 569.12625pt x 544.0325pt>
File: Figures/Electrons/Ele_BDTv2_Score.pdf Graphic file (type pdf)
<use Figures/Electrons/Ele_BDTv2_Score.pdf>
Package pdftex.def Info: Figures/Electrons/Ele_BDTv2_Score.pdf  used on input l
ine 63.
(pdftex.def)             Requested size: 346.89732pt x 331.6186pt.
! Undefined control sequence.
\reserved@b ->\T@ref 
                     
l.69 ...2) training library is shown in Fig. \ref{
                                                  fig:ele_ID_ROC}.
? 
! Missing $ inserted.
<inserted text> 
                $
l.69 ...ing library is shown in Fig. \ref{fig:ele_
                                                  ID_ROC}.
? 
! Extra }, or forgotten $.
l.69 ...rary is shown in Fig. \ref{fig:ele_ID_ROC}
                                                  .
? 
! Missing $ inserted.
<inserted text> 
                $
l.70 ...and a cut on the PF isolation, in each $p_
                                                  T$ and $\eta$ bin.
? 

Overfull \hbox (279.09814pt too wide) in paragraph at lines 69--71
 \T1/ppl/m/n/12 fig:ele$[]\OML/cmm/m/it/12 D[]OC:Theworkingpointsshownareadopte
dtogetthesamesignalefficiencyasthecutonMVAIDandacutonthePFisolation; ineach$\T1
/ppl/m/n/12 p$[]$ 
 []


! LaTeX Error: Not in outer par mode.

See the LaTeX manual or LaTeX Companion for explanation.
Type  H <return>  for immediate help.
 ...                                              
                                                  
l.72 \begin{figure}[!htb]
                         
? 
<Figures/Electrons/2018_EB1_5.pdf, id=565, 416.32538pt x 315.83257pt>
File: Figures/Electrons/2018_EB1_5.pdf Graphic file (type pdf)
<use Figures/Electrons/2018_EB1_5.pdf>
Package pdftex.def Info: Figures/Electrons/2018_EB1_5.pdf  used on input line 7
5.
(pdftex.def)             Requested size: 195.12767pt x 148.0317pt.
<Figures/Electrons/2018_EB1_10.pdf, id=566, 416.32538pt x 315.83257pt>
File: Figures/Electrons/2018_EB1_10.pdf Graphic file (type pdf)
<use Figures/Electrons/2018_EB1_10.pdf>
Package pdftex.def Info: Figures/Electrons/2018_EB1_10.pdf  used on input line 
76.
(pdftex.def)             Requested size: 195.12767pt x 148.0317pt.
<Figures/Electrons/2018_EB2_5.pdf, id=567, 416.32538pt x 315.83257pt>
File: Figures/Electrons/2018_EB2_5.pdf Graphic file (type pdf)
<use Figures/Electrons/2018_EB2_5.pdf>
Package pdftex.def Info: Figures/Electrons/2018_EB2_5.pdf  used on input line 7
7.
(pdftex.def)             Requested size: 195.12767pt x 148.0317pt.
<Figures/Electrons/2018_EB2_10.pdf, id=568, 416.32538pt x 315.83257pt>
File: Figures/Electrons/2018_EB2_10.pdf Graphic file (type pdf)
<use Figures/Electrons/2018_EB2_10.pdf>
Package pdftex.def Info: Figures/Electrons/2018_EB2_10.pdf  used on input line 
78.
(pdftex.def)             Requested size: 195.12767pt x 148.0317pt.
<Figures/Electrons/2018_EE_5.pdf, id=569, 416.32538pt x 315.83257pt>
File: Figures/Electrons/2018_EE_5.pdf Graphic file (type pdf)
<use Figures/Electrons/2018_EE_5.pdf>
Package pdftex.def Info: Figures/Electrons/2018_EE_5.pdf  used on input line 79
.
(pdftex.def)             Requested size: 195.12767pt x 148.0317pt.
<Figures/Electrons/2018_EE_10.pdf, id=570, 416.32538pt x 315.83257pt>
File: Figures/Electrons/2018_EE_10.pdf Graphic file (type pdf)
<use Figures/Electrons/2018_EE_10.pdf>
Package pdftex.def Info: Figures/Electrons/2018_EE_10.pdf  used on input line 8
0.
(pdftex.def)             Requested size: 195.12767pt x 148.0317pt.
! Illegal parameter number in definition of \@currentlabelname.
<to be read again> 
                   e
l.83 \label{fig:ele_ID_ROC}}
                            
? 
! Illegal parameter number in definition of \@currentlabelname.
<to be read again> 
                   e
l.83 \label{fig:ele_ID_ROC}}
                            
? 
! Illegal parameter number in definition of \@tempa.
<to be read again> 
                   e
l.83 \label{fig:ele_ID_ROC}}
                            
? 
! Illegal parameter number in definition of \@tempa.
<to be read again> 
                   e
l.83 \label{fig:ele_ID_ROC}}
                            
? 
! Illegal parameter number in definition of \reserved@a.
<to be read again> 
                   e
l.83 \label{fig:ele_ID_ROC}}
                            
? 
! Illegal parameter number in definition of \reserved@a.
<to be read again> 
                   e
l.83 \label{fig:ele_ID_ROC}}
                            
? 
! Illegal parameter number in definition of \caption@tempa.
<to be read again> 
                   e
l.83 \label{fig:ele_ID_ROC}}
                            
? 
! Illegal parameter number in definition of \caption@tempa.
<to be read again> 
                   e
l.83 \label{fig:ele_ID_ROC}}
                            
? 
! You can't use `macro parameter character #' in math mode.
<argument> ... and $|\eta |<0.8$~(top), $0.8 < |##
                                                  eta| < 1.479$~(middle) and...
l.83 \label{fig:ele_ID_ROC}}
                            
? 
! You can't use `macro parameter character #' in math mode.
<argument> ...< |##eta| < 1.479$~(middle) and $|##
                                                  eta| > 1.479$~(bottom). V1...
l.83 \label{fig:ele_ID_ROC}}
                            
? 
! You can't use `macro parameter character #' in math mode.
<argument> ... and $|\eta |<0.8$~(top), $0.8 < |##
                                                  eta| < 1.479$~(middle) and...
l.83 \label{fig:ele_ID_ROC}}
                            
? 
! You can't use `macro parameter character #' in math mode.
<argument> ...< |##eta| < 1.479$~(middle) and $|##
                                                  eta| > 1.479$~(bottom). V1...
l.83 \label{fig:ele_ID_ROC}}
                            
? 
! Undefined control sequence.
\reserved@b ->\T@ref 
                     
l.118 Table \ref{
                 tab:ele_ID_WP} lists the cut values applied to the BDT scor...

? 
! Missing $ inserted.
<inserted text> 
                $
l.118 Table \ref{tab:ele_
                         ID_WP} lists the cut values applied to the BDT scor...

? 
! Extra }, or forgotten $.
l.118 Table \ref{tab:ele_ID_WP}
                                lists the cut values applied to the BDT scor...

? 
! Missing $ inserted.
<inserted text> 
                $
l.120 
      
? 
! Missing } inserted.
<inserted text> 
                }
l.120 
      
? 

Overfull \hbox (468.98552pt too wide) in paragraph at lines 118--120
 \T1/ppl/m/n/12 tab:ele$[]\OML/cmm/m/it/12 D[]PliststhecutvaluesappliedtotheBDT
scoreforthechosenworkingpoint:Fortheanalysis; looseelectronshavetopassthisMVAid
entificationandisolationworkingpoint:[]$ 
 []


! LaTeX Error: Not in outer par mode.

See the LaTeX manual or LaTeX Companion for explanation.
Type  H <return>  for immediate help.
 ...                                              
                                                  
l.139 \begin{table}[h!]
                       
? 
) (./Objects/eleIP.tex) (./Objects/eleCalib.tex
! Undefined control sequence.
\CJK@XX ...r `#1\endcsname {`#2}\CJK@ignorespaces 
                                                  \fi 
l.4 ...w \Pe \Pe$ sample to align the dielectron 
                                                  
? 
! Undefined control sequence.
\reserved@b ->\T@ref 
                     
l.14 ...e full 2018 dataset is shown in Fig. \ref{
                                                  fig:ele_energy_scale}(a) a...

? 
! Missing $ inserted.
<inserted text> 
                $
l.14 ...018 dataset is shown in Fig. \ref{fig:ele_
                                                  energy_scale}(a) and agree...

? 
! Extra }, or forgotten $.
l.14 ...s shown in Fig. \ref{fig:ele_energy_scale}
                                                  (a) and agrees decently wi...

? 
! Missing $ inserted.
<inserted text> 
                $
l.15 
     
? 
! Missing } inserted.
<inserted text> 
                }
l.15 
     
? 

Overfull \hbox (141.9873pt too wide) in paragraph at lines 14--15
 \T1/ppl/m/n/12 fig:ele$[]\OML/cmm/m/it/12 nergy[]cale\OT1/cmr/m/n/12 (\OML/cmm
/m/it/12 a\OT1/cmr/m/n/12 )\OML/cmm/m/it/12 andagreesdecentlywiththeMCwiththepr
eliminarycorrectionsreleasedbyEGAMMAPOG:[]$ 
 []


! LaTeX Error: Not in outer par mode.

See the LaTeX manual or LaTeX Companion for explanation.
Type  H <return>  for immediate help.
 ...                                              
                                                  
l.16 \begin{figure}[!htb]
                         
? 
<Figures/Electrons/ZMass_ele.pdf, id=571, 569.12625pt x 552.0625pt>
File: Figures/Electrons/ZMass_ele.pdf Graphic file (type pdf)
<use Figures/Electrons/ZMass_ele.pdf>
Package pdftex.def Info: Figures/Electrons/ZMass_ele.pdf  used on input line 19
.
(pdftex.def)             Requested size: 569.12486pt x 552.06114pt.
<Figures/Electrons/ZMass_ele_EBEB.pdf, id=572, 569.12625pt x 552.0625pt>
File: Figures/Electrons/ZMass_ele_EBEB.pdf Graphic file (type pdf)
<use Figures/Electrons/ZMass_ele_EBEB.pdf>
Package pdftex.def Info: Figures/Electrons/ZMass_ele_EBEB.pdf  used on input li
ne 20.
(pdftex.def)             Requested size: 569.12486pt x 552.06114pt.
<Figures/Electrons/ZMass_ele_EBEE.pdf, id=573, 569.12625pt x 552.0625pt>
File: Figures/Electrons/ZMass_ele_EBEE.pdf Graphic file (type pdf)
<use Figures/Electrons/ZMass_ele_EBEE.pdf>
Package pdftex.def Info: Figures/Electrons/ZMass_ele_EBEE.pdf  used on input li
ne 21.
(pdftex.def)             Requested size: 569.12486pt x 552.06114pt.
<Figures/Electrons/ZMass_ele_EEEE.pdf, id=574, 569.12625pt x 552.0625pt>
File: Figures/Electrons/ZMass_ele_EEEE.pdf Graphic file (type pdf)
<use Figures/Electrons/ZMass_ele_EEEE.pdf>
Package pdftex.def Info: Figures/Electrons/ZMass_ele_EEEE.pdf  used on input li
ne 22.
(pdftex.def)             Requested size: 569.12486pt x 552.06114pt.
) (./Objects/eleEffMeas.tex
! Undefined control sequence.
\reserved@b ->\T@ref 
                     
l.24 ...s, it is measured separately. Figure \ref{
                                                  fig:ele_sel_pt_turn_on} an...

? 
! Missing $ inserted.
<inserted text> 
                $
l.24 ... measured separately. Figure \ref{fig:ele_
                                                  sel_pt_turn_on} and \ref{f...

? 
! Extra }, or forgotten $.
l.24 ...ately. Figure \ref{fig:ele_sel_pt_turn_on}
                                                   and \ref{fig:ele_ele_eta_...

? 
! Undefined control sequence.
\reserved@b ->\T@ref 
                     
l.24 ...ure \ref{fig:ele_sel_pt_turn_on} and \ref{
                                                  fig:ele_ele_eta_turn_on} s...

? 
! Missing $ inserted.
<inserted text> 
                $
l.24 ...ref{fig:ele_ele_eta_turn_on} shows the $p_
                                                  {T}$ and $\eta$ turn-on cu...

? 

! LaTeX Error: Not in outer par mode.

See the LaTeX manual or LaTeX Companion for explanation.
Type  H <return>  for immediate help.
 ...                                              
                                                  
l.28 \begin{figure}[!htb]
                         
? 
<Figures/Electrons/eleSFvspT.png, id=576, 1073.82312pt x 1030.8702pt>
File: Figures/Electrons/eleSFvspT.png Graphic file (type png)
<use Figures/Electrons/eleSFvspT.png>
Package pdftex.def Info: Figures/Electrons/eleSFvspT.png  used on input line 30
.
(pdftex.def)             Requested size: 1073.82051pt x 1030.86768pt.
<Figures/Electrons/eleSFvspTgap.png, id=577, 1073.82312pt x 1030.8702pt>
File: Figures/Electrons/eleSFvspTgap.png Graphic file (type png)
<use Figures/Electrons/eleSFvspTgap.png>
Package pdftex.def Info: Figures/Electrons/eleSFvspTgap.png  used on input line
 31.
(pdftex.def)             Requested size: 1073.82051pt x 1030.86768pt.

! LaTeX Error: Not in outer par mode.

See the LaTeX manual or LaTeX Companion for explanation.
Type  H <return>  for immediate help.
 ...                                              
                                                  
l.37 \begin{figure}[!htb]
                         
? 
<Figures/Electrons/eleSFvsEta.png, id=578, 1073.82312pt x 1041.77887pt>
File: Figures/Electrons/eleSFvsEta.png Graphic file (type png)
<use Figures/Electrons/eleSFvsEta.png>
Package pdftex.def Info: Figures/Electrons/eleSFvsEta.png  used on input line 3
9.
(pdftex.def)             Requested size: 1073.82051pt x 1041.77634pt.
<Figures/Electrons/eleSFvsEtagap.png, id=579, 1073.82312pt x 1041.77887pt>
File: Figures/Electrons/eleSFvsEtagap.png Graphic file (type png)
<use Figures/Electrons/eleSFvsEtagap.png>
Package pdftex.def Info: Figures/Electrons/eleSFvsEtagap.png  used on input lin
e 40.
(pdftex.def)             Requested size: 1073.82051pt x 1041.77634pt.
) (./Objects/muonReco.tex
LaTeX Font Info:    Try loading font information for T1+pcr on input line 7.

(/usr/share/texlive/texmf-dist/tex/latex/psnfss/t1pcr.fd
File: t1pcr.fd 2001/06/04 font definitions for T1/pcr.
)
! Undefined control sequence.
\reserved@b ->\T@ref 
                     
l.17 ...efinition of which is shown in Table \ref{
                                                  tab:highPtID}.
? 
! Undefined control sequence.
<recently read> \cPZ 
                     
l.19 ...a very heavy resonance decays to two $\cPZ
                                                  $ bosons, both bosons
? 
! Undefined control sequence.
<recently read> \cPZ 
                     
l.23 corresponds to muons originating from $\cPZ
                                                $ bosons with $\pt > 500\GeV$.
? 

! LaTeX Error: Not in outer par mode.

See the LaTeX manual or LaTeX Companion for explanation.
Type  H <return>  for immediate help.
 ...                                              
                                                  
l.25 \begin{table}[h]
                     
? 
LaTeX Font Info:    Font shape `T1/ppl/bx/n' in size <10.95> not available
(Font)              Font shape `T1/ppl/b/n' tried instead on input line 39.
) (./Objects/muonIso.tex
! Undefined control sequence.
<argument> ...max (\sum ^\text {neutral had.} \ET 
                                                  + \sum ^\text {photon} \ET...
l.9 ... \ET - \Delta \beta, 0)}{\pt^\text{lepton}}
                                                  
? 
! Undefined control sequence.
<argument> ...ad.} \ET + \sum ^\text {photon} \ET 
                                                  - \Delta \beta , 0)
l.9 ... \ET - \Delta \beta, 0)}{\pt^\text{lepton}}
                                                  
? 
) (./Objects/muIP.tex
! Undefined control sequence.
\reserved@b ->\T@ref 
                     
l.1 ...ectrons which is described in Section~\ref{
                                                  sec:eleSIP}:
? 
) (./Objects/muCalib.tex
! Undefined control sequence.
\reserved@b ->\T@ref 
                     
l.4 From Fig.~\ref{
                   fig:mu_energy_scale} shows a very good comparison of data...

? 
! Missing $ inserted.
<inserted text> 
                $
l.4 From Fig.~\ref{fig:mu_
                          energy_scale} shows a very good comparison of data...

? 
! Extra }, or forgotten $.
l.4 From Fig.~\ref{fig:mu_energy_scale}
                                        shows a very good comparison of data...

? 
! Missing $ inserted.
<inserted text> 
                $
l.5 
    
? 
! Missing } inserted.
<inserted text> 
                }
l.5 
    
? 

! LaTeX Error: Not in outer par mode.

See the LaTeX manual or LaTeX Companion for explanation.
Type  H <return>  for immediate help.
 ...                                              
                                                  
l.6 \begin{figure}[!htb]
                        
? 
<Figures/Muons/ZMass_mu.pdf, id=582, 569.12625pt x 552.0625pt>
File: Figures/Muons/ZMass_mu.pdf Graphic file (type pdf)
<use Figures/Muons/ZMass_mu.pdf>
Package pdftex.def Info: Figures/Muons/ZMass_mu.pdf  used on input line 9.
(pdftex.def)             Requested size: 569.12486pt x 552.06114pt.
<Figures/Muons/ZMass_mu_MBMB.pdf, id=583, 569.12625pt x 552.0625pt>
File: Figures/Muons/ZMass_mu_MBMB.pdf Graphic file (type pdf)
<use Figures/Muons/ZMass_mu_MBMB.pdf>
Package pdftex.def Info: Figures/Muons/ZMass_mu_MBMB.pdf  used on input line 10
.
(pdftex.def)             Requested size: 569.12486pt x 552.06114pt.
<Figures/Muons/ZMass_mu_MBME.pdf, id=584, 569.12625pt x 552.0625pt>
File: Figures/Muons/ZMass_mu_MBME.pdf Graphic file (type pdf)
<use Figures/Muons/ZMass_mu_MBME.pdf>
Package pdftex.def Info: Figures/Muons/ZMass_mu_MBME.pdf  used on input line 11
.
(pdftex.def)             Requested size: 569.12486pt x 552.06114pt.
<Figures/Muons/ZMass_mu_MEME.pdf, id=585, 569.12625pt x 552.0625pt>
File: Figures/Muons/ZMass_mu_MEME.pdf Graphic file (type pdf)
<use Figures/Muons/ZMass_mu_MEME.pdf>
Package pdftex.def Info: Figures/Muons/ZMass_mu_MEME.pdf  used on input line 12
.
(pdftex.def)             Requested size: 569.12486pt x 552.06114pt.
) (./Objects/muonEffMeas.tex
! Undefined control sequence.
l.2 $Z \to \Pgm\Pgm$ and $ \PJpsi
                                 \to\mu\mu$ events in bins of $\pt$ and $\et...

? 
! Undefined control sequence.
<recently read> \Jpsi 
                      
l.8 ...ntification efficiency at low $\pt$, $\Jpsi
                                                  $ sample is used as it ben...

? 
! Undefined control sequence.
l.20 ...for low \pt muons were derived using \Jpsi
                                                   events, with the same def...

? 
! Undefined control sequence.
\reserved@b ->\T@ref 
                     
l.24 ...eir ratios in bins are shown in Fig.~\ref{
                                                  fig:MuonIDEff_1}.
? 
! Missing $ inserted.
<inserted text> 
                $
l.24 ...bins are shown in Fig.~\ref{fig:MuonIDEff_
                                                  1}.
? 
! Extra }, or forgotten $.
l.24 ...ns are shown in Fig.~\ref{fig:MuonIDEff_1}
                                                  .
? 

! LaTeX Error: Not in outer par mode.

See the LaTeX manual or LaTeX Companion for explanation.
Type  H <return>  for immediate help.
 ...                                              
                                                  
l.25 \begin{figure}[htbp]
                         
? 
<Figures/Muons/mu_Loose_barrel.pdf, id=590, 469.755pt x 569.12625pt>
File: Figures/Muons/mu_Loose_barrel.pdf Graphic file (type pdf)
<use Figures/Muons/mu_Loose_barrel.pdf>
Package pdftex.def Info: Figures/Muons/mu_Loose_barrel.pdf  used on input line 
27.
(pdftex.def)             Requested size: 138.76157pt x 168.1079pt.
<Figures/Muons/mu_Loose_endcap.pdf, id=591, 469.755pt x 569.12625pt>
File: Figures/Muons/mu_Loose_endcap.pdf Graphic file (type pdf)
<use Figures/Muons/mu_Loose_endcap.pdf>
Package pdftex.def Info: Figures/Muons/mu_Loose_endcap.pdf  used on input line 
28.
(pdftex.def)             Requested size: 138.76157pt x 168.1079pt.
<Figures/Muons/mu_Loose_pt7.pdf, id=592, 469.755pt x 569.12625pt>
File: Figures/Muons/mu_Loose_pt7.pdf Graphic file (type pdf)
<use Figures/Muons/mu_Loose_pt7.pdf>
Package pdftex.def Info: Figures/Muons/mu_Loose_pt7.pdf  used on input line 29.

(pdftex.def)             Requested size: 138.76157pt x 168.1079pt.
! Undefined control sequence.
<argument> ...red with the $T\&P$ method on \Jpsi 
                                                  events, in bins of \pt in ...
l.30 ...et rectangles include both uncertainties.}
                                                  
? 
! Undefined control sequence.
<argument> ...red with the $T\&P$ method on \Jpsi 
                                                  events, in bins of \pt in ...
l.30 ...et rectangles include both uncertainties.}
                                                  
? 
! Undefined control sequence.
<argument> ...red with the $T\&P$ method on \Jpsi 
                                                  events, in bins of \pt in ...
l.30 ...et rectangles include both uncertainties.}
                                                  
? 
! Missing $ inserted.
<inserted text> 
                $
l.34 
     
? 
! Missing } inserted.
<inserted text> 
                }
l.34 
     
? 
! Undefined control sequence.
\reserved@b ->\T@ref 
                     
l.40 The results are shown in the Fig.~\ref{
                                            fig:MuonIDEff_2}.
? 
! Missing $ inserted.
<inserted text> 
                $
l.40 ... are shown in the Fig.~\ref{fig:MuonIDEff_
                                                  2}.
? 
! Extra }, or forgotten $.
l.40 ...re shown in the Fig.~\ref{fig:MuonIDEff_2}
                                                  .
? 

! LaTeX Error: Not in outer par mode.

See the LaTeX manual or LaTeX Companion for explanation.
Type  H <return>  for immediate help.
 ...                                              
                                                  
l.45 \begin{figure}[htbp]
                         
? 
<Figures/Muons/mu_SIP4_barrel.pdf, id=593, 469.755pt x 569.12625pt>
File: Figures/Muons/mu_SIP4_barrel.pdf Graphic file (type pdf)
<use Figures/Muons/mu_SIP4_barrel.pdf>
Package pdftex.def Info: Figures/Muons/mu_SIP4_barrel.pdf  used on input line 4
7.
(pdftex.def)             Requested size: 138.76157pt x 168.1079pt.
<Figures/Muons/mu_SIP4_endcap.pdf, id=594, 469.755pt x 569.12625pt>
File: Figures/Muons/mu_SIP4_endcap.pdf Graphic file (type pdf)
<use Figures/Muons/mu_SIP4_endcap.pdf>
Package pdftex.def Info: Figures/Muons/mu_SIP4_endcap.pdf  used on input line 4
8.
(pdftex.def)             Requested size: 138.76157pt x 168.1079pt.
<Figures/Muons/mu_SIP4_pt20.pdf, id=595, 469.755pt x 569.12625pt>
File: Figures/Muons/mu_SIP4_pt20.pdf Graphic file (type pdf)
<use Figures/Muons/mu_SIP4_pt20.pdf>
Package pdftex.def Info: Figures/Muons/mu_SIP4_pt20.pdf  used on input line 49.

(pdftex.def)             Requested size: 138.76157pt x 168.1079pt.
! Missing $ inserted.
<inserted text> 
                $
l.54 
     
? 
! Missing } inserted.
<inserted text> 
                }
l.54 
     
? 
! Undefined control sequence.
\reserved@b ->\T@ref 
                     
l.58 The results are shown in Fig.~\ref{
                                        fig:MuonIDEff_3}.
? 
! Missing $ inserted.
<inserted text> 
                $
l.58 ...ults are shown in Fig.~\ref{fig:MuonIDEff_
                                                  3}.
? 
! Extra }, or forgotten $.
l.58 ...ts are shown in Fig.~\ref{fig:MuonIDEff_3}
                                                  .
? 

! LaTeX Error: Not in outer par mode.

See the LaTeX manual or LaTeX Companion for explanation.
Type  H <return>  for immediate help.
 ...                                              
                                                  
l.59 \begin{figure}[htbp]
                         
? 
<Figures/Muons/mu_Iso_barrel.pdf, id=597, 469.755pt x 569.12625pt>
File: Figures/Muons/mu_Iso_barrel.pdf Graphic file (type pdf)
<use Figures/Muons/mu_Iso_barrel.pdf>
Package pdftex.def Info: Figures/Muons/mu_Iso_barrel.pdf  used on input line 61
.
(pdftex.def)             Requested size: 138.76157pt x 168.1079pt.
<Figures/Muons/mu_Iso_endcap.pdf, id=598, 469.755pt x 569.12625pt>
File: Figures/Muons/mu_Iso_endcap.pdf Graphic file (type pdf)
<use Figures/Muons/mu_Iso_endcap.pdf>
Package pdftex.def Info: Figures/Muons/mu_Iso_endcap.pdf  used on input line 62
.
(pdftex.def)             Requested size: 138.76157pt x 168.1079pt.

! LaTeX Error: \mathrm allowed only in math mode.

See the LaTeX manual or LaTeX Companion for explanation.
Type  H <return>  for immediate help.
 ...                                              
                                                  
l.63 ...et rectangles include both uncertainties.}
                                                  
? 

! LaTeX Error: \mathrm allowed only in math mode.

See the LaTeX manual or LaTeX Companion for explanation.
Type  H <return>  for immediate help.
 ...                                              
                                                  
l.63 ...et rectangles include both uncertainties.}
                                                  
? 
! Missing $ inserted.
<inserted text> 
                $
l.67 
     
? 
! Missing } inserted.
<inserted text> 
                }
l.67 
     
? 
! Undefined control sequence.
\reserved@b ->\T@ref 
                     
l.87 ...n in two dimensional display in Fig.~\ref{
                                                  fig:MuonIDEff_5}. The figu...

? 
! Missing $ inserted.
<inserted text> 
                $
l.87 ...sional display in Fig.~\ref{fig:MuonIDEff_
                                                  5}. The figure also shows ...

? 
! Extra }, or forgotten $.
l.87 ...onal display in Fig.~\ref{fig:MuonIDEff_5}
                                                  . The figure also shows ov...

? 

! LaTeX Error: Not in outer par mode.

See the LaTeX manual or LaTeX Companion for explanation.
Type  H <return>  for immediate help.
 ...                                              
                                                  
l.89 \begin{figure}[htbp]
                         
? 
<Figures/Muons/HZZ_SF_2018_RunA2D_2801.png, id=599, 903.375pt x 893.3375pt>
File: Figures/Muons/HZZ_SF_2018_RunA2D_2801.png Graphic file (type png)
<use Figures/Muons/HZZ_SF_2018_RunA2D_2801.png>
Package pdftex.def Info: Figures/Muons/HZZ_SF_2018_RunA2D_2801.png  used on inp
ut line 91.
(pdftex.def)             Requested size: 195.12767pt x 192.94984pt.
<Figures/Muons/HZZ_SF_errors_2018_RunA2D_2801.png, id=600, 903.375pt x 893.3375
pt>
File: Figures/Muons/HZZ_SF_errors_2018_RunA2D_2801.png Graphic file (type png)
<use Figures/Muons/HZZ_SF_errors_2018_RunA2D_2801.png>
Package pdftex.def Info: Figures/Muons/HZZ_SF_errors_2018_RunA2D_2801.png  used
 on input line 92.
(pdftex.def)             Requested size: 195.12767pt x 192.94984pt.
! Missing $ inserted.
<inserted text> 
                $
l.97 
     
? 
! Missing } inserted.
<inserted text> 
                }
l.97 
     
? 
) (./Objects/FSR.tex
Underfull \hbox (badness 2111) in paragraph at lines 10--11
[]\T1/ppl/m/n/12 Photons not sat-is-fy-ing the re-quire-ments $\OT1/cmr/m/n/12 
^^A\OML/cmm/m/it/12 R\OT1/cmr/m/n/12 (\OML/cmm/m/it/12 ^^M; l\OT1/cmr/m/n/12 )\
OML/cmm/m/it/12 =E[] < \OT1/cmr/m/n/12 0\OML/cmm/m/it/12 :\OT1/cmr/m/n/12 012$\
T1/ppl/m/n/12 , and
 []

) (./Objects/jets.tex
! Undefined control sequence.
l.38 Events containing $\Zee$ or $Z\rightarrow\cP
                                                 \mu^{+}\cP\mu^{-}$ were sel...

? 
! Undefined control sequence.
l.38 ...ining $\Zee$ or $Z\rightarrow\cP\mu^{+}\cP
                                                  \mu^{-}$ were selecting, f...

? 
! Undefined control sequence.
\reserved@b ->\T@ref 
                     
l.40 Figure~\ref{
                 fig:jets} shows comparison of data with the MC in bins of p...

? 
! Undefined control sequence.
<argument> \cPqt 
                 \bar {\cPqt }
l.40 ...ell-Yan and $\ensuremath{\cPqt\bar{\cPqt}}
                                                  $ are used. Uncertainties ...

? 
! Undefined control sequence.
<recently read> \cPqt 
                      
l.40 ...ell-Yan and $\ensuremath{\cPqt\bar{\cPqt}}
                                                  $ are used. Uncertainties ...

? 
! Undefined control sequence.
<argument> \cPqt 
                 
l.40 ...ell-Yan and $\ensuremath{\cPqt\bar{\cPqt}}
                                                  $ are used. Uncertainties ...

? 

! LaTeX Error: Not in outer par mode.

See the LaTeX manual or LaTeX Companion for explanation.
Type  H <return>  for immediate help.
 ...                                              
                                                  
l.57 \begin{figure}[!h]
                       
? 
<Figures/Jets/leadingJet_Eta.pdf, id=607, 569.12625pt x 385.44pt>
File: Figures/Jets/leadingJet_Eta.pdf Graphic file (type pdf)
<use Figures/Jets/leadingJet_Eta.pdf>
Package pdftex.def Info: Figures/Jets/leadingJet_Eta.pdf  used on input line 61
.
(pdftex.def)             Requested size: 299.19885pt x 202.64133pt.
) (./Objects/summary.tex
! Undefined control sequence.
\reserved@b ->\T@ref 
                     
l.1 ...2018 data) are summed up in the Table~\ref{
                                                  tab:objsummary}. In additi...

? 
! Undefined control sequence.
\reserved@b ->\T@ref 
                     
l.1 ...ed to the muons, as described in Sec.~\ref{
                                                  sec:muonReco}.
? 

! LaTeX Error: Not in outer par mode.

See the LaTeX manual or LaTeX Companion for explanation.
Type  H <return>  for immediate help.
 ...                                              
                                                  
l.6 \begin{table}[H]
                    
? 
! Undefined control sequence.
<recently read> \abs 
                     
l.17 ...\GeV$ \hspace{0.5cm} $\abs{\eta^e} < 2.5$}
                                                                            ...

? 
! Undefined control sequence.
\reserved@b ->\T@ref 
                     
l.20 ...with cuts from Table~\ref{tab:ele_ID_WP} }
                                                      \\
? 
! Missing $ inserted.
<inserted text> 
                $
l.20 ...with cuts from Table~\ref{tab:ele_ID_WP} }
                                                      \\
? 
! Extra }, or forgotten $.
\@sharp ...th cuts from Table~\ref {tab:ele_ID_WP}
                                                   
l.20 ...with cuts from Table~\ref{tab:ele_ID_WP} }
                                                      \\
? 
! Missing $ inserted.
<inserted text> 
                $
l.20 ...with cuts from Table~\ref{tab:ele_ID_WP} }
                                                      \\
? 
! Missing } inserted.
<inserted text> 
                }
l.20 ...with cuts from Table~\ref{tab:ele_ID_WP} }
                                                      \\
? 
! Undefined control sequence.
<recently read> \abs 
                     
l.28 ...d \hspace{0.5cm} $\abs{\eta^{\mu}} < 2.4$}
                                                                            ...

? 
! Undefined control sequence.
\reserved@b ->\T@ref 
                     
l.31 ...able~\ref{tab:highPtID}) if $p_T>200$ GeV}
                                                                            ...

? 
! Undefined control sequence.
<recently read> \abs 
                     
l.34 ...hspace{0.5cm} $\abs{\eta^{\gamma}} < 2.4$}
                                                                            ...

? 
! Undefined control sequence.
<recently read> \abs 
                     
l.38 ...{0.5cm} $\abs{\eta^{\mathrm{jet}}} < 4.7$}
                                                                            ...

? 

Overfull \hbox (84.8932pt too wide) in paragraph at lines 11--48
 [][] 
 []

))
Chapter 5.
(./Chapters/Chapter4/introduction/introduction.tex

LaTeX Warning: Citation `Khachatryan:2015yvw' on page 24 undefined on input lin
e 3.


LaTeX Warning: Citation `CMS:2015hja' on page 24 undefined on input line 3.


LaTeX Warning: Citation `CMS:2016rqf' on page 24 undefined on input line 3.


LaTeX Warning: Citation `Sirunyan:2017exp' on page 24 undefined on input line 3
.


LaTeX Warning: Citation `CMS:2018hhg' on page 24 undefined on input line 3.


LaTeX Warning: Citation `atlas-conf-2019-029' on page 24 undefined on input lin
e 4.


LaTeX Warning: Citation `atlas-conf-2019-025' on page 24 undefined on input lin
e 4.


LaTeX Warning: Citation `atlas-conf-2019-032' on page 24 undefined on input lin
e 5.

! Undefined control sequence.
\reserved@b ->\T@ref 
                     
l.8 ...detector geometry as shown in Figure ~\ref{
                                                  fig:Models_cartoon}. The r...

? 
! Missing $ inserted.
<inserted text> 
                $
l.8 ...ometry as shown in Figure ~\ref{fig:Models_
                                                  cartoon}. The remaining mo...

? 
! Extra }, or forgotten $.
l.8 ...s shown in Figure ~\ref{fig:Models_cartoon}
                                                  . The remaining model depe...

? 
! Missing $ inserted.
<inserted text> 
                $
l.8 ...ficiency and resolution effects. As $\sigma
                                                   \times BR$ strongly depen...

? 
<Figures/Models_cartoon.jpg, id=622, 803.0pt x 602.25pt>
File: Figures/Models_cartoon.jpg Graphic file (type jpg)
<use Figures/Models_cartoon.jpg>
Package pdftex.def Info: Figures/Models_cartoon.jpg  used on input line 13.
(pdftex.def)             Requested size: 281.85036pt x 211.38797pt.

Overfull \hbox (971.69255pt too wide) in paragraph at lines 6--18
 \T1/ppl/m/n/12 fig:Models$[]\OML/cmm/m/it/12 artoon:Theremainingmodeldependenc
eisextractedbyrepeatingthemeasurementsforSMandotherexoticmodelsandreportedasadi
stinctsystematicuncertainty:Allmeasurementsincludesthecorrectionsforthefinitede
tectionefficiencyandresolutioneffects:As$$^^[ \OMS/cmsy/m/n/12 ^^B 
 []

! Undefined control sequence.
\reserved@b ->\T@ref 
                     
l.25 Section \ref{
                  sec:DatasetsSimulation}. The analysis strategy is describe...

? 
! Undefined control sequence.
\reserved@b ->\T@ref 
                     
l.25 ...sis strategy is described in Section \ref{
                                                  sec:AnalysisStrategy}, whe...

? 
! Undefined control sequence.
\reserved@b ->\T@ref 
                     
l.26 In Section~\ref{
                     sec:Systematics}  details of systematic uncertainties a...

? 
! Undefined control sequence.
\reserved@b ->\T@ref 
                     
l.26 ...easurement are explained. In Section \ref{
                                                  sec:Results} results of me...

? 
) (./Chapters/Chapter4/DatasetsandSimulations/dataset.tex

LaTeX Warning: Citation `CMS:2019chr' on page 24 undefined on input line 13.


LaTeX Warning: Citation `CMS:2019chr' on page 24 undefined on input line 25.

! Undefined control sequence.
\reserved@b ->\T@ref 
                     
l.321  Fig. \ref{
                 fig:TrigEffC} shows the measured efficiency both in data an...

? 

! LaTeX Error: Not in outer par mode.

See the LaTeX manual or LaTeX Companion for explanation.
Type  H <return>  for immediate help.
 ...                                              
                                                  
l.352 \begin{figure}[!htb]
                          
? 
<Figures/Trigger/Histo_TrigEff_ptMin_4e_mZ2_12.pdf, id=623, 569.12625pt x 384.4
3625pt>
File: Figures/Trigger/Histo_TrigEff_ptMin_4e_mZ2_12.pdf Graphic file (type pdf)

<use Figures/Trigger/Histo_TrigEff_ptMin_4e_mZ2_12.pdf>
Package pdftex.def Info: Figures/Trigger/Histo_TrigEff_ptMin_4e_mZ2_12.pdf  use
d on input line 355.
(pdftex.def)             Requested size: 195.12767pt x 131.80353pt.
<Figures/Trigger/Histo_TrigEff_ptMin_4mu_mZ2_12.pdf, id=624, 569.12625pt x 384.
43625pt>
File: Figures/Trigger/Histo_TrigEff_ptMin_4mu_mZ2_12.pdf Graphic file (type pdf
)
<use Figures/Trigger/Histo_TrigEff_ptMin_4mu_mZ2_12.pdf>
Package pdftex.def Info: Figures/Trigger/Histo_TrigEff_ptMin_4mu_mZ2_12.pdf  us
ed on input line 356.
(pdftex.def)             Requested size: 195.12767pt x 131.80353pt.
<Figures/Trigger/Histo_TrigEff_ptMin_2e2mu_mZ2_12.pdf, id=625, 569.12625pt x 38
4.43625pt>
File: Figures/Trigger/Histo_TrigEff_ptMin_2e2mu_mZ2_12.pdf Graphic file (type p
df)
<use Figures/Trigger/Histo_TrigEff_ptMin_2e2mu_mZ2_12.pdf>
Package pdftex.def Info: Figures/Trigger/Histo_TrigEff_ptMin_2e2mu_mZ2_12.pdf  
used on input line 357.
(pdftex.def)             Requested size: 195.12767pt x 131.80353pt.
<Figures/Trigger/Histo_TrigEff_ptMin_4l_mZ2_12.pdf, id=626, 569.12625pt x 384.4
3625pt>
File: Figures/Trigger/Histo_TrigEff_ptMin_4l_mZ2_12.pdf Graphic file (type pdf)

<use Figures/Trigger/Histo_TrigEff_ptMin_4l_mZ2_12.pdf>
Package pdftex.def Info: Figures/Trigger/Histo_TrigEff_ptMin_4l_mZ2_12.pdf  use
d on input line 358.
(pdftex.def)             Requested size: 195.12767pt x 131.80353pt.
)
(./Chapters/Chapter4/DatasetsandSimulations/simulation_theoretical_pridiction.t
ex
! Undefined control sequence.
\reserved@b ->\T@ref 
                     
l.4 process of gluon-gluon fusion (Fig. \ref{
                                             fig:ggZZ_box})
? 
! Missing $ inserted.
<inserted text> 
                $
l.4 ... of gluon-gluon fusion (Fig. \ref{fig:ggZZ_
                                                  box})
? 
! Extra }, or forgotten $.
l.4 ...gluon-gluon fusion (Fig. \ref{fig:ggZZ_box}
                                                  )
? 

LaTeX Font Warning: Command \sc invalid in math mode on input line 8.


LaTeX Font Warning: Command \sc invalid in math mode on input line 11.

! Missing $ inserted.
<inserted text> 
                $
l.12 
     
? 
! Missing } inserted.
<inserted text> 
                }
l.12 
     
? 

Overfull \hbox (2.7735pt too wide) in paragraph at lines 1--12
 \T1/ppl/m/n/12 fig:ggZZ$[]\OML/cmm/m/it/12 ox\OT1/cmr/m/n/12 )\OML/cmm/m/it/12
 areacquiredusing[] \OT1/cmr/m/n/12 [[]]\OML/cmm/m/it/12 generator:Ataccuracyle
velofnext \OMS/cmsy/m/n/12 ^^@ 
 []

! Undefined control sequence.
\reserved@b ->\T@ref 
                     
l.31 ... ZH and ttH) as described in section \ref{
                                                  chapter1_sec3} ~\cite{Bagn...

? 
! Missing $ inserted.
<inserted text> 
                $
l.31 ...tH) as described in section \ref{chapter1_
                                                  sec3} ~\cite{Bagnaschi:201...

? 
! Extra }, or forgotten $.
l.31 ...s described in section \ref{chapter1_sec3}
                                                   ~\cite{Bagnaschi:2011tu},...

? 

LaTeX Font Warning: Command \sc invalid in math mode on input line 35.


LaTeX Font Warning: Command \sc invalid in math mode on input line 35.


LaTeX Font Warning: Command \sc invalid in math mode on input line 36.

! Missing $ inserted.
<inserted text> 
                $
l.37 to decay to H$\to
                       ZZ \to 2\ell2$X such that two leptons from 4-lepton e...

? 

LaTeX Warning: Citation `CMS:2019chr' on page 24 undefined on input line 42.

! Undefined control sequence.
\reserved@b ->\T@ref 
                     
l.43 ... results are indicated in the Table ~\ref{
                                                  tab:Accept_Eff_fOut}.
? 
! Missing $ inserted.
<inserted text> 
                $
l.43 ...e indicated in the Table ~\ref{tab:Accept_
                                                  Eff_fOut}.
? 
! Extra }, or forgotten $.
l.43 ...ed in the Table ~\ref{tab:Accept_Eff_fOut}
                                                  .
? 
! Missing $ inserted.
<inserted text> 
                $
l.44 
     
? 
! Missing } inserted.
<inserted text> 
                }
l.44 
     
? 

Overfull \hbox (884.45438pt too wide) in paragraph at lines 30--44
 \T1/ppl/m/n/12 chapter1$[]\OML/cmm/m/it/12 ec\OT1/cmr/m/n/12 3 [[]]\OML/cmm/m/
it/12 ;  \OT1/cmr/m/n/12 [[]]\OML/cmm/m/it/12 ; \OT1/cmr/m/n/12 [[]]\OML/cmm/m/
it/12 ;  \OT1/cmr/m/n/12 [[]]\OML/cmm/m/it/12 :However; WHand$\T1/ppl/m/n/12 Z$
\OML/cmm/m/it/12 Hproductionmodesaresimulatedbythe[]extensionofthe[] \OT1/cmr/m
/n/12 [[]]\OML/cmm/m/it/12 :Higgsdecaytofourleptonissimulatedby[]generator \OT1
/cmr/m/n/12 [[]]\OML/cmm/m/it/12 :FortheWH; ZHandttHmodes; Higgsisallowedtodeca
ytoH$$\OMS/cmsy/m/n/12 ! 
 []

! Undefined control sequence.
\reserved@b ->\T@ref 
                     
l.46 ...s separately as explained in Section \ref{
                                                  sec:FiducialVolume}.
? 
! Undefined control sequence.
\reserved@b ->\T@ref 
                     
l.50 ...s based on SM calculation in Section \ref{
                                                  sec:Results}.
? 
<Figures/ggH_feynman2.png, id=639, 328.22626pt x 249.93375pt>
File: Figures/ggH_feynman2.png Graphic file (type png)
<use Figures/ggH_feynman2.png>
Package pdftex.def Info: Figures/ggH_feynman2.png  used on input line 55.
(pdftex.def)             Requested size: 208.13574pt x 158.48878pt.
! Undefined control sequence.
\reserved@b ->\T@ref 
                     
l.68 described in Section \ref{
                               sec:Systematics}.
? 
! Undefined control sequence.
\reserved@b ->\T@ref 
                     
l.111 s-, t- and u-channel diagrams (Figure \ref{
                                                 fig:ZZ_feynman}) using {\sc...

? 
! Missing $ inserted.
<inserted text> 
                $
l.111 ...d u-channel diagrams (Figure \ref{fig:ZZ_
                                                  feynman}) using {\sc powhe...

? 
! Extra }, or forgotten $.
l.111 ...nel diagrams (Figure \ref{fig:ZZ_feynman}
                                                  ) using {\sc powheg V2}~\c...

? 

LaTeX Font Warning: Command \sc invalid in math mode on input line 111.


LaTeX Font Warning: Command \sc invalid in math mode on input line 112.

! Missing $ inserted.
<inserted text> 
                $
l.113 ...tion scales have been chosed equal to $m_
                                                  {\Z\Z}$ since the simulati...

? 

Overfull \hbox (503.95137pt too wide) in paragraph at lines 110--117
 \T1/ppl/m/n/12 fig:ZZ$[]\OML/cmm/m/it/12 eynman\OT1/cmr/m/n/12 )\OML/cmm/m/it/
12 using[] \OT1/cmr/m/n/12 [[]]\OML/cmm/m/it/12 and[]; withthesameconfiguration
sasfortheHiggssignal:Thedynamicalrenormalizationandfactorizationscaleshavebeenc
hosedequalto$\T1/ppl/m/n/12 m$[]$ 
 []

! Undefined control sequence.
\reserved@b ->\T@ref 
                     
l.118 ...Pg\Pg \! \to \! ZZ$ process (Figure \ref{
                                                  fig:ZZ_feynman}) is simula...

? 
! Missing $ inserted.
<inserted text> 
                $
l.118 ...! \to \! ZZ$ process (Figure \ref{fig:ZZ_
                                                  feynman}) is simulated at ...

? 
! Extra }, or forgotten $.
l.118 ... ZZ$ process (Figure \ref{fig:ZZ_feynman}
                                                  ) is simulated at leading ...

? 

! LaTeX Error: \mathrm allowed only in math mode.

See the LaTeX manual or LaTeX Companion for explanation.
Type  H <return>  for immediate help.
 ...                                              
                                                  
l.120 In order to have matching in spectra of $\Pg
                                                  \Pg \! \to \mathrm{H} \to ...

? 

! LaTeX Error: \mathrm allowed only in math mode.

See the LaTeX manual or LaTeX Companion for explanation.
Type  H <return>  for immediate help.
 ...                                              
                                                  
l.120 ...er to have matching in spectra of $\Pg\Pg
                                                   \! \to \mathrm{H} \to \! ...

? 
! Missing $ inserted.
<inserted text> 
                $
l.120 ...ave matching in spectra of $\Pg\Pg \! \to
                                                   \mathrm{H} \to \! ZZ$ as ...

? 

Overfull \hbox (129.4916pt too wide) in paragraph at lines 118--122
 \T1/ppl/m/n/12 fig:ZZ$[]\OML/cmm/m/it/12 eynman\OT1/cmr/m/n/12 )\OML/cmm/m/it/
12 issimulatedatleadingorder\OT1/cmr/m/n/12 (\OML/cmm/m/it/12 LO\OT1/cmr/m/n/12
 )\OML/cmm/m/it/12 withMCFM \OT1/cmr/m/n/12 [[]]\OML/cmm/m/it/12 :Inordertohave
matchinginspectraof$\T1/ppl/m/n/12 gg 
 []


! LaTeX Error: Not in outer par mode.

See the LaTeX manual or LaTeX Companion for explanation.
Type  H <return>  for immediate help.
 ...                                              
                                                  
l.131 \begin{figure}[!htb]
                          
? 
<Figures/figures_feynman-qqZZ-t.png, id=646, 281.05pt x 295.1025pt>
File: Figures/figures_feynman-qqZZ-t.png Graphic file (type png)
<use Figures/figures_feynman-qqZZ-t.png>
Package pdftex.def Info: Figures/figures_feynman-qqZZ-t.png  used on input line
 136.
(pdftex.def)             Requested size: 130.08733pt x 136.59082pt.
! Undefined control sequence.
<recently read> \strip@period 
                              
l.136     }
           
? 
! Undefined control sequence.
\sf@sub@label ...rip@period #1\relax .\relax \@@@ 
                                                  }\fi \sf@@sub@label {#2}
l.136     }
           
? 
! Undefined control sequence.
<recently read> \strip@period 
                              
l.136     }
           
? 
! Undefined control sequence.
<argument> ...urrentlabelname \relax .\relax \@@@ 
                                                  }{\@currentHref }{}}
l.136     }
           
? 
<Figures/figures_feynman-qqZZ-s.png, id=647, 303.1325pt x 296.10625pt>
File: Figures/figures_feynman-qqZZ-s.png Graphic file (type png)
<use Figures/figures_feynman-qqZZ-s.png>
Package pdftex.def Info: Figures/figures_feynman-qqZZ-s.png  used on input line
 140.
(pdftex.def)             Requested size: 130.08733pt x 127.07469pt.
! Undefined control sequence.
<recently read> \strip@period 
                              
l.140     }
           
? 
! Undefined control sequence.
\sf@sub@label ...rip@period #1\relax .\relax \@@@ 
                                                  }\fi \sf@@sub@label {#2}
l.140     }
           
? 
! Undefined control sequence.
<recently read> \strip@period 
                              
l.140     }
           
? 
! Undefined control sequence.
<argument> ...urrentlabelname \relax .\relax \@@@ 
                                                  }{\@currentHref }{}}
l.140     }
           
? 
<Figures/figures_feynman-ggbox.png, id=648, 283.0575pt x 282.05376pt>
File: Figures/figures_feynman-ggbox.png Graphic file (type png)
<use Figures/figures_feynman-ggbox.png>
Package pdftex.def Info: Figures/figures_feynman-ggbox.png  used on input line 
144.
(pdftex.def)             Requested size: 130.08733pt x 129.6301pt.
! Undefined control sequence.
<recently read> \strip@period 
                              
l.144     }
           
? 
! Undefined control sequence.
\sf@sub@label ...rip@period #1\relax .\relax \@@@ 
                                                  }\fi \sf@@sub@label {#2}
l.144     }
           
? 
! Undefined control sequence.
<recently read> \strip@period 
                              
l.144     }
           
? 
! Undefined control sequence.
<argument> ...urrentlabelname \relax .\relax \@@@ 
                                                  }{\@currentHref }{}}
l.144     }
           
? 
! Undefined control sequence.
\GEANTfour ->{\textsc {Geant4}}\xspace 
                                       
l.181 ...ulation for CMS detector using \GEANTfour
                                                  ~\cite{GEANT} and their re...

? 
! Undefined control sequence.
\reserved@b ->\T@ref 
                     
l.188 ...:2011lsa}, as described in Sections \ref{
                                                  sec:eleEffMeas} and \ref{s...

? 
! Undefined control sequence.
\reserved@b ->\T@ref 
                     
l.188 ...n Sections \ref{sec:eleEffMeas} and \ref{
                                                  sec:muonEffMeas}, and  are...

? 
! Undefined control sequence.
\reserved@b ->\T@ref 
                     
l.197 shown in Fig. \ref{
                         fig:puWeight2018}.
? 
<Figures/PileUp/PileUp_2018.pdf, id=659, 569.12625pt x 534.99875pt>
File: Figures/PileUp/PileUp_2018.pdf Graphic file (type pdf)
<use Figures/PileUp/PileUp_2018.pdf>
Package pdftex.def Info: Figures/PileUp/PileUp_2018.pdf  used on input line 202
.
(pdftex.def)             Requested size: 195.12767pt x 183.42372pt.
) (./Chapters/Chapter4/AnalysisStrategy/AnalysisStrategy.tex
! Undefined control sequence.
\reserved@b ->\T@ref 
                     
l.19 ... a background, illustrated in Figure \ref{
                                                  fig:cartoon}.
? 

! LaTeX Error: Not in outer par mode.

See the LaTeX manual or LaTeX Companion for explanation.
Type  H <return>  for immediate help.
 ...                                              
                                                  
l.22 \begin{figure}[!h!tb]
                          
? 
<Figures/cartoon.jpg, id=660, 803.0pt x 602.25pt>
File: Figures/cartoon.jpg Graphic file (type jpg)
<use Figures/cartoon.jpg>
Package pdftex.def Info: Figures/cartoon.jpg  used on input line 24.
(pdftex.def)             Requested size: 281.85036pt x 211.38797pt.
) (./Chapters/Chapter4/AnalysisStrategy/events_selection.tex

LaTeX Warning: Citation `CMS:2018mmw' on page 24 undefined on input line 1.


LaTeX Warning: Citation `CMS:2017jkd' on page 24 undefined on input line 1.


LaTeX Warning: Citation `sec:trigpaths' on page 24 undefined on input line 2.

! Undefined control sequence.
\reserved@b ->\T@ref 
                     
l.23 ...e tight leptons (defined in sections \ref{
                                                  sec:eleID} and  \ref{sec:m...

? 
! Undefined control sequence.
\reserved@b ->\T@ref 
                     
l.23 ...ned in sections \ref{sec:eleID} and  \ref{
                                                  sec:muonReco}) that pass t...

? 
! Undefined control sequence.
\reserved@b ->\T@ref 
                     
l.24 ... isolation cuts (defined in sections \ref{
                                                  sec:eleID} and \ref{sec:mu...

? 
! Undefined control sequence.
\reserved@b ->\T@ref 
                     
l.24 ...ined in sections \ref{sec:eleID} and \ref{
                                                  sec:muoniso}),
? 
! Undefined control sequence.
\reserved@b ->\T@ref 
                     
l.25 ...are subtracted as briefed in Section \ref{
                                                  sec:FSRphotons}.
? 
! Undefined control sequence.
l.42      $p_{T,i} > 20~\GeVc
                             $ and $p_{T,j} > 10~\GeVc$.
? 
! Undefined control sequence.
l.42 ..._{T,i} > 20~\GeVc$ and $p_{T,j} > 10~\GeVc
                                                  $.
? 
! Undefined control sequence.
l.43 ...rdless of flavor) $m_{\ell\ell} > 4~\GeVcc
                                                  $ for QCD induced  $J/\Psi...

? 
! Undefined control sequence.
l.58 ...epton invariant mass}: $\mllll > 70~\GeVcc
                                                  $
? 
! Undefined control sequence.
\reserved@b ->\T@ref 
                     
l.77 ...\eta|\le 4.7$, discussed in Section ~\ref{
                                                  jets_reco}. To remove over...

? 
! Missing $ inserted.
<inserted text> 
                $
l.77 ...\le 4.7$, discussed in Section ~\ref{jets_
                                                  reco}. To remove overlappi...

? 
! Extra }, or forgotten $.
l.77 ....7$, discussed in Section ~\ref{jets_reco}
                                                  . To remove overlapping of...

? 
! Missing $ inserted.
<inserted text> 
                $
l.77 ..., it is required to have at least  $\Delta
                                                   R > 0.5$ where $\Delta R ...

? 
)
Overfull \hbox (122.52415pt too wide) in paragraph at lines 76--359
 \T1/ppl/m/n/12 jets$[]\OML/cmm/m/it/12 eco:Toremoveoverlappingofjetsoverlapfro
mleptonsorselectedphotons; itisrequiredtohaveatleast$$\OT1/cmr/m/n/12 ^^A\OML/c
mm/m/it/12 R > 
 []

(./Chapters/Chapter4/AnalysisStrategy/background_model.tex

! LaTeX Error: \mathrm allowed only in math mode.

See the LaTeX manual or LaTeX Companion for explanation.
Type  H <return>  for immediate help.
 ...                                              
                                                  
l.18 \Z
       \ + X               & $  21.1^{+ 8.5}_{-10.4}$ & $  34.4^{+14.5}_{-13...

? 

! LaTeX Error: \mathrm allowed only in math mode.

See the LaTeX manual or LaTeX Companion for explanation.
Type  H <return>  for immediate help.
 ...                                              
                                                  
l.32 \Z
       \ + X & $12.39^{+ y.y}_{- z.z}$ & $36.39^{+ y.y}_{- z.z}$ & $44.45^{+...

? 

! LaTeX Error: \mathrm allowed only in math mode.

See the LaTeX manual or LaTeX Companion for explanation.
Type  H <return>  for immediate help.
 ...                                              
                                                  
l.50         \Z
               \ + X & $19.3\pm7.2$ & $50.8\pm15.2$ & $64.6\pm15.6$ & $134.7...

? 
! Undefined control sequence.
\reserved@b ->\T@ref 
                     
l.100 ...ainty indicated is shown in Figure ~\ref{
                                                  fig:ZX}.
? 
! Undefined control sequence.
\reserved@b ->\T@ref 
                     
l.106 ...f $\Hllll$ will be given in Section \ref{
                                                  sec:ExtractionDifferential}.
? 
! Undefined control sequence.
\reserved@b ->\T@ref 
                     
l.110 are listed in Table \ref{
                               tab:EventYieldsH4l} for full Run 2 datasets.
? 
! Undefined control sequence.
\reserved@b ->\T@ref 
                     
l.112 ... mass range is shownn in the Figure \ref{
                                                  fig:mass4l}.
? 

! LaTeX Error: Not in outer par mode.

See the LaTeX manual or LaTeX Companion for explanation.
Type  H <return>  for immediate help.
 ...                                              
                                                  
l.117 \begin{figure}[!htbp]
                           
? 
<Chapters/Chapter4/AnalysisStrategy/figures/Combination.pdf, id=670, 569.12625p
t x 415.5525pt>
File: Chapters/Chapter4/AnalysisStrategy/figures/Combination.pdf Graphic file (
type pdf)
<use Chapters/Chapter4/AnalysisStrategy/figures/Combination.pdf>
Package pdftex.def Info: Chapters/Chapter4/AnalysisStrategy/figures/Combination
.pdf  used on input line 120.
(pdftex.def)             Requested size: 216.81pt x 158.30472pt.
<Chapters/Chapter4/AnalysisStrategy/figures/Combination_lowMass.pdf, id=671, 56
9.12625pt x 415.5525pt>
File: Chapters/Chapter4/AnalysisStrategy/figures/Combination_lowMass.pdf Graphi
c file (type pdf)
<use Chapters/Chapter4/AnalysisStrategy/figures/Combination_lowMass.pdf>
Package pdftex.def Info: Chapters/Chapter4/AnalysisStrategy/figures/Combination
_lowMass.pdf  used on input line 124.
(pdftex.def)             Requested size: 216.81pt x 158.30472pt.

Overfull \hbox (2.28001pt too wide) in paragraph at lines 118--127
[]$[]$ $[]$ 
 []

) (./Chapters/Chapter4/AnalysisStrategy/fiducial_volume.tex
! Undefined control sequence.
\reserved@b ->\T@ref 
                     
l.19 ...at fiducial level as shown in Table ~\ref{
                                                  tab:efficiencySMnoGenIso},...

? 
! Undefined control sequence.
\reserved@b ->\T@ref 
                     
l.31 ...ase space are also gathered in Table \ref{
                                                  tab:FidDef}.
? 

Overfull \hbox (69.32175pt too wide) in paragraph at lines 40--81
 [] 
 []

! Undefined control sequence.
\reserved@b ->\T@ref 
                     
l.87 Section \ref{
                  sec:Systematics}. Part of the signal events passing fiduci...

? 
! Undefined control sequence.
\reserved@b ->\T@ref 
                     
l.89 ...uction modes are registered in Table \ref{
                                                  tab:summarySMfullRun2}.
? 
) (./Chapters/Chapter4/AnalysisStrategy/SignalAndStatProcedure.tex
! Undefined control sequence.
\reserved@b ->\T@ref 
                     
l.8 ...asurements will be given in  Sections \ref{
                                                  sec:SignalInclusive} and \...

? 
! Undefined control sequence.
\reserved@b ->\T@ref 
                     
l.8 ...ections \ref{sec:SignalInclusive} and \ref{
                                                  sec:SignalDifferential}.
? 
! Undefined control sequence.
\reserved@b ->\T@ref 
                     
l.66 ... each model are listed in the Tables \ref{
                                                  tab:summarySM2016},  \ref{...

? 
! Undefined control sequence.
\reserved@b ->\T@ref 
                     
l.66 ...the Tables \ref{tab:summarySM2016},  \ref{
                                                  tab:summarySM2017} and  \r...

? 
! Undefined control sequence.
\reserved@b ->\T@ref 
                     
l.66 ...2016},  \ref{tab:summarySM2017} and  \ref{
                                                  tab:summarySM2018} for 201...

? 
! Undefined control sequence.
\reserved@b ->\T@ref 
                     
l.78 Figure \ref{
                 fig:eff-pT4l-4e} shows the efficiency matrix for $p_{T}(H)$...

? 
! Undefined control sequence.
\reserved@b ->\T@ref 
                     
l.81 \ref{
          fig:eff-njets_reco_pt30_eta4p7-4e}-\ref{fig:eff-njets_reco_pt30_et...

? 
! Missing $ inserted.
<inserted text> 
                $
l.81 \ref{fig:eff-njets_
                        reco_pt30_eta4p7-4e}-\ref{fig:eff-njets_reco_pt30_et...

? 
! Extra }, or forgotten $.
l.81 \ref{fig:eff-njets_reco_pt30_eta4p7-4e}
                                            -\ref{fig:eff-njets_reco_pt30_et...

? 
! Undefined control sequence.
\reserved@b ->\T@ref 
                     
l.81 \ref{fig:eff-njets_reco_pt30_eta4p7-4e}-\ref{
                                                  fig:eff-njets_reco_pt30_et...

? 
! Undefined control sequence.
\reserved@b ->\T@ref 
                     
l.81 ...o_pt30_eta4p7-2e2mu} in the Appendix \ref{
                                                  app:siginputs}.
? 
! Missing $ inserted.
<inserted text> 
                $
l.82 \par
          The estimated number events for a studied differential observable ...

? 
! Missing } inserted.
<inserted text> 
                }
l.82 \par
          The estimated number events for a studied differential observable ...

? 
)

Package hyperref Warning: Token not allowed in a PDF string (PDFDocEncoding):
(hyperref)                removing `math shift' on input line 365.


Package hyperref Warning: Token not allowed in a PDF string (PDFDocEncoding):
(hyperref)                removing `\to' on input line 365.


Package hyperref Warning: Token not allowed in a PDF string (PDFDocEncoding):
(hyperref)                removing `\ell' on input line 365.


Package hyperref Warning: Token not allowed in a PDF string (PDFDocEncoding):
(hyperref)                removing `math shift' on input line 365.

(./Chapters/Chapter4/AnalysisStrategy/ExtractionInclusive.tex
! Undefined control sequence.
\reserved@b ->\T@ref 
                     
l.2 ...ns measurement as outlined in Section~\ref{
                                                  sec:SignalStatProcedure}, ...

? 
! Undefined control sequence.
\reserved@b ->\T@ref 
                     
l.4 Table~\ref{
               tab:efficiencySM} shows the reconstruction efficiency ($\epsi...

? 
! Undefined control sequence.
\reserved@b ->\T@ref 
                     
l.4 ...on$) for fiducial events, while Table~\ref{
                                                  tab:foutSM} shows the rati...

? 
! Undefined control sequence.
\reserved@b ->\T@ref 
                     
l.8 Section~\ref{
                 sec:AnalysisStrategy}.
? 
! Undefined control sequence.
\reserved@b ->\T@ref 
                     
l.11 ...Higgs boson decay are shown in Table~\ref{
                                                  tab:wrongracSM}.
? 

! LaTeX Error: Not in outer par mode.

See the LaTeX manual or LaTeX Companion for explanation.
Type  H <return>  for immediate help.
 ...                                              
                                                  
l.13 \begin{table}[!h!tb]
                         
? 

! LaTeX Error: Not in outer par mode.

See the LaTeX manual or LaTeX Companion for explanation.
Type  H <return>  for immediate help.
 ...                                              
                                                  
l.51 \begin{table}[!h!tb]
                         
? 

! LaTeX Error: Not in outer par mode.

See the LaTeX manual or LaTeX Companion for explanation.
Type  H <return>  for immediate help.
 ...                                              
                                                  
l.154 \begin{table}[!h!tb]
                          
? 

! LaTeX Error: Not in outer par mode.

See the LaTeX manual or LaTeX Companion for explanation.
Type  H <return>  for immediate help.
 ...                                              
                                                  
l.192 \begin{figure}[!htbp]
                           
? 
<Plots/asimovdata_SM_125_v2_unfoldwith_SM_125_v2_mass4l_4e_recobin0.pdf, id=680
, 569.12625pt x 440.64626pt>
File: Plots/asimovdata_SM_125_v2_unfoldwith_SM_125_v2_mass4l_4e_recobin0.pdf Gr
aphic file (type pdf)
<use Plots/asimovdata_SM_125_v2_unfoldwith_SM_125_v2_mass4l_4e_recobin0.pdf>
Package pdftex.def Info: Plots/asimovdata_SM_125_v2_unfoldwith_SM_125_v2_mass4l
_4e_recobin0.pdf  used on input line 194.
(pdftex.def)             Requested size: 216.81pt x 167.86418pt.
<Plots/asimovdata_SM_125_v2_unfoldwith_SM_125_v2_mass4l_4mu_recobin0.pdf, id=68
1, 569.12625pt x 440.64626pt>
File: Plots/asimovdata_SM_125_v2_unfoldwith_SM_125_v2_mass4l_4mu_recobin0.pdf G
raphic file (type pdf)
<use Plots/asimovdata_SM_125_v2_unfoldwith_SM_125_v2_mass4l_4mu_recobin0.pdf>
Package pdftex.def Info: Plots/asimovdata_SM_125_v2_unfoldwith_SM_125_v2_mass4l
_4mu_recobin0.pdf  used on input line 197.
(pdftex.def)             Requested size: 216.81pt x 167.86418pt.
<Plots/asimovdata_SM_125_v2_unfoldwith_SM_125_v2_mass4l_2e2mu_recobin0.pdf, id=
682, 569.12625pt x 440.64626pt>
File: Plots/asimovdata_SM_125_v2_unfoldwith_SM_125_v2_mass4l_2e2mu_recobin0.pdf
 Graphic file (type pdf)
<use Plots/asimovdata_SM_125_v2_unfoldwith_SM_125_v2_mass4l_2e2mu_recobin0.pdf>

Package pdftex.def Info: Plots/asimovdata_SM_125_v2_unfoldwith_SM_125_v2_mass4l
_2e2mu_recobin0.pdf  used on input line 200.
(pdftex.def)             Requested size: 216.81pt x 167.86418pt.
<Plots/asimovdata_SM_125_v2_unfoldwith_SM_125_v2_mass4l_4l_recobin0.pdf, id=683
, 569.12625pt x 440.64626pt>
File: Plots/asimovdata_SM_125_v2_unfoldwith_SM_125_v2_mass4l_4l_recobin0.pdf Gr
aphic file (type pdf)
<use Plots/asimovdata_SM_125_v2_unfoldwith_SM_125_v2_mass4l_4l_recobin0.pdf>
Package pdftex.def Info: Plots/asimovdata_SM_125_v2_unfoldwith_SM_125_v2_mass4l
_4l_recobin0.pdf  used on input line 203.
(pdftex.def)             Requested size: 216.81pt x 167.86418pt.

Overfull \hbox (2.28001pt too wide) in paragraph at lines 193--205
[]$[]$ $[]$
 []


Overfull \hbox (2.28001pt too wide) in paragraph at lines 193--205
[]$ $[]$ 
 []

)

Package hyperref Warning: Token not allowed in a PDF string (PDFDocEncoding):
(hyperref)                removing `math shift' on input line 367.


Package hyperref Warning: Token not allowed in a PDF string (PDFDocEncoding):
(hyperref)                removing `\to' on input line 367.


Package hyperref Warning: Token not allowed in a PDF string (PDFDocEncoding):
(hyperref)                removing `\ell' on input line 367.


Package hyperref Warning: Token not allowed in a PDF string (PDFDocEncoding):
(hyperref)                removing `math shift' on input line 367.

(./Chapters/Chapter4/AnalysisStrategy/ExtractionDifferential.tex
! Undefined control sequence.
\reserved@b ->\T@ref 
                     
l.36 ...nd events are presented in the Table \ref{
                                                  tab:fractions_pT4l}.
? 
! Missing $ inserted.
<inserted text> 
                $
l.36 ...presented in the Table \ref{tab:fractions_
                                                  pT4l}.
? 
! Extra }, or forgotten $.
l.36 ...nted in the Table \ref{tab:fractions_pT4l}
                                                  .
? 
! Missing $ inserted.
<inserted text> 
                $
l.40 
     
? 
! Missing } inserted.
<inserted text> 
                }
l.40 
     
? 

! LaTeX Error: Not in outer par mode.

See the LaTeX manual or LaTeX Companion for explanation.
Type  H <return>  for immediate help.
 ...                                              
                                                  
l.42 \begin{table}[!h!tb]
                         
? 
! Undefined control sequence.
\reserved@b ->\T@ref 
                     
l.125 ...g the procedure outlined in Section~\ref{
                                                  sec:SignalStatProcedure}.
? 
! Undefined control sequence.
\reserved@b ->\T@ref 
                     
l.130 final states are shown in Figure~\ref{
                                            fig:sigfits-pT4l-ggH-powheg15-JH...

? 
! Undefined control sequence.
\reserved@b ->\T@ref 
                     
l.131 $2e2\mu$ final state are shown in Fig~\ref{
                                                 fig:eff-pT4l-2e2mu-maintext...

? 
! Undefined control sequence.
\reserved@b ->\T@ref 
                     
l.131 ...re examples can be seen in Appendix~\ref{
                                                  signalinputs}.
? 

! LaTeX Error: Not in outer par mode.

See the LaTeX manual or LaTeX Companion for explanation.
Type  H <return>  for immediate help.
 ...                                              
                                                  
l.134 \begin{figure}[htb]
                         
? 
<Plots/ggH_powheg_JHUgen_125_2e2mu_pT4l_genbin0_recobin0_effs_genWeight*pileupW
eight*dataMCWeight.pdf, id=686, 569.12625pt x 551.05875pt>
File: Plots/ggH_powheg_JHUgen_125_2e2mu_pT4l_genbin0_recobin0_effs_genWeight*pi
leupWeight*dataMCWeight.pdf Graphic file (type pdf)
<use Plots/ggH_powheg_JHUgen_125_2e2mu_pT4l_genbin0_recobin0_effs_genWeight*pil
eupWeight*dataMCWeight.pdf>
Package pdftex.def Info: Plots/ggH_powheg_JHUgen_125_2e2mu_pT4l_genbin0_recobin
0_effs_genWeight*pileupWeight*dataMCWeight.pdf  used on input line 140.
(pdftex.def)             Requested size: 130.08733pt x 125.95885pt.
! Undefined control sequence.
<recently read> \strip@period 
                              
l.140     }
           
? 
! Undefined control sequence.
\sf@sub@label ...rip@period #1\relax .\relax \@@@ 
                                                  }\fi \sf@@sub@label {#2}
l.140     }
           
? 
! Undefined control sequence.
<recently read> \strip@period 
                              
l.140     }
           
? 
! Undefined control sequence.
<argument> ...urrentlabelname \relax .\relax \@@@ 
                                                  }{\@currentHref }{}}
l.140     }
           
? 
<Plots/ggH_powheg_JHUgen_125_2e2mu_pT4l_genbin1_recobin1_effs_genWeight*pileupW
eight*dataMCWeight.pdf, id=687, 569.12625pt x 551.05875pt>
File: Plots/ggH_powheg_JHUgen_125_2e2mu_pT4l_genbin1_recobin1_effs_genWeight*pi
leupWeight*dataMCWeight.pdf Graphic file (type pdf)
<use Plots/ggH_powheg_JHUgen_125_2e2mu_pT4l_genbin1_recobin1_effs_genWeight*pil
eupWeight*dataMCWeight.pdf>
Package pdftex.def Info: Plots/ggH_powheg_JHUgen_125_2e2mu_pT4l_genbin1_recobin
1_effs_genWeight*pileupWeight*dataMCWeight.pdf  used on input line 144.
(pdftex.def)             Requested size: 130.08733pt x 125.95885pt.
! Undefined control sequence.
<recently read> \strip@period 
                              
l.144     }
           
? 
! Undefined control sequence.
\sf@sub@label ...rip@period #1\relax .\relax \@@@ 
                                                  }\fi \sf@@sub@label {#2}
l.144     }
           
? 
! Undefined control sequence.
<recently read> \strip@period 
                              
l.144     }
           
? 
! Undefined control sequence.
<argument> ...urrentlabelname \relax .\relax \@@@ 
                                                  }{\@currentHref }{}}
l.144     }
           
? 
<Plots/ggH_powheg_JHUgen_125_2e2mu_pT4l_genbin2_recobin2_effs_genWeight*pileupW
eight*dataMCWeight.pdf, id=688, 569.12625pt x 551.05875pt>
File: Plots/ggH_powheg_JHUgen_125_2e2mu_pT4l_genbin2_recobin2_effs_genWeight*pi
leupWeight*dataMCWeight.pdf Graphic file (type pdf)
<use Plots/ggH_powheg_JHUgen_125_2e2mu_pT4l_genbin2_recobin2_effs_genWeight*pil
eupWeight*dataMCWeight.pdf>
Package pdftex.def Info: Plots/ggH_powheg_JHUgen_125_2e2mu_pT4l_genbin2_recobin
2_effs_genWeight*pileupWeight*dataMCWeight.pdf  used on input line 148.
(pdftex.def)             Requested size: 130.08733pt x 125.95885pt.
! Undefined control sequence.
<recently read> \strip@period 
                              
l.148     }
             \\
? 
! Undefined control sequence.
\sf@sub@label ...rip@period #1\relax .\relax \@@@ 
                                                  }\fi \sf@@sub@label {#2}
l.148     }
             \\
? 
! Undefined control sequence.
<recently read> \strip@period 
                              
l.148     }
             \\
? 
! Undefined control sequence.
<argument> ...urrentlabelname \relax .\relax \@@@ 
                                                  }{\@currentHref }{}}
l.148     }
             \\
? 
<Plots/ggH_powheg_JHUgen_125_2e2mu_pT4l_genbin3_recobin3_effs_genWeight*pileupW
eight*dataMCWeight.pdf, id=689, 569.12625pt x 551.05875pt>
File: Plots/ggH_powheg_JHUgen_125_2e2mu_pT4l_genbin3_recobin3_effs_genWeight*pi
leupWeight*dataMCWeight.pdf Graphic file (type pdf)
<use Plots/ggH_powheg_JHUgen_125_2e2mu_pT4l_genbin3_recobin3_effs_genWeight*pil
eupWeight*dataMCWeight.pdf>
Package pdftex.def Info: Plots/ggH_powheg_JHUgen_125_2e2mu_pT4l_genbin3_recobin
3_effs_genWeight*pileupWeight*dataMCWeight.pdf  used on input line 152.
(pdftex.def)             Requested size: 130.08733pt x 125.95885pt.
! Undefined control sequence.
<recently read> \strip@period 
                              
l.152     }
           
? 
! Undefined control sequence.
\sf@sub@label ...rip@period #1\relax .\relax \@@@ 
                                                  }\fi \sf@@sub@label {#2}
l.152     }
           
? 
! Undefined control sequence.
<recently read> \strip@period 
                              
l.152     }
           
? 
! Undefined control sequence.
<argument> ...urrentlabelname \relax .\relax \@@@ 
                                                  }{\@currentHref }{}}
l.152     }
           
? 
<Plots/ggH_powheg_JHUgen_125_2e2mu_pT4l_genbin4_recobin4_effs_genWeight*pileupW
eight*dataMCWeight.pdf, id=690, 569.12625pt x 551.05875pt>
File: Plots/ggH_powheg_JHUgen_125_2e2mu_pT4l_genbin4_recobin4_effs_genWeight*pi
leupWeight*dataMCWeight.pdf Graphic file (type pdf)
<use Plots/ggH_powheg_JHUgen_125_2e2mu_pT4l_genbin4_recobin4_effs_genWeight*pil
eupWeight*dataMCWeight.pdf>
Package pdftex.def Info: Plots/ggH_powheg_JHUgen_125_2e2mu_pT4l_genbin4_recobin
4_effs_genWeight*pileupWeight*dataMCWeight.pdf  used on input line 156.
(pdftex.def)             Requested size: 130.08733pt x 125.95885pt.
! Undefined control sequence.
<recently read> \strip@period 
                              
l.156     }
           
? 
! Undefined control sequence.
\sf@sub@label ...rip@period #1\relax .\relax \@@@ 
                                                  }\fi \sf@@sub@label {#2}
l.156     }
           
? 
! Undefined control sequence.
<recently read> \strip@period 
                              
l.156     }
           
? 
! Undefined control sequence.
<argument> ...urrentlabelname \relax .\relax \@@@ 
                                                  }{\@currentHref }{}}
l.156     }
           
? 
<Plots/ggH_powheg_JHUgen_125_2e2mu_pT4l_genbin5_recobin5_effs_genWeight*pileupW
eight*dataMCWeight.pdf, id=691, 569.12625pt x 551.05875pt>
File: Plots/ggH_powheg_JHUgen_125_2e2mu_pT4l_genbin5_recobin5_effs_genWeight*pi
leupWeight*dataMCWeight.pdf Graphic file (type pdf)
<use Plots/ggH_powheg_JHUgen_125_2e2mu_pT4l_genbin5_recobin5_effs_genWeight*pil
eupWeight*dataMCWeight.pdf>
Package pdftex.def Info: Plots/ggH_powheg_JHUgen_125_2e2mu_pT4l_genbin5_recobin
5_effs_genWeight*pileupWeight*dataMCWeight.pdf  used on input line 160.
(pdftex.def)             Requested size: 130.08733pt x 125.95885pt.
! Undefined control sequence.
<recently read> \strip@period 
                              
l.160     }
            \\
? 
! Undefined control sequence.
\sf@sub@label ...rip@period #1\relax .\relax \@@@ 
                                                  }\fi \sf@@sub@label {#2}
l.160     }
            \\
? 
! Undefined control sequence.
<recently read> \strip@period 
                              
l.160     }
            \\
? 
! Undefined control sequence.
<argument> ...urrentlabelname \relax .\relax \@@@ 
                                                  }{\@currentHref }{}}
l.160     }
            \\
? 
<Plots/ggH_powheg_JHUgen_125_2e2mu_pT4l_genbin6_recobin6_effs_genWeight*pileupW
eight*dataMCWeight.pdf, id=692, 569.12625pt x 551.05875pt>
File: Plots/ggH_powheg_JHUgen_125_2e2mu_pT4l_genbin6_recobin6_effs_genWeight*pi
leupWeight*dataMCWeight.pdf Graphic file (type pdf)
<use Plots/ggH_powheg_JHUgen_125_2e2mu_pT4l_genbin6_recobin6_effs_genWeight*pil
eupWeight*dataMCWeight.pdf>
Package pdftex.def Info: Plots/ggH_powheg_JHUgen_125_2e2mu_pT4l_genbin6_recobin
6_effs_genWeight*pileupWeight*dataMCWeight.pdf  used on input line 164.
(pdftex.def)             Requested size: 130.08733pt x 125.95885pt.
! Undefined control sequence.
<recently read> \strip@period 
                              
l.164     }
           
? 
! Undefined control sequence.
\sf@sub@label ...rip@period #1\relax .\relax \@@@ 
                                                  }\fi \sf@@sub@label {#2}
l.164     }
           
? 
! Undefined control sequence.
<recently read> \strip@period 
                              
l.164     }
           
? 
! Undefined control sequence.
<argument> ...urrentlabelname \relax .\relax \@@@ 
                                                  }{\@currentHref }{}}
l.164     }
           
? 

! LaTeX Error: Not in outer par mode.

See the LaTeX manual or LaTeX Companion for explanation.
Type  H <return>  for immediate help.
 ...                                              
                                                  
l.193 \begin{figure}[htb]
                         
? 
<Plots/eff2d_ggH_powheg_JHUgen_125_pT4l_2e2mu.pdf, id=693, 569.12625pt x 440.64
626pt>
File: Plots/eff2d_ggH_powheg_JHUgen_125_pT4l_2e2mu.pdf Graphic file (type pdf)
<use Plots/eff2d_ggH_powheg_JHUgen_125_pT4l_2e2mu.pdf>
Package pdftex.def Info: Plots/eff2d_ggH_powheg_JHUgen_125_pT4l_2e2mu.pdf  used
 on input line 199.
(pdftex.def)             Requested size: 208.13574pt x 161.14719pt.
! Undefined control sequence.
<recently read> \strip@period 
                              
l.199     }
           
? 
! Undefined control sequence.
\sf@sub@label ...rip@period #1\relax .\relax \@@@ 
                                                  }\fi \sf@@sub@label {#2}
l.199     }
           
? 
! Undefined control sequence.
<recently read> \strip@period 
                              
l.199     }
           
? 
! Undefined control sequence.
<argument> ...urrentlabelname \relax .\relax \@@@ 
                                                  }{\@currentHref }{}}
l.199     }
           
? 
<Plots/eff2d_ggH_NNLOPS_JHUgen_125_pT4l_2e2mu.pdf, id=694, 569.12625pt x 440.64
626pt>
File: Plots/eff2d_ggH_NNLOPS_JHUgen_125_pT4l_2e2mu.pdf Graphic file (type pdf)
<use Plots/eff2d_ggH_NNLOPS_JHUgen_125_pT4l_2e2mu.pdf>
Package pdftex.def Info: Plots/eff2d_ggH_NNLOPS_JHUgen_125_pT4l_2e2mu.pdf  used
 on input line 204.
(pdftex.def)             Requested size: 208.13574pt x 161.14719pt.
! Undefined control sequence.
<recently read> \strip@period 
                              
l.204     }
            \\
? 
! Undefined control sequence.
\sf@sub@label ...rip@period #1\relax .\relax \@@@ 
                                                  }\fi \sf@@sub@label {#2}
l.204     }
            \\
? 
! Undefined control sequence.
<recently read> \strip@period 
                              
l.204     }
            \\
? 
! Undefined control sequence.
<argument> ...urrentlabelname \relax .\relax \@@@ 
                                                  }{\@currentHref }{}}
l.204     }
            \\
? 
<Plots/eff2d_VBF_powheg_JHUgen_125_pT4l_2e2mu.pdf, id=695, 569.12625pt x 440.64
626pt>
File: Plots/eff2d_VBF_powheg_JHUgen_125_pT4l_2e2mu.pdf Graphic file (type pdf)
<use Plots/eff2d_VBF_powheg_JHUgen_125_pT4l_2e2mu.pdf>
Package pdftex.def Info: Plots/eff2d_VBF_powheg_JHUgen_125_pT4l_2e2mu.pdf  used
 on input line 209.
(pdftex.def)             Requested size: 208.13574pt x 161.14719pt.
! Undefined control sequence.
<recently read> \strip@period 
                              
l.209     }
           
? 
! Undefined control sequence.
\sf@sub@label ...rip@period #1\relax .\relax \@@@ 
                                                  }\fi \sf@@sub@label {#2}
l.209     }
           
? 
! Undefined control sequence.
<recently read> \strip@period 
                              
l.209     }
           
? 
! Undefined control sequence.
<argument> ...urrentlabelname \relax .\relax \@@@ 
                                                  }{\@currentHref }{}}
l.209     }
           
? 
<Plots/eff2d_WH_powheg_JHUgen_125_pT4l_2e2mu.pdf, id=696, 569.12625pt x 440.646
26pt>
File: Plots/eff2d_WH_powheg_JHUgen_125_pT4l_2e2mu.pdf Graphic file (type pdf)
<use Plots/eff2d_WH_powheg_JHUgen_125_pT4l_2e2mu.pdf>
Package pdftex.def Info: Plots/eff2d_WH_powheg_JHUgen_125_pT4l_2e2mu.pdf  used 
on input line 214.
(pdftex.def)             Requested size: 208.13574pt x 161.14719pt.
! Undefined control sequence.
<recently read> \strip@period 
                              
l.214     }
            \\
? 
! Undefined control sequence.
\sf@sub@label ...rip@period #1\relax .\relax \@@@ 
                                                  }\fi \sf@@sub@label {#2}
l.214     }
            \\
? 
! Undefined control sequence.
<recently read> \strip@period 
                              
l.214     }
            \\
? 
! Undefined control sequence.
<argument> ...urrentlabelname \relax .\relax \@@@ 
                                                  }{\@currentHref }{}}
l.214     }
            \\
? 
<Plots/eff2d_ZH_powheg_JHUgen_125_pT4l_2e2mu.pdf, id=697, 569.12625pt x 440.646
26pt>
File: Plots/eff2d_ZH_powheg_JHUgen_125_pT4l_2e2mu.pdf Graphic file (type pdf)
<use Plots/eff2d_ZH_powheg_JHUgen_125_pT4l_2e2mu.pdf>
Package pdftex.def Info: Plots/eff2d_ZH_powheg_JHUgen_125_pT4l_2e2mu.pdf  used 
on input line 219.
(pdftex.def)             Requested size: 208.13574pt x 161.14719pt.
! Undefined control sequence.
<recently read> \strip@period 
                              
l.219     }
           
? 
! Undefined control sequence.
\sf@sub@label ...rip@period #1\relax .\relax \@@@ 
                                                  }\fi \sf@@sub@label {#2}
l.219     }
           
? 
! Undefined control sequence.
<recently read> \strip@period 
                              
l.219     }
           
? 
! Undefined control sequence.
<argument> ...urrentlabelname \relax .\relax \@@@ 
                                                  }{\@currentHref }{}}
l.219     }
           
? 
<Plots/eff2d_ttH_powheg_JHUgen_125_pT4l_2e2mu.pdf, id=698, 569.12625pt x 440.64
626pt>
File: Plots/eff2d_ttH_powheg_JHUgen_125_pT4l_2e2mu.pdf Graphic file (type pdf)
<use Plots/eff2d_ttH_powheg_JHUgen_125_pT4l_2e2mu.pdf>
Package pdftex.def Info: Plots/eff2d_ttH_powheg_JHUgen_125_pT4l_2e2mu.pdf  used
 on input line 224.
(pdftex.def)             Requested size: 208.13574pt x 161.14719pt.
! Undefined control sequence.
<recently read> \strip@period 
                              
l.224     }
           
? 
! Undefined control sequence.
\sf@sub@label ...rip@period #1\relax .\relax \@@@ 
                                                  }\fi \sf@@sub@label {#2}
l.224     }
           
? 
! Undefined control sequence.
<recently read> \strip@period 
                              
l.224     }
           
? 
! Undefined control sequence.
<argument> ...urrentlabelname \relax .\relax \@@@ 
                                                  }{\@currentHref }{}}
l.224     }
           
? 
! Undefined control sequence.
\reserved@b ->\T@ref 
                     
l.230 Figure~\ref{
                  fig:sigfits-asimov-SM-pt4l-4l} shows the four lepton mass ...

? 
<Plots/asimovdata_SM_125_v2_unfoldwith_SM_125_v3_pT4l_4l_recobin0.pdf, id=699, 
569.12625pt x 440.64626pt>
File: Plots/asimovdata_SM_125_v2_unfoldwith_SM_125_v3_pT4l_4l_recobin0.pdf Grap
hic file (type pdf)
<use Plots/asimovdata_SM_125_v2_unfoldwith_SM_125_v3_pT4l_4l_recobin0.pdf>
Package pdftex.def Info: Plots/asimovdata_SM_125_v2_unfoldwith_SM_125_v3_pT4l_4
l_recobin0.pdf  used on input line 239.
(pdftex.def)             Requested size: 173.44534pt x 134.2927pt.
! Undefined control sequence.
<recently read> \strip@period 
                              
l.239     }
           
? 
! Undefined control sequence.
\sf@sub@label ...rip@period #1\relax .\relax \@@@ 
                                                  }\fi \sf@@sub@label {#2}
l.239     }
           
? 
! Undefined control sequence.
<recently read> \strip@period 
                              
l.239     }
           
? 
! Undefined control sequence.
<argument> ...urrentlabelname \relax .\relax \@@@ 
                                                  }{\@currentHref }{}}
l.239     }
           
? 
<Plots/asimovdata_SM_125_v2_unfoldwith_SM_125_v3_pT4l_4l_recobin1.pdf, id=700, 
569.12625pt x 440.64626pt>
File: Plots/asimovdata_SM_125_v2_unfoldwith_SM_125_v3_pT4l_4l_recobin1.pdf Grap
hic file (type pdf)
<use Plots/asimovdata_SM_125_v2_unfoldwith_SM_125_v3_pT4l_4l_recobin1.pdf>
Package pdftex.def Info: Plots/asimovdata_SM_125_v2_unfoldwith_SM_125_v3_pT4l_4
l_recobin1.pdf  used on input line 243.
(pdftex.def)             Requested size: 173.44534pt x 134.2927pt.
! Undefined control sequence.
<recently read> \strip@period 
                              
l.243     }
            \\
? 
! Undefined control sequence.
\sf@sub@label ...rip@period #1\relax .\relax \@@@ 
                                                  }\fi \sf@@sub@label {#2}
l.243     }
            \\
? 
! Undefined control sequence.
<recently read> \strip@period 
                              
l.243     }
            \\
? 
! Undefined control sequence.
<argument> ...urrentlabelname \relax .\relax \@@@ 
                                                  }{\@currentHref }{}}
l.243     }
            \\
? 
<Plots/asimovdata_SM_125_v2_unfoldwith_SM_125_v3_pT4l_4l_recobin2.pdf, id=701, 
569.12625pt x 440.64626pt>
File: Plots/asimovdata_SM_125_v2_unfoldwith_SM_125_v3_pT4l_4l_recobin2.pdf Grap
hic file (type pdf)
<use Plots/asimovdata_SM_125_v2_unfoldwith_SM_125_v3_pT4l_4l_recobin2.pdf>
Package pdftex.def Info: Plots/asimovdata_SM_125_v2_unfoldwith_SM_125_v3_pT4l_4
l_recobin2.pdf  used on input line 247.
(pdftex.def)             Requested size: 173.44534pt x 134.2927pt.
! Undefined control sequence.
<recently read> \strip@period 
                              
l.247     }
           
? 
! Undefined control sequence.
\sf@sub@label ...rip@period #1\relax .\relax \@@@ 
                                                  }\fi \sf@@sub@label {#2}
l.247     }
           
? 
! Undefined control sequence.
<recently read> \strip@period 
                              
l.247     }
           
? 
! Undefined control sequence.
<argument> ...urrentlabelname \relax .\relax \@@@ 
                                                  }{\@currentHref }{}}
l.247     }
           
? 
<Plots/asimovdata_SM_125_v2_unfoldwith_SM_125_v3_pT4l_4l_recobin3.pdf, id=702, 
569.12625pt x 440.64626pt>
File: Plots/asimovdata_SM_125_v2_unfoldwith_SM_125_v3_pT4l_4l_recobin3.pdf Grap
hic file (type pdf)
<use Plots/asimovdata_SM_125_v2_unfoldwith_SM_125_v3_pT4l_4l_recobin3.pdf>
Package pdftex.def Info: Plots/asimovdata_SM_125_v2_unfoldwith_SM_125_v3_pT4l_4
l_recobin3.pdf  used on input line 251.
(pdftex.def)             Requested size: 173.44534pt x 134.2927pt.
! Undefined control sequence.
<recently read> \strip@period 
                              
l.251     }
            \\
? 
! Undefined control sequence.
\sf@sub@label ...rip@period #1\relax .\relax \@@@ 
                                                  }\fi \sf@@sub@label {#2}
l.251     }
            \\
? 
! Undefined control sequence.
<recently read> \strip@period 
                              
l.251     }
            \\
? 
! Undefined control sequence.
<argument> ...urrentlabelname \relax .\relax \@@@ 
                                                  }{\@currentHref }{}}
l.251     }
            \\
? 
<Plots/asimovdata_SM_125_v2_unfoldwith_SM_125_v3_pT4l_4l_recobin4.pdf, id=703, 
569.12625pt x 440.64626pt>
File: Plots/asimovdata_SM_125_v2_unfoldwith_SM_125_v3_pT4l_4l_recobin4.pdf Grap
hic file (type pdf)
<use Plots/asimovdata_SM_125_v2_unfoldwith_SM_125_v3_pT4l_4l_recobin4.pdf>
Package pdftex.def Info: Plots/asimovdata_SM_125_v2_unfoldwith_SM_125_v3_pT4l_4
l_recobin4.pdf  used on input line 255.
(pdftex.def)             Requested size: 173.44534pt x 134.2927pt.
! Undefined control sequence.
<recently read> \strip@period 
                              
l.255     }
           
? 
! Undefined control sequence.
\sf@sub@label ...rip@period #1\relax .\relax \@@@ 
                                                  }\fi \sf@@sub@label {#2}
l.255     }
           
? 
! Undefined control sequence.
<recently read> \strip@period 
                              
l.255     }
           
? 
! Undefined control sequence.
<argument> ...urrentlabelname \relax .\relax \@@@ 
                                                  }{\@currentHref }{}}
l.255     }
           
? 
<Plots/asimovdata_SM_125_v2_unfoldwith_SM_125_v3_pT4l_4l_recobin5.pdf, id=704, 
569.12625pt x 440.64626pt>
File: Plots/asimovdata_SM_125_v2_unfoldwith_SM_125_v3_pT4l_4l_recobin5.pdf Grap
hic file (type pdf)
<use Plots/asimovdata_SM_125_v2_unfoldwith_SM_125_v3_pT4l_4l_recobin5.pdf>
Package pdftex.def Info: Plots/asimovdata_SM_125_v2_unfoldwith_SM_125_v3_pT4l_4
l_recobin5.pdf  used on input line 259.
(pdftex.def)             Requested size: 173.44534pt x 134.2927pt.
! Undefined control sequence.
<recently read> \strip@period 
                              
l.259     }
            \\
? 
! Undefined control sequence.
\sf@sub@label ...rip@period #1\relax .\relax \@@@ 
                                                  }\fi \sf@@sub@label {#2}
l.259     }
            \\
? 
! Undefined control sequence.
<recently read> \strip@period 
                              
l.259     }
            \\
? 
! Undefined control sequence.
<argument> ...urrentlabelname \relax .\relax \@@@ 
                                                  }{\@currentHref }{}}
l.259     }
            \\
? 
<Plots/asimovdata_SM_125_v2_unfoldwith_SM_125_v3_pT4l_4l_recobin6.pdf, id=705, 
569.12625pt x 440.64626pt>
File: Plots/asimovdata_SM_125_v2_unfoldwith_SM_125_v3_pT4l_4l_recobin6.pdf Grap
hic file (type pdf)
<use Plots/asimovdata_SM_125_v2_unfoldwith_SM_125_v3_pT4l_4l_recobin6.pdf>
Package pdftex.def Info: Plots/asimovdata_SM_125_v2_unfoldwith_SM_125_v3_pT4l_4
l_recobin6.pdf  used on input line 263.
(pdftex.def)             Requested size: 173.44534pt x 134.2927pt.
! Undefined control sequence.
<recently read> \strip@period 
                              
l.263     }
            \\
? 
! Undefined control sequence.
\sf@sub@label ...rip@period #1\relax .\relax \@@@ 
                                                  }\fi \sf@@sub@label {#2}
l.263     }
            \\
? 
! Undefined control sequence.
<recently read> \strip@period 
                              
l.263     }
            \\
? 
! Undefined control sequence.
<argument> ...urrentlabelname \relax .\relax \@@@ 
                                                  }{\@currentHref }{}}
l.263     }
            \\
? 

LaTeX Warning: Float too large for page by 67.56453pt on input line 269.

) (./Chapters/Chapter4/Systematics/Systematics.tex
! Undefined control sequence.
\reserved@b ->\T@ref 
                     
l.7 described in Section~\ref{
                              sec:background_model},
? 
! Missing $ inserted.
<inserted text> 
                $
l.7 described in Section~\ref{sec:background_
                                             model},
? 
! Extra }, or forgotten $.
l.7 ...ribed in Section~\ref{sec:background_model}
                                                  ,
? 
! Missing $ inserted.
<inserted text> 
                $
l.13 
     
? 
! Missing } inserted.
<inserted text> 
                }
l.13 
     
? 

Overfull \hbox (1023.12009pt too wide) in paragraph at lines 4--13
 \T1/ppl/m/n/12 tion sec:background$[]\OML/cmm/m/it/12 odel; originatingfromthe
backgroundcompositionandmisidentificationrateuncertaintyvaryfordifferentfinalst
ates:Mismatchincompositionofbackgroundsbetweendifferentsampleswherethefakeratei
sderivedandwhereitisappliedaccountsbetween\OT1/cmr/m/n/12 24\OML/cmm/m/it/12 an
d\OT1/cmr/m/n/12 43%\OML/cmm/m/it/12 :[]$ 
 []

! Undefined control sequence.
\reserved@b ->\T@ref 
                     
l.20 ...ifferences are reported in the Table~\ref{
                                                  tab:leptonscalereso}, toge...

? 

! LaTeX Error: Not in outer par mode.

See the LaTeX manual or LaTeX Companion for explanation.
Type  H <return>  for immediate help.
 ...                                              
                                                  
l.38 \begin{table}[h]
                     
? 
! Undefined control sequence.
\reserved@b ->\T@ref 
                     
l.106 ... considered as described in Section~\ref{
                                                  sec:background_model}.
? 
! Missing $ inserted.
<inserted text> 
                $
l.106 ...described in Section~\ref{sec:background_
                                                  model}.
? 
! Extra }, or forgotten $.
l.106 ...bed in Section~\ref{sec:background_model}
                                                  .
? 
! Missing $ inserted.
<inserted text> 
                $
l.117 
      
? 
! Missing } inserted.
<inserted text> 
                }
l.117 
      
? 

Overfull \hbox (28.44499pt too wide) in paragraph at lines 98--117
 \T1/ppl/m/n/12 tion sec:background$[]\OML/cmm/m/it/12 odel:Systematicuncertain
tyofabout\OT1/cmr/m/n/12 2%\OML/cmm/m/it/12 onthebranchingratioof $$\OT1/cmr/m/
n/12 H \OMS/cmsy/m/n/12 ! 
 []


Overfull \hbox (306.51488pt too wide) in paragraph at lines 98--117
 \OT1/cmr/m/n/12 4\OML/cmm/m/it/12 `$$isonlyapplicabletosignalyield:Additionals
ourcesaretheimprecisejetenergyscaleandresolutionknowledge\OT1/cmr/m/n/12 (\OML/
cmm/m/it/12 from\OT1/cmr/m/n/12 2%\OML/cmm/m/it/12 to\OT1/cmr/m/n/12 22%)\OML/c
mm/m/it/12 ; theefficiencyonb \OMS/cmsy/m/n/12 ^^@ 
 []


Overfull \hbox (460.98096pt too wide) in paragraph at lines 98--117
 \OML/cmm/m/it/12 taggingandthelightquarks\OT1/cmr/m/n/12 ($\T1/ppl/m/n/12 i.e.
$\OML/cmm/m/it/12 u; d; s; c\OT1/cmr/m/n/12 )\OML/cmm/m/it/12 andgluonjetmistag
rate:Whilecrosssectionmeasurement; signalcrosssectionuncertaintiesarisingfromth
eoreticalsourcesareremoved:[]$ 
 []


! LaTeX Error: Not in outer par mode.

See the LaTeX manual or LaTeX Companion for explanation.
Type  H <return>  for immediate help.
 ...                                              
                                                  
l.121 \begin{table}[!htb]
                         
? 

! LaTeX Error: Not in outer par mode.

See the LaTeX manual or LaTeX Companion for explanation.
Type  H <return>  for immediate help.
 ...                                              
                                                  
l.172 \begin{table}[!htb]
                         
? 

! LaTeX Error: Not in outer par mode.

See the LaTeX manual or LaTeX Companion for explanation.
Type  H <return>  for immediate help.
 ...                                              
                                                  
l.223 \begin{table}[!htb]
                         
? 
! Undefined control sequence.
<argument> ...e {thetable}}}{\ignorespaces \fixme 
                                                  {TO BE UPDATED. COPY PASTE...
l.230 		}
         
? 
! Undefined control sequence.
<argument> \fixme 
                  {TO BE UPDATED. COPY PASTE NUMBERS OF 2017 FOR NOW.} A cha...
l.230 		}
         
? 
! Undefined control sequence.
<argument> \fixme 
                  {TO BE UPDATED. COPY PASTE NUMBERS OF 2017 FOR NOW.} A cha...
l.230 		}
         
? 

! LaTeX Error: Not in outer par mode.

See the LaTeX manual or LaTeX Companion for explanation.
Type  H <return>  for immediate help.
 ...                                              
                                                  
l.276 \begin{table}[!htb]
                         
? 

! LaTeX Error: Not in outer par mode.

See the LaTeX manual or LaTeX Companion for explanation.
Type  H <return>  for immediate help.
 ...                                              
                                                  
l.439 \begin{figure}[!htb]
                          
? 
<Plots/impacts_2e2mu.png, id=706, 925.4575pt x 765.86125pt>
File: Plots/impacts_2e2mu.png Graphic file (type png)
<use Plots/impacts_2e2mu.png>
Package pdftex.def Info: Plots/impacts_2e2mu.png  used on input line 443.
(pdftex.def)             Requested size: 390.25536pt x 322.95668pt.
) (./Chapters/Chapter4/Results/Inclusive.tex
! Undefined control sequence.
\reserved@b ->\T@ref 
                     
l.3 are shown in Figure~\ref{
                             fig:sigfits-data-SM-inclusive}.
? 
! Undefined control sequence.
\reserved@b ->\T@ref 
                     
l.4 ...s energy has been shown in the Figure~\ref{
                                                  fig:inclusive-results:a} w...

? 
! Undefined control sequence.
\reserved@b ->\T@ref 
                     
l.4 ...rs of data taking are shown in Figure~\ref{
                                                  fig:inclusive-results:b}.
? 
! Undefined control sequence.
\reserved@b ->\T@ref 
                     
l.8 These results are also given in Tables \ref{
                                                tab:incresults} and \ref{tab...

? 
! Undefined control sequence.
\reserved@b ->\T@ref 
                     
l.8 ...en in Tables \ref{tab:incresults} and \ref{
                                                  tab:incresultsPAS}.
? 

! LaTeX Error: Not in outer par mode.

See the LaTeX manual or LaTeX Companion for explanation.
Type  H <return>  for immediate help.
 ...                                              
                                                  
l.27 \begin{figure}[!htb]
                         
? 
<Plots/data_unfoldwith_SM_125_v3_mass4l_4e_recobin0.pdf, id=711, 569.12625pt x 
440.64626pt>
File: Plots/data_unfoldwith_SM_125_v3_mass4l_4e_recobin0.pdf Graphic file (type
 pdf)
<use Plots/data_unfoldwith_SM_125_v3_mass4l_4e_recobin0.pdf>
Package pdftex.def Info: Plots/data_unfoldwith_SM_125_v3_mass4l_4e_recobin0.pdf
  used on input line 33.
(pdftex.def)             Requested size: 208.13574pt x 161.14719pt.
! Undefined control sequence.
<recently read> \strip@period 
                              
l.33     }
          
? 
! Undefined control sequence.
\sf@sub@label ...rip@period #1\relax .\relax \@@@ 
                                                  }\fi \sf@@sub@label {#2}
l.33     }
          
? 
! Undefined control sequence.
<recently read> \strip@period 
                              
l.33     }
          
? 
! Undefined control sequence.
<argument> ...urrentlabelname \relax .\relax \@@@ 
                                                  }{\@currentHref }{}}
l.33     }
          
? 
<Plots/data_unfoldwith_SM_125_v3_mass4l_4mu_recobin0.pdf, id=712, 569.12625pt x
 440.64626pt>
File: Plots/data_unfoldwith_SM_125_v3_mass4l_4mu_recobin0.pdf Graphic file (typ
e pdf)
<use Plots/data_unfoldwith_SM_125_v3_mass4l_4mu_recobin0.pdf>
Package pdftex.def Info: Plots/data_unfoldwith_SM_125_v3_mass4l_4mu_recobin0.pd
f  used on input line 37.
(pdftex.def)             Requested size: 208.13574pt x 161.14719pt.
! Undefined control sequence.
<recently read> \strip@period 
                              
l.37     }
           \\
? 
! Undefined control sequence.
\sf@sub@label ...rip@period #1\relax .\relax \@@@ 
                                                  }\fi \sf@@sub@label {#2}
l.37     }
           \\
? 
! Undefined control sequence.
<recently read> \strip@period 
                              
l.37     }
           \\
? 
! Undefined control sequence.
<argument> ...urrentlabelname \relax .\relax \@@@ 
                                                  }{\@currentHref }{}}
l.37     }
           \\
? 
<Plots/data_unfoldwith_SM_125_v3_mass4l_2e2mu_recobin0.pdf, id=713, 569.12625pt
 x 440.64626pt>
File: Plots/data_unfoldwith_SM_125_v3_mass4l_2e2mu_recobin0.pdf Graphic file (t
ype pdf)
<use Plots/data_unfoldwith_SM_125_v3_mass4l_2e2mu_recobin0.pdf>
Package pdftex.def Info: Plots/data_unfoldwith_SM_125_v3_mass4l_2e2mu_recobin0.
pdf  used on input line 41.
(pdftex.def)             Requested size: 208.13574pt x 161.14719pt.
! Undefined control sequence.
<recently read> \strip@period 
                              
l.41     }
          
? 
! Undefined control sequence.
\sf@sub@label ...rip@period #1\relax .\relax \@@@ 
                                                  }\fi \sf@@sub@label {#2}
l.41     }
          
? 
! Undefined control sequence.
<recently read> \strip@period 
                              
l.41     }
          
? 
! Undefined control sequence.
<argument> ...urrentlabelname \relax .\relax \@@@ 
                                                  }{\@currentHref }{}}
l.41     }
          
? 
<Plots/data_unfoldwith_SM_125_v3_mass4l_4l_recobin0.pdf, id=714, 569.12625pt x 
440.64626pt>
File: Plots/data_unfoldwith_SM_125_v3_mass4l_4l_recobin0.pdf Graphic file (type
 pdf)
<use Plots/data_unfoldwith_SM_125_v3_mass4l_4l_recobin0.pdf>
Package pdftex.def Info: Plots/data_unfoldwith_SM_125_v3_mass4l_4l_recobin0.pdf
  used on input line 45.
(pdftex.def)             Requested size: 208.13574pt x 161.14719pt.
! Undefined control sequence.
<recently read> \strip@period 
                              
l.45     }
           \\
? 
! Undefined control sequence.
\sf@sub@label ...rip@period #1\relax .\relax \@@@ 
                                                  }\fi \sf@@sub@label {#2}
l.45     }
           \\
? 
! Undefined control sequence.
<recently read> \strip@period 
                              
l.45     }
           \\
? 
! Undefined control sequence.
<argument> ...urrentlabelname \relax .\relax \@@@ 
                                                  }{\@currentHref }{}}
l.45     }
           \\
? 

! LaTeX Error: Not in outer par mode.

See the LaTeX manual or LaTeX Companion for explanation.
Type  H <return>  for immediate help.
 ...                                              
                                                  
l.51 \begin{figure}[!htb]
                         
? 
<Plots/xs_vs_sqrts.pdf, id=715, 569.12625pt x 555.07375pt>
File: Plots/xs_vs_sqrts.pdf Graphic file (type pdf)
<use Plots/xs_vs_sqrts.pdf>
Package pdftex.def Info: Plots/xs_vs_sqrts.pdf  used on input line 56.
(pdftex.def)             Requested size: 208.13574pt x 202.99406pt.
! Undefined control sequence.
<recently read> \strip@period 
                              
l.56     }
          
? 
! Undefined control sequence.
\sf@sub@label ...rip@period #1\relax .\relax \@@@ 
                                                  }\fi \sf@@sub@label {#2}
l.56     }
          
? 
! Undefined control sequence.
<recently read> \strip@period 
                              
l.56     }
          
? 
! Undefined control sequence.
<argument> ...urrentlabelname \relax .\relax \@@@ 
                                                  }{\@currentHref }{}}
l.56     }
          
? 
<Plots/mass4l_unfoldwith_SM_125_ThreeYears.pdf, id=716, 569.12625pt x 559.08875
pt>
File: Plots/mass4l_unfoldwith_SM_125_ThreeYears.pdf Graphic file (type pdf)
<use Plots/mass4l_unfoldwith_SM_125_ThreeYears.pdf>
Package pdftex.def Info: Plots/mass4l_unfoldwith_SM_125_ThreeYears.pdf  used on
 input line 60.
(pdftex.def)             Requested size: 208.13574pt x 204.46239pt.
! Undefined control sequence.
<recently read> \strip@period 
                              
l.60     }
          
? 
! Undefined control sequence.
\sf@sub@label ...rip@period #1\relax .\relax \@@@ 
                                                  }\fi \sf@@sub@label {#2}
l.60     }
          
? 
! Undefined control sequence.
<recently read> \strip@period 
                              
l.60     }
          
? 
! Undefined control sequence.
<argument> ...urrentlabelname \relax .\relax \@@@ 
                                                  }{\@currentHref }{}}
l.60     }
          
? 
Runaway argument?
{The measured fiducial cross section as a function of $\sqrt {s}$ (le\ETC.
! Paragraph ended before \caption@prepareanchor was complete.
<to be read again> 
                   \par 
l.68     }
          
? 
! Extra }, or forgotten \endgroup.
\@caption ...\else \caption@prepareanchor {#1}{#2}
                                                  \memcaptioninfo {#1}{\csna...
l.68     }
          
? 
Runaway argument?
{\ignorespaces The measured fiducial cross section as a function of $\ETC.
! Paragraph ended before \caption@@@addcontentsline was complete.
<to be read again> 
                   \par 
l.68     }
          
? 
! Extra }, or forgotten \endgroup.
\caption@@addcontentsline ...}{\ignorespaces #2}}}
                                                  
l.68     }
          
? 
! Undefined control sequence.
<argument> ...eptance is calculated using \POWHEG 
                                                  at $\sqrt {s}$=13\TeV and ...
l.68     }
          
? 
! Undefined control sequence.
<argument> ...eptance is calculated using \POWHEG 
                                                  at $\sqrt {s}$=13\TeV and ...
l.68     }
          
? 

! LaTeX Error: Not in outer par mode.

See the LaTeX manual or LaTeX Companion for explanation.
Type  H <return>  for immediate help.
 ...                                              
                                                  
l.75 \begin{table}[!h!tb]
                         
? 

! LaTeX Error: Not in outer par mode.

See the LaTeX manual or LaTeX Companion for explanation.
Type  H <return>  for immediate help.
 ...                                              
                                                  
l.168 \begin{table}[!h!tb]
                          
? 

Overfull \hbox (11.22739pt too wide) in paragraph at lines 174--243
 [] 
 []

) (./Chapters/Chapter4/Results/Differential.tex
! Undefined control sequence.
\reserved@b ->\T@ref 
                     
l.2 ...sen observables are shown in Figures ~\ref{
                                                  fig:differential-bins} for...

? 
! Undefined control sequence.
\reserved@b ->\T@ref 
                     
l.5 ...plicity and are shown in the Figures ~\ref{
                                                  fig:differential-results}.
? 
! Undefined control sequence.
\reserved@b ->\T@ref 
                     
l.20 ...predictions are included in Appendix \ref{
                                                  app:fixfrac}. Similarly, r...

? 
! Undefined control sequence.
\reserved@b ->\T@ref 
                     
l.22 Appendix~\ref{
                   fig:differential-results-restrictive_md}.
? 
! Missing $ inserted.
<inserted text> 
                $
l.22 ...\ref{fig:differential-results-restrictive_
                                                  md}.
? 
! Extra }, or forgotten $.
l.22 ...f{fig:differential-results-restrictive_md}
                                                  .
? 

! LaTeX Error: Not in outer par mode.

See the LaTeX manual or LaTeX Companion for explanation.
Type  H <return>  for immediate help.
 ...                                              
                                                  
l.26 \begin{figure}[!htb]
                         
? 
<Plots/asimovdata_SM_125_v2_pT4l_4l.pdf, id=726, 569.12625pt x 440.64626pt>
File: Plots/asimovdata_SM_125_v2_pT4l_4l.pdf Graphic file (type pdf)
<use Plots/asimovdata_SM_125_v2_pT4l_4l.pdf>
Package pdftex.def Info: Plots/asimovdata_SM_125_v2_pT4l_4l.pdf  used on input 
line 32.
(pdftex.def)             Requested size: 195.12767pt x 151.07507pt.
! Undefined control sequence.
<recently read> \strip@period 
                              
l.32     }
          
? 
! Undefined control sequence.
\sf@sub@label ...rip@period #1\relax .\relax \@@@ 
                                                  }\fi \sf@@sub@label {#2}
l.32     }
          
? 
! Undefined control sequence.
<recently read> \strip@period 
                              
l.32     }
          
? 
! Undefined control sequence.
<argument> ...urrentlabelname \relax .\relax \@@@ 
                                                  }{\@currentHref }{}}
l.32     }
          
? 
<Plots/asimovdata_SM_125_v2_rapidity4l_4l.pdf, id=727, 569.12625pt x 440.64626p
t>
File: Plots/asimovdata_SM_125_v2_rapidity4l_4l.pdf Graphic file (type pdf)
<use Plots/asimovdata_SM_125_v2_rapidity4l_4l.pdf>
Package pdftex.def Info: Plots/asimovdata_SM_125_v2_rapidity4l_4l.pdf  used on 
input line 36.
(pdftex.def)             Requested size: 195.12767pt x 151.07507pt.
! Undefined control sequence.
<recently read> \strip@period 
                              
l.36     }
          \\
? 
! Undefined control sequence.
\sf@sub@label ...rip@period #1\relax .\relax \@@@ 
                                                  }\fi \sf@@sub@label {#2}
l.36     }
          \\
? 
! Undefined control sequence.
<recently read> \strip@period 
                              
l.36     }
          \\
? 
! Undefined control sequence.
<argument> ...urrentlabelname \relax .\relax \@@@ 
                                                  }{\@currentHref }{}}
l.36     }
          \\
? 
<Plots/asimovdata_SM_125_v2_njets_pt30_eta2p5_4l.pdf, id=728, 569.12625pt x 440
.64626pt>
File: Plots/asimovdata_SM_125_v2_njets_pt30_eta2p5_4l.pdf Graphic file (type pd
f)
<use Plots/asimovdata_SM_125_v2_njets_pt30_eta2p5_4l.pdf>
Package pdftex.def Info: Plots/asimovdata_SM_125_v2_njets_pt30_eta2p5_4l.pdf  u
sed on input line 40.
(pdftex.def)             Requested size: 195.12767pt x 151.07507pt.
! Undefined control sequence.
<recently read> \strip@period 
                              
l.40     }
          
? 
! Undefined control sequence.
\sf@sub@label ...rip@period #1\relax .\relax \@@@ 
                                                  }\fi \sf@@sub@label {#2}
l.40     }
          
? 
! Undefined control sequence.
<recently read> \strip@period 
                              
l.40     }
          
? 
! Undefined control sequence.
<argument> ...urrentlabelname \relax .\relax \@@@ 
                                                  }{\@currentHref }{}}
l.40     }
          
? 
<Plots/asimovdata_SM_125_v2_pt_leadingjet_pt30_eta2p5_4l.pdf, id=729, 569.12625
pt x 440.64626pt>
File: Plots/asimovdata_SM_125_v2_pt_leadingjet_pt30_eta2p5_4l.pdf Graphic file 
(type pdf)
<use Plots/asimovdata_SM_125_v2_pt_leadingjet_pt30_eta2p5_4l.pdf>
Package pdftex.def Info: Plots/asimovdata_SM_125_v2_pt_leadingjet_pt30_eta2p5_4
l.pdf  used on input line 44.
(pdftex.def)             Requested size: 195.12767pt x 151.07507pt.
! Undefined control sequence.
<recently read> \strip@period 
                              
l.44     }
          
? 
! Undefined control sequence.
\sf@sub@label ...rip@period #1\relax .\relax \@@@ 
                                                  }\fi \sf@@sub@label {#2}
l.44     }
          
? 
! Undefined control sequence.
<recently read> \strip@period 
                              
l.44     }
          
? 
! Undefined control sequence.
<argument> ...urrentlabelname \relax .\relax \@@@ 
                                                  }{\@currentHref }{}}
l.44     }
          
? 
! Missing $ inserted.
<inserted text> 
                $
l.50 
     
? 
! Missing } inserted.
<inserted text> 
                }
l.50 
     
? 

! LaTeX Error: Not in outer par mode.

See the LaTeX manual or LaTeX Companion for explanation.
Type  H <return>  for immediate help.
 ...                                              
                                                  
l.53 \begin{figure}[!h!tb]
                          
? 
<Plots/pT4l_unfoldwith_SM_125_logscale.pdf, id=730, 569.12625pt x 559.08875pt>
File: Plots/pT4l_unfoldwith_SM_125_logscale.pdf Graphic file (type pdf)
<use Plots/pT4l_unfoldwith_SM_125_logscale.pdf>
Package pdftex.def Info: Plots/pT4l_unfoldwith_SM_125_logscale.pdf  used on inp
ut line 59.
(pdftex.def)             Requested size: 195.12767pt x 191.68295pt.
! Undefined control sequence.
<recently read> \strip@period 
                              
l.59     }
          
? 
! Undefined control sequence.
\sf@sub@label ...rip@period #1\relax .\relax \@@@ 
                                                  }\fi \sf@@sub@label {#2}
l.59     }
          
? 
! Undefined control sequence.
<recently read> \strip@period 
                              
l.59     }
          
? 
! Undefined control sequence.
<argument> ...urrentlabelname \relax .\relax \@@@ 
                                                  }{\@currentHref }{}}
l.59     }
          
? 
<Plots/rapidity4l_unfoldwith_SM_125.pdf, id=731, 569.12625pt x 559.08875pt>
File: Plots/rapidity4l_unfoldwith_SM_125.pdf Graphic file (type pdf)
<use Plots/rapidity4l_unfoldwith_SM_125.pdf>
Package pdftex.def Info: Plots/rapidity4l_unfoldwith_SM_125.pdf  used on input 
line 64.
(pdftex.def)             Requested size: 195.12767pt x 191.68295pt.
! Undefined control sequence.
<recently read> \strip@period 
                              
l.64     }
           \\
? 
! Undefined control sequence.
\sf@sub@label ...rip@period #1\relax .\relax \@@@ 
                                                  }\fi \sf@@sub@label {#2}
l.64     }
           \\
? 
! Undefined control sequence.
<recently read> \strip@period 
                              
l.64     }
           \\
? 
! Undefined control sequence.
<argument> ...urrentlabelname \relax .\relax \@@@ 
                                                  }{\@currentHref }{}}
l.64     }
           \\
? 
<Plots/pt_leadingjet_pt30_eta2p5_unfoldwith_SM_125_logscale.pdf, id=732, 569.12
625pt x 559.08875pt>
File: Plots/pt_leadingjet_pt30_eta2p5_unfoldwith_SM_125_logscale.pdf Graphic fi
le (type pdf)
<use Plots/pt_leadingjet_pt30_eta2p5_unfoldwith_SM_125_logscale.pdf>
Package pdftex.def Info: Plots/pt_leadingjet_pt30_eta2p5_unfoldwith_SM_125_logs
cale.pdf  used on input line 68.
(pdftex.def)             Requested size: 195.12767pt x 191.68295pt.
! Undefined control sequence.
<recently read> \strip@period 
                              
l.68     }
          
? 
! Undefined control sequence.
\sf@sub@label ...rip@period #1\relax .\relax \@@@ 
                                                  }\fi \sf@@sub@label {#2}
l.68     }
          
? 
! Undefined control sequence.
<recently read> \strip@period 
                              
l.68     }
          
? 
! Undefined control sequence.
<argument> ...urrentlabelname \relax .\relax \@@@ 
                                                  }{\@currentHref }{}}
l.68     }
          
? 
<Plots/njets_pt30_eta2p5_unfoldwith_SM_125_logscale.pdf, id=733, 569.12625pt x 
559.08875pt>
File: Plots/njets_pt30_eta2p5_unfoldwith_SM_125_logscale.pdf Graphic file (type
 pdf)
<use Plots/njets_pt30_eta2p5_unfoldwith_SM_125_logscale.pdf>
Package pdftex.def Info: Plots/njets_pt30_eta2p5_unfoldwith_SM_125_logscale.pdf
  used on input line 72.
(pdftex.def)             Requested size: 195.12767pt x 191.68295pt.
! Undefined control sequence.
<recently read> \strip@period 
                              
l.72     }
          
? 
! Undefined control sequence.
\sf@sub@label ...rip@period #1\relax .\relax \@@@ 
                                                  }\fi \sf@@sub@label {#2}
l.72     }
          
? 
! Undefined control sequence.
<recently read> \strip@period 
                              
l.72     }
          
? 
! Undefined control sequence.
<argument> ...urrentlabelname \relax .\relax \@@@ 
                                                  }{\@currentHref }{}}
l.72     }
          
? 
)
\openout2 = `Chapters/Chapter_7.aux'.

 (./Chapters/Chapter_7.tex
Chapter 6.
! Undefined control sequence.
<recently read> \Sqrt 
                      
l.20 ...4\ell$ cross section measurement at $\Sqrt
                                                  {s} = $13~TeV is found be ...

? 
Chapter 7.
! Undefined control sequence.
\fbinv ...ath {\,\text {fb}^\text {$-$1}}}\xspace 
                                                  
l.33 ...cross section measurements with 300~\fbinv
                                                   pp collisions data would ...

? 
! Undefined control sequence.
\fbinv ...ath {\,\text {fb}^\text {$-$1}}}\xspace 
                                                  
l.37 LHC has aim to deliver 3000~\fbinv
                                        of pp
? 
) (./main_2806_v0.bbl
! Undefined control sequence.
l.581 ...nnel in pp collisions at $\sqrt{s} =8\tev
                                                  $.
? 
)

! LaTeX Error: \begin{center} on input line 277 ended by \end{document}.

See the LaTeX manual or LaTeX Companion for explanation.
Type  H <return>  for immediate help.
 ...                                              
                                                  
l.437 \end{document}
                    
? 
Package atveryend Info: Empty hook `BeforeClearDocument' on input line 437.
Package atveryend Info: Empty hook `AfterLastShipout' on input line 437.
(./main_2806_v0.aux (./Chapters/abstract.aux) (./Chapters/introduction.aux)
(./Chapters/Chapter_1.aux) (./Chapters/Chapter_2.aux) (./Chapters/Chapter_3.aux
) (./Chapters/Chapter_7.aux))
Package atveryend Info: Executing hook `AtVeryEndDocument' on input line 437.
Package atveryend Info: Executing hook `AtEndAfterFileList' on input line 437.
Package rerunfilecheck Info: File `main_2806_v0.out' has not changed.
(rerunfilecheck)             Checksum: 471DA7152C0540B18FDD171C733CEF1C;2698.


LaTeX Warning: There were undefined references.

! You can't use `\end' in internal vertical mode.
\enddocument ...cumenthook \deadcycles \z@ \@@end 
                                                  
l.437 \end{document}
                    
? 

! LaTeX Error: \begin{center} on input line 277 ended by \end{document}.

See the LaTeX manual or LaTeX Companion for explanation.
Type  H <return>  for immediate help.
 ...                                              
                                                  
l.437 \end{document}
                    
? 
! Missing } inserted.
<inserted text> 
                }
l.437 \end{document}
                    
? 
! Missing } inserted.
<inserted text> 
                }
l.437 \end{document}
                    
? 
! Missing } inserted.
<inserted text> 
                }
l.437 \end{document}
                    
? 
! Missing } inserted.
<inserted text> 
                }
l.437 \end{document}
                    
? 
! Missing } inserted.
<inserted text> 
                }
l.437 \end{document}
                    
? 
! Missing } inserted.
<inserted text> 
                }
l.437 \end{document}
                    
? 
! Missing } inserted.
<inserted text> 
                }
l.437 \end{document}
                    
? 
! Missing } inserted.
<inserted text> 
                }
l.437 \end{document}
                    
? 
)
*
(Please type a command or say `\end')
*
(Please type a command or say `\end')
*
(Please type a command or say `\end')
*
(Please type a command or say `\end')
*
(Please type a command or say `\end')
*
(Please type a command or say `\end')
*
(Please type a command or say `\end')
*
(Please type a command or say `\end')
*
(Please type a command or say `\end')
*
(Please type a command or say `\end')
*
(Please type a command or say `\end')
*
(Please type a command or say `\end')
*
(Please type a command or say `\end')
*
(Please type a command or say `\end')
*
(Please type a command or say `\end')
*
(Please type a command or say `\end')
*
(Please type a command or say `\end')
*
(Please type a command or say `\end')
*
(Please type a command or say `\end')
*
(Please type a command or say `\end')
*
(Please type a command or say `\end')
*
(Please type a command or say `\end')
*
(Please type a command or say `\end')
*
(Please type a command or say `\end')
*
(Please type a command or say `\end')
*
(Please type a command or say `\end')
*
(Please type a command or say `\end')
*
(Please type a command or say `\end')
*
(Please type a command or say `\end')
*
(Please type a command or say `\end')
*
(Please type a command or say `\end')
*
(Please type a command or say `\end')
*
(Please type a command or say `\end')
*
(Please type a command or say `\end')
*
(Please type a command or say `\end')
*
(Please type a command or say `\end')
*
(Please type a command or say `\end')
*
(Please type a command or say `\end')
*
(Please type a command or say `\end')
*
(Please type a command or say `\end')
*
(Please type a command or say `\end')
*
(Please type a command or say `\end')
*
(Please type a command or say `\end')
*
(Please type a command or say `\end')
*
(Please type a command or say `\end')
*
(Please type a command or say `\end')
*
(Please type a command or say `\end')
*
(Please type a command or say `\end')
*
(Please type a command or say `\end')
*
(Please type a command or say `\end')
*
(Please type a command or say `\end')
*
(Please type a command or say `\end')
*
! Emergency stop.
<*> 
    
End of file on the terminal!

 
Here is how much of TeX's memory you used:
 27048 strings out of 492982
 583415 string characters out of 6134896
 865248 words of memory out of 5000000
 29884 multiletter control sequences out of 15000+600000
 581956 words of font info for 120 fonts, out of 8000000 for 9000
 1141 hyphenation exceptions out of 8191
 52i,20n,78p,10385b,1912s stack positions out of 5000i,500n,10000p,200000b,80000s
!  ==> Fatal error occurred, no output PDF file produced!
