This is pdfTeX, Version 3.1415926-2.5-1.40.14 (TeX Live 2013/Debian) (format=pdflatex 2015.10.5)  23 NOV 2016 21:02
entering extended mode
 restricted \write18 enabled.
 %&-line parsing enabled.
**introduction.tex
(./introduction.tex
LaTeX2e <2011/06/27>
Babel <3.9h> and hyphenation patterns for 71 languages loaded.
! Undefined control sequence.
l.1 \chapter
            {Introduction}
The control sequence at the end of the top line
of your error message was never \def'ed. If you have
misspelled it (e.g., `\hobx'), type `I' and the correct
spelling (e.g., `I\hbox'). Otherwise just continue,
and I'll forget about whatever was undefined.


! LaTeX Error: Missing \begin{document}.

See the LaTeX manual or LaTeX Companion for explanation.
Type  H <return>  for immediate help.
 ...                                              
                                                  
l.1 \chapter{I
              ntroduction}
You're in trouble here.  Try typing  <return>  to proceed.
If that doesn't work, type  X <return>  to quit.

Missing character: There is no I in font nullfont!
Missing character: There is no n in font nullfont!
Missing character: There is no t in font nullfont!
Missing character: There is no r in font nullfont!
Missing character: There is no o in font nullfont!
Missing character: There is no d in font nullfont!
Missing character: There is no u in font nullfont!
Missing character: There is no c in font nullfont!
Missing character: There is no t in font nullfont!
Missing character: There is no i in font nullfont!
Missing character: There is no o in font nullfont!
Missing character: There is no n in font nullfont!
Missing character: There is no T in font nullfont!
Missing character: There is no h in font nullfont!
Missing character: There is no e in font nullfont!
Missing character: There is no S in font nullfont!
Missing character: There is no t in font nullfont!
Missing character: There is no a in font nullfont!
Missing character: There is no n in font nullfont!
Missing character: There is no d in font nullfont!
Missing character: There is no a in font nullfont!
Missing character: There is no r in font nullfont!
Missing character: There is no d in font nullfont!
Missing character: There is no M in font nullfont!
Missing character: There is no o in font nullfont!
Missing character: There is no d in font nullfont!
Missing character: There is no e in font nullfont!
Missing character: There is no l in font nullfont!
Missing character: There is no ( in font nullfont!
Missing character: There is no S in font nullfont!
Missing character: There is no M in font nullfont!
Missing character: There is no ) in font nullfont!
Missing character: There is no o in font nullfont!
Missing character: There is no f in font nullfont!
Missing character: There is no t in font nullfont!
Missing character: There is no h in font nullfont!
Missing character: There is no e in font nullfont!
Missing character: There is no p in font nullfont!
Missing character: There is no a in font nullfont!
Missing character: There is no r in font nullfont!
Missing character: There is no t in font nullfont!
Missing character: There is no i in font nullfont!
Missing character: There is no c in font nullfont!
Missing character: There is no l in font nullfont!
Missing character: There is no e in font nullfont!
Missing character: There is no p in font nullfont!
Missing character: There is no h in font nullfont!
Missing character: There is no y in font nullfont!
Missing character: There is no s in font nullfont!
Missing character: There is no i in font nullfont!
Missing character: There is no c in font nullfont!
Missing character: There is no s in font nullfont!
Missing character: There is no d in font nullfont!
Missing character: There is no e in font nullfont!
Missing character: There is no s in font nullfont!
Missing character: There is no c in font nullfont!
Missing character: There is no r in font nullfont!
Missing character: There is no i in font nullfont!
Missing character: There is no b in font nullfont!
Missing character: There is no e in font nullfont!
Missing character: There is no s in font nullfont!
Missing character: There is no t in font nullfont!
Missing character: There is no h in font nullfont!
Missing character: There is no e in font nullfont!
Missing character: There is no n in font nullfont!
Missing character: There is no a in font nullfont!
Missing character: There is no t in font nullfont!
Missing character: There is no u in font nullfont!
Missing character: There is no r in font nullfont!
Missing character: There is no e in font nullfont!
Missing character: There is no o in font nullfont!
Missing character: There is no f in font nullfont!
Missing character: There is no t in font nullfont!
Missing character: There is no h in font nullfont!
Missing character: There is no e in font nullfont!
Missing character: There is no c in font nullfont!
Missing character: There is no o in font nullfont!
Missing character: There is no n in font nullfont!
Missing character: There is no s in font nullfont!
Missing character: There is no t in font nullfont!
Missing character: There is no i in font nullfont!
Missing character: There is no t in font nullfont!
Missing character: There is no u in font nullfont!
Missing character: There is no e in font nullfont!
Missing character: There is no n in font nullfont!
Missing character: There is no t in font nullfont!
Missing character: There is no s in font nullfont!
Missing character: There is no o in font nullfont!
Missing character: There is no f in font nullfont!
Missing character: There is no t in font nullfont!
Missing character: There is no h in font nullfont!
Missing character: There is no e in font nullfont!
Missing character: There is no m in font nullfont!
Missing character: There is no a in font nullfont!
Missing character: There is no t in font nullfont!
Missing character: There is no t in font nullfont!
Missing character: There is no e in font nullfont!
Missing character: There is no r in font nullfont!
Missing character: There is no a in font nullfont!
Missing character: There is no n in font nullfont!
Missing character: There is no d in font nullfont!
Missing character: There is no t in font nullfont!
Missing character: There is no h in font nullfont!
Missing character: There is no e in font nullfont!
Missing character: There is no f in font nullfont!
Missing character: There is no u in font nullfont!
Missing character: There is no n in font nullfont!
Missing character: There is no d in font nullfont!
Missing character: There is no a in font nullfont!
Missing character: There is no m in font nullfont!
Missing character: There is no e in font nullfont!
Missing character: There is no n in font nullfont!
Missing character: There is no t in font nullfont!
Missing character: There is no a in font nullfont!
Missing character: There is no l in font nullfont!
Missing character: There is no f in font nullfont!
Missing character: There is no o in font nullfont!
Missing character: There is no r in font nullfont!
Missing character: There is no c in font nullfont!
Missing character: There is no e in font nullfont!
Missing character: There is no s in font nullfont!
Missing character: There is no t in font nullfont!
Missing character: There is no h in font nullfont!
Missing character: There is no r in font nullfont!
Missing character: There is no o in font nullfont!
Missing character: There is no u in font nullfont!
Missing character: There is no g in font nullfont!
Missing character: There is no h in font nullfont!
Missing character: There is no w in font nullfont!
Missing character: There is no h in font nullfont!
Missing character: There is no i in font nullfont!
Missing character: There is no c in font nullfont!
Missing character: There is no h in font nullfont!
Missing character: There is no t in font nullfont!
Missing character: There is no h in font nullfont!
Missing character: There is no e in font nullfont!
Missing character: There is no y in font nullfont!
Missing character: There is no i in font nullfont!
Missing character: There is no n in font nullfont!
Missing character: There is no t in font nullfont!
Missing character: There is no e in font nullfont!
Missing character: There is no r in font nullfont!
Missing character: There is no a in font nullfont!
Missing character: There is no c in font nullfont!
Missing character: There is no t in font nullfont!
Missing character: There is no . in font nullfont!
Missing character: There is no T in font nullfont!
Missing character: There is no h in font nullfont!
Missing character: There is no e in font nullfont!
Missing character: There is no t in font nullfont!
Missing character: There is no h in font nullfont!
Missing character: There is no r in font nullfont!
Missing character: There is no e in font nullfont!
Missing character: There is no e in font nullfont!
Missing character: There is no f in font nullfont!
Missing character: There is no u in font nullfont!
Missing character: There is no n in font nullfont!
Missing character: There is no d in font nullfont!
Missing character: There is no a in font nullfont!
Missing character: There is no m in font nullfont!
Missing character: There is no e in font nullfont!
Missing character: There is no n in font nullfont!
Missing character: There is no t in font nullfont!
Missing character: There is no a in font nullfont!
Missing character: There is no l in font nullfont!
Missing character: There is no f in font nullfont!
Missing character: There is no o in font nullfont!
Missing character: There is no r in font nullfont!
Missing character: There is no c in font nullfont!
Missing character: There is no e in font nullfont!
Missing character: There is no s in font nullfont!
Missing character: There is no ( in font nullfont!
Missing character: There is no e in font nullfont!
Missing character: There is no l in font nullfont!
Missing character: There is no e in font nullfont!
Missing character: There is no c in font nullfont!
Missing character: There is no t in font nullfont!
Missing character: There is no r in font nullfont!
Missing character: There is no o in font nullfont!
Missing character: There is no m in font nullfont!
Missing character: There is no a in font nullfont!
Missing character: There is no g in font nullfont!
Missing character: There is no n in font nullfont!
Missing character: There is no e in font nullfont!
Missing character: There is no t in font nullfont!
Missing character: There is no i in font nullfont!
Missing character: There is no c in font nullfont!
Missing character: There is no , in font nullfont!
Missing character: There is no s in font nullfont!
Missing character: There is no t in font nullfont!
Missing character: There is no r in font nullfont!
Missing character: There is no o in font nullfont!
Missing character: There is no n in font nullfont!
Missing character: There is no g in font nullfont!
Missing character: There is no a in font nullfont!
Missing character: There is no n in font nullfont!
Missing character: There is no d in font nullfont!
Missing character: There is no w in font nullfont!
Missing character: There is no e in font nullfont!
Missing character: There is no a in font nullfont!
Missing character: There is no k in font nullfont!
Missing character: There is no ) in font nullfont!
Missing character: There is no a in font nullfont!
Missing character: There is no r in font nullfont!
Missing character: There is no e in font nullfont!
Missing character: There is no d in font nullfont!
Missing character: There is no e in font nullfont!
Missing character: There is no s in font nullfont!
Missing character: There is no c in font nullfont!
Missing character: There is no r in font nullfont!
Missing character: There is no i in font nullfont!
Missing character: There is no b in font nullfont!
Missing character: There is no e in font nullfont!
Missing character: There is no d in font nullfont!
Missing character: There is no b in font nullfont!
Missing character: There is no y in font nullfont!
Missing character: There is no t in font nullfont!
Missing character: There is no h in font nullfont!
Missing character: There is no r in font nullfont!
Missing character: There is no e in font nullfont!
Missing character: There is no e in font nullfont!
Missing character: There is no d in font nullfont!
Missing character: There is no e in font nullfont!
Missing character: There is no d in font nullfont!
Missing character: There is no i in font nullfont!
Missing character: There is no c in font nullfont!
Missing character: There is no a in font nullfont!
Missing character: There is no t in font nullfont!
Missing character: There is no e in font nullfont!
Missing character: There is no d in font nullfont!
Missing character: There is no t in font nullfont!
Missing character: There is no h in font nullfont!
Missing character: There is no e in font nullfont!
Missing character: There is no o in font nullfont!
Missing character: There is no r in font nullfont!
Missing character: There is no e in font nullfont!
Missing character: There is no t in font nullfont!
Missing character: There is no i in font nullfont!
Missing character: There is no c in font nullfont!
Missing character: There is no a in font nullfont!
Missing character: There is no l in font nullfont!
Missing character: There is no d in font nullfont!
Missing character: There is no e in font nullfont!
Missing character: There is no s in font nullfont!
Missing character: There is no c in font nullfont!
Missing character: There is no r in font nullfont!
Missing character: There is no i in font nullfont!
Missing character: There is no p in font nullfont!
Missing character: There is no t in font nullfont!
Missing character: There is no i in font nullfont!
Missing character: There is no o in font nullfont!
Missing character: There is no n in font nullfont!
Missing character: There is no s in font nullfont!
Missing character: There is no Q in font nullfont!
Missing character: There is no u in font nullfont!
Missing character: There is no a in font nullfont!
Missing character: There is no n in font nullfont!
Missing character: There is no t in font nullfont!
Missing character: There is no u in font nullfont!
Missing character: There is no m in font nullfont!
Missing character: There is no E in font nullfont!
Missing character: There is no l in font nullfont!
Missing character: There is no e in font nullfont!
Missing character: There is no c in font nullfont!
Missing character: There is no t in font nullfont!
Missing character: There is no r in font nullfont!
Missing character: There is no o in font nullfont!
Missing character: There is no d in font nullfont!
Missing character: There is no y in font nullfont!
Missing character: There is no n in font nullfont!
Missing character: There is no a in font nullfont!
Missing character: There is no m in font nullfont!
Missing character: There is no i in font nullfont!
Missing character: There is no c in font nullfont!
Missing character: There is no s in font nullfont!
Missing character: There is no ( in font nullfont!
Missing character: There is no Q in font nullfont!
Missing character: There is no E in font nullfont!
Missing character: There is no D in font nullfont!
Missing character: There is no ) in font nullfont!
Missing character: There is no , in font nullfont!
Missing character: There is no Q in font nullfont!
Missing character: There is no u in font nullfont!
Missing character: There is no a in font nullfont!
Missing character: There is no n in font nullfont!
Missing character: There is no t in font nullfont!
Missing character: There is no u in font nullfont!
Missing character: There is no m in font nullfont!
Missing character: There is no C in font nullfont!
Missing character: There is no h in font nullfont!
Missing character: There is no r in font nullfont!
Missing character: There is no o in font nullfont!
Missing character: There is no m in font nullfont!
Missing character: There is no o in font nullfont!
Missing character: There is no d in font nullfont!
Missing character: There is no y in font nullfont!
Missing character: There is no n in font nullfont!
Missing character: There is no a in font nullfont!
Missing character: There is no m in font nullfont!
Missing character: There is no i in font nullfont!
Missing character: There is no c in font nullfont!
Missing character: There is no s in font nullfont!
Missing character: There is no ( in font nullfont!
Missing character: There is no Q in font nullfont!
Missing character: There is no C in font nullfont!
Missing character: There is no D in font nullfont!
Missing character: There is no ) in font nullfont!
Missing character: There is no a in font nullfont!
Missing character: There is no n in font nullfont!
Missing character: There is no d in font nullfont!
Missing character: There is no Q in font nullfont!
Missing character: There is no u in font nullfont!
Missing character: There is no a in font nullfont!
Missing character: There is no n in font nullfont!
Missing character: There is no t in font nullfont!
Missing character: There is no u in font nullfont!
Missing character: There is no m in font nullfont!
Missing character: There is no F in font nullfont!
Missing character: There is no l in font nullfont!
Missing character: There is no a in font nullfont!
Missing character: There is no v in font nullfont!
Missing character: There is no o in font nullfont!
Missing character: There is no u in font nullfont!
Missing character: There is no r in font nullfont!
Missing character: There is no d in font nullfont!
Missing character: There is no y in font nullfont!
Missing character: There is no n in font nullfont!
Missing character: There is no a in font nullfont!
Missing character: There is no m in font nullfont!
Missing character: There is no i in font nullfont!
Missing character: There is no c in font nullfont!
Missing character: There is no s in font nullfont!
Missing character: There is no ( in font nullfont!
Missing character: There is no Q in font nullfont!
Missing character: There is no F in font nullfont!
Missing character: There is no D in font nullfont!
Missing character: There is no ) in font nullfont!
Missing character: There is no w in font nullfont!
Missing character: There is no h in font nullfont!
Missing character: There is no i in font nullfont!
Missing character: There is no c in font nullfont!
Missing character: There is no h in font nullfont!
Missing character: There is no a in font nullfont!
Missing character: There is no r in font nullfont!
Missing character: There is no e in font nullfont!
Missing character: There is no e in font nullfont!
Missing character: There is no n in font nullfont!
Missing character: There is no c in font nullfont!
Missing character: There is no o in font nullfont!
Missing character: There is no d in font nullfont!
Missing character: There is no e in font nullfont!
Missing character: There is no d in font nullfont!
Missing character: There is no i in font nullfont!
Missing character: There is no n in font nullfont!
Missing character: There is no t in font nullfont!
Missing character: There is no h in font nullfont!
Missing character: There is no e in font nullfont!
Missing character: There is no S in font nullfont!
Missing character: There is no M in font nullfont!
Missing character: There is no . in font nullfont!
Missing character: There is no L in font nullfont!
Missing character: There is no a in font nullfont!
Missing character: There is no t in font nullfont!
Missing character: There is no e in font nullfont!
Missing character: There is no r in font nullfont!
Missing character: There is no , in font nullfont!
Missing character: There is no e in font nullfont!
Missing character: There is no l in font nullfont!
Missing character: There is no e in font nullfont!
Missing character: There is no c in font nullfont!
Missing character: There is no t in font nullfont!
Missing character: There is no r in font nullfont!
Missing character: There is no o in font nullfont!
Missing character: There is no m in font nullfont!
Missing character: There is no a in font nullfont!
Missing character: There is no g in font nullfont!
Missing character: There is no n in font nullfont!
Missing character: There is no e in font nullfont!
Missing character: There is no t in font nullfont!
Missing character: There is no i in font nullfont!
Missing character: There is no c in font nullfont!
Missing character: There is no a in font nullfont!
Missing character: There is no n in font nullfont!
Missing character: There is no d in font nullfont!
Missing character: There is no w in font nullfont!
Missing character: There is no e in font nullfont!
Missing character: There is no a in font nullfont!
Missing character: There is no k in font nullfont!
Missing character: There is no i in font nullfont!
Missing character: There is no n in font nullfont!
Missing character: There is no t in font nullfont!
Missing character: There is no e in font nullfont!
Missing character: There is no r in font nullfont!
Missing character: There is no a in font nullfont!
Missing character: There is no c in font nullfont!
Missing character: There is no t in font nullfont!
Missing character: There is no i in font nullfont!
Missing character: There is no o in font nullfont!
Missing character: There is no n in font nullfont!
Missing character: There is no s in font nullfont!
Missing character: There is no w in font nullfont!
Missing character: There is no e in font nullfont!
Missing character: There is no r in font nullfont!
Missing character: There is no e in font nullfont!
Missing character: There is no u in font nullfont!
Missing character: There is no n in font nullfont!
Missing character: There is no i in font nullfont!
Missing character: There is no f in font nullfont!
Missing character: There is no i in font nullfont!
Missing character: There is no e in font nullfont!
Missing character: There is no d in font nullfont!
Missing character: There is no i in font nullfont!
Missing character: There is no n in font nullfont!
Missing character: There is no t in font nullfont!
Missing character: There is no o in font nullfont!
Missing character: There is no e in font nullfont!
Missing character: There is no l in font nullfont!
Missing character: There is no e in font nullfont!
Missing character: There is no c in font nullfont!
Missing character: There is no t in font nullfont!
Missing character: There is no r in font nullfont!
Missing character: There is no o in font nullfont!
Missing character: There is no w in font nullfont!
Missing character: There is no e in font nullfont!
Missing character: There is no a in font nullfont!
Missing character: There is no k in font nullfont!
Missing character: There is no ( in font nullfont!
Missing character: There is no E in font nullfont!
Missing character: There is no W in font nullfont!
Missing character: There is no K in font nullfont!
Missing character: There is no ) in font nullfont!
Missing character: There is no i in font nullfont!
Missing character: There is no n in font nullfont!
Missing character: There is no t in font nullfont!
Missing character: There is no e in font nullfont!
Missing character: There is no r in font nullfont!
Missing character: There is no a in font nullfont!
Missing character: There is no c in font nullfont!
Missing character: There is no t in font nullfont!
Missing character: There is no i in font nullfont!
Missing character: There is no o in font nullfont!
Missing character: There is no n in font nullfont!
Missing character: There is no a in font nullfont!
Missing character: There is no t in font nullfont!
Missing character: There is no t in font nullfont!
Missing character: There is no h in font nullfont!
Missing character: There is no e in font nullfont!
Missing character: There is no u in font nullfont!
Missing character: There is no n in font nullfont!
Missing character: There is no i in font nullfont!
Missing character: There is no f in font nullfont!
Missing character: There is no i in font nullfont!
Missing character: There is no c in font nullfont!
Missing character: There is no a in font nullfont!
Missing character: There is no t in font nullfont!
Missing character: There is no i in font nullfont!
Missing character: There is no o in font nullfont!
Missing character: There is no n in font nullfont!
Missing character: There is no e in font nullfont!
Missing character: There is no n in font nullfont!
Missing character: There is no e in font nullfont!
Missing character: There is no r in font nullfont!
Missing character: There is no g in font nullfont!
Missing character: There is no y in font nullfont!
Missing character: There is no s in font nullfont!
Missing character: There is no c in font nullfont!
Missing character: There is no a in font nullfont!
Missing character: There is no l in font nullfont!
Missing character: There is no e in font nullfont!
Missing character: There is no o in font nullfont!
Missing character: There is no f in font nullfont!
Missing character: There is no t in font nullfont!
Missing character: There is no h in font nullfont!
Missing character: There is no e in font nullfont!
Missing character: There is no o in font nullfont!
Missing character: There is no r in font nullfont!
Missing character: There is no d in font nullfont!
Missing character: There is no e in font nullfont!
Missing character: There is no r in font nullfont!
Missing character: There is no o in font nullfont!
Missing character: There is no f in font nullfont!
Missing character: There is no 1 in font nullfont!
Missing character: There is no 0 in font nullfont!
Missing character: There is no 0 in font nullfont!
Missing character: There is no G in font nullfont!
Missing character: There is no e in font nullfont!
Missing character: There is no V in font nullfont!
Missing character: There is no w in font nullfont!
Missing character: There is no i in font nullfont!
Missing character: There is no t in font nullfont!
Missing character: There is no h in font nullfont!
Missing character: There is no s in font nullfont!
Missing character: There is no i in font nullfont!
Missing character: There is no g in font nullfont!
Missing character: There is no n in font nullfont!
Missing character: There is no i in font nullfont!
Missing character: There is no f in font nullfont!
Missing character: There is no i in font nullfont!
Missing character: There is no c in font nullfont!
Missing character: There is no a in font nullfont!
Missing character: There is no n in font nullfont!
Missing character: There is no t in font nullfont!
Missing character: There is no c in font nullfont!
Missing character: There is no o in font nullfont!
Missing character: There is no n in font nullfont!
Missing character: There is no t in font nullfont!
Missing character: There is no r in font nullfont!
Missing character: There is no i in font nullfont!
Missing character: There is no b in font nullfont!
Missing character: There is no u in font nullfont!
Missing character: There is no t in font nullfont!
Missing character: There is no i in font nullfont!
Missing character: There is no o in font nullfont!
Missing character: There is no n in font nullfont!
Missing character: There is no s in font nullfont!
Missing character: There is no b in font nullfont!
Missing character: There is no y in font nullfont!
Missing character: There is no S in font nullfont!
Missing character: There is no h in font nullfont!
Missing character: There is no e in font nullfont!
Missing character: There is no l in font nullfont!
Missing character: There is no d in font nullfont!
Missing character: There is no o in font nullfont!
Missing character: There is no n in font nullfont!
Missing character: There is no G in font nullfont!
Missing character: There is no l in font nullfont!
Missing character: There is no a in font nullfont!
Missing character: There is no s in font nullfont!
Missing character: There is no h in font nullfont!
Missing character: There is no o in font nullfont!
Missing character: There is no w in font nullfont!
Missing character: There is no , in font nullfont!
Missing character: There is no A in font nullfont!
Missing character: There is no b in font nullfont!
Missing character: There is no d in font nullfont!
Missing character: There is no u in font nullfont!
Missing character: There is no s in font nullfont!
Missing character: There is no S in font nullfont!
Missing character: There is no a in font nullfont!
Missing character: There is no l in font nullfont!
Missing character: There is no a in font nullfont!
Missing character: There is no m in font nullfont!
Missing character: There is no , in font nullfont!
Missing character: There is no a in font nullfont!
Missing character: There is no n in font nullfont!
Missing character: There is no d in font nullfont!
Missing character: There is no S in font nullfont!
Missing character: There is no t in font nullfont!
Missing character: There is no e in font nullfont!
Missing character: There is no v in font nullfont!
Missing character: There is no e in font nullfont!
Missing character: There is no n in font nullfont!
Missing character: There is no W in font nullfont!
Missing character: There is no e in font nullfont!
Missing character: There is no i in font nullfont!
Missing character: There is no n in font nullfont!
Missing character: There is no b in font nullfont!
Missing character: There is no e in font nullfont!
Missing character: There is no r in font nullfont!
Missing character: There is no g in font nullfont!
Missing character: There is no . in font nullfont!
Missing character: There is no T in font nullfont!
Missing character: There is no h in font nullfont!
Missing character: There is no e in font nullfont!
Missing character: There is no e in font nullfont!
Missing character: There is no x in font nullfont!
Missing character: There is no p in font nullfont!
Missing character: There is no e in font nullfont!
Missing character: There is no r in font nullfont!
Missing character: There is no i in font nullfont!
Missing character: There is no m in font nullfont!
Missing character: There is no e in font nullfont!
Missing character: There is no n in font nullfont!
Missing character: There is no t in font nullfont!
Missing character: There is no a in font nullfont!
Missing character: There is no l in font nullfont!
Missing character: There is no v in font nullfont!
Missing character: There is no e in font nullfont!
Missing character: There is no r in font nullfont!
Missing character: There is no i in font nullfont!
Missing character: There is no f in font nullfont!
Missing character: There is no i in font nullfont!
Missing character: There is no c in font nullfont!
Missing character: There is no a in font nullfont!
Missing character: There is no t in font nullfont!
Missing character: There is no i in font nullfont!
Missing character: There is no o in font nullfont!
Missing character: There is no n in font nullfont!
Missing character: There is no s in font nullfont!
Missing character: There is no o in font nullfont!
Missing character: There is no f in font nullfont!
Missing character: There is no t in font nullfont!
Missing character: There is no h in font nullfont!
Missing character: There is no e in font nullfont!
Missing character: There is no e in font nullfont!
Missing character: There is no x in font nullfont!
Missing character: There is no i in font nullfont!
Missing character: There is no s in font nullfont!
Missing character: There is no t in font nullfont!
Missing character: There is no e in font nullfont!
Missing character: There is no n in font nullfont!
Missing character: There is no c in font nullfont!
Missing character: There is no e in font nullfont!
Missing character: There is no o in font nullfont!
Missing character: There is no f in font nullfont!
Missing character: There is no t in font nullfont!
Missing character: There is no h in font nullfont!
Missing character: There is no e in font nullfont!
Missing character: There is no e in font nullfont!
Missing character: There is no l in font nullfont!
Missing character: There is no e in font nullfont!
Missing character: There is no c in font nullfont!
Missing character: There is no t in font nullfont!
Missing character: There is no r in font nullfont!
Missing character: There is no o in font nullfont!
Missing character: There is no w in font nullfont!
Missing character: There is no e in font nullfont!
Missing character: There is no a in font nullfont!
Missing character: There is no k in font nullfont!
Missing character: There is no i in font nullfont!
Missing character: There is no n in font nullfont!
Missing character: There is no t in font nullfont!
Missing character: There is no e in font nullfont!
Missing character: There is no r in font nullfont!
Missing character: There is no a in font nullfont!
Missing character: There is no c in font nullfont!
Missing character: There is no t in font nullfont!
Missing character: There is no i in font nullfont!
Missing character: There is no o in font nullfont!
Missing character: There is no n in font nullfont!
Missing character: There is no w in font nullfont!
Missing character: There is no e in font nullfont!
Missing character: There is no r in font nullfont!
Missing character: There is no e in font nullfont!
Missing character: There is no e in font nullfont!
Missing character: There is no s in font nullfont!
Missing character: There is no t in font nullfont!
Missing character: There is no a in font nullfont!
Missing character: There is no b in font nullfont!
Missing character: There is no l in font nullfont!
Missing character: There is no i in font nullfont!
Missing character: There is no s in font nullfont!
Missing character: There is no h in font nullfont!
Missing character: There is no e in font nullfont!
Missing character: There is no d in font nullfont!
Missing character: There is no b in font nullfont!
Missing character: There is no y in font nullfont!
Missing character: There is no t in font nullfont!
Missing character: There is no h in font nullfont!
Missing character: There is no e in font nullfont!
Missing character: There is no e in font nullfont!
Missing character: There is no x in font nullfont!
Missing character: There is no i in font nullfont!
Missing character: There is no s in font nullfont!
Missing character: There is no t in font nullfont!
Missing character: There is no e in font nullfont!
Missing character: There is no n in font nullfont!
Missing character: There is no c in font nullfont!
Missing character: There is no e in font nullfont!
Missing character: There is no o in font nullfont!
Missing character: There is no f in font nullfont!
Missing character: There is no n in font nullfont!
Missing character: There is no e in font nullfont!
Missing character: There is no u in font nullfont!
Missing character: There is no t in font nullfont!
Missing character: There is no r in font nullfont!
Missing character: There is no a in font nullfont!
Missing character: There is no l in font nullfont!
Missing character: There is no c in font nullfont!
Missing character: There is no u in font nullfont!
Missing character: There is no r in font nullfont!
Missing character: There is no r in font nullfont!
Missing character: There is no e in font nullfont!
Missing character: There is no n in font nullfont!
Missing character: There is no t in font nullfont!
Missing character: There is no s in font nullfont!
Missing character: There is no b in font nullfont!
Missing character: There is no y in font nullfont!
Missing character: There is no t in font nullfont!
Missing character: There is no h in font nullfont!
Missing character: There is no e in font nullfont!
Missing character: There is no G in font nullfont!
Missing character: There is no a in font nullfont!
Missing character: There is no r in font nullfont!
Missing character: There is no g in font nullfont!
Missing character: There is no a in font nullfont!
Missing character: There is no m in font nullfont!
Missing character: There is no e in font nullfont!
Missing character: There is no l in font nullfont!
Missing character: There is no l in font nullfont!
Missing character: There is no e in font nullfont!
Missing character: There is no c in font nullfont!
Missing character: There is no o in font nullfont!
Missing character: There is no l in font nullfont!
Missing character: There is no l in font nullfont!
Missing character: There is no a in font nullfont!
Missing character: There is no b in font nullfont!
Missing character: There is no o in font nullfont!
Missing character: There is no r in font nullfont!
Missing character: There is no a in font nullfont!
Missing character: There is no t in font nullfont!
Missing character: There is no i in font nullfont!
Missing character: There is no o in font nullfont!
Missing character: There is no n in font nullfont!
Missing character: There is no i in font nullfont!
Missing character: There is no n in font nullfont!
Missing character: There is no 1 in font nullfont!
Missing character: There is no 9 in font nullfont!
Missing character: There is no 7 in font nullfont!
Missing character: There is no 3 in font nullfont!
Missing character: There is no a in font nullfont!
Missing character: There is no n in font nullfont!
Missing character: There is no d in font nullfont!
Missing character: There is no t in font nullfont!
Missing character: There is no h in font nullfont!
Missing character: There is no e in font nullfont!
Missing character: There is no d in font nullfont!
Missing character: There is no i in font nullfont!
Missing character: There is no s in font nullfont!
Missing character: There is no c in font nullfont!
Missing character: There is no o in font nullfont!
Missing character: There is no v in font nullfont!
Missing character: There is no e in font nullfont!
Missing character: There is no r in font nullfont!
Missing character: There is no y in font nullfont!
Missing character: There is no o in font nullfont!
Missing character: There is no f in font nullfont!
Missing character: There is no t in font nullfont!
Missing character: There is no h in font nullfont!
Missing character: There is no e in font nullfont!
Missing character: There is no t in font nullfont!
Missing character: There is no w in font nullfont!
Missing character: There is no o in font nullfont!
Missing character: There is no m in font nullfont!
Missing character: There is no a in font nullfont!
Missing character: There is no s in font nullfont!
Missing character: There is no s in font nullfont!
Missing character: There is no i in font nullfont!
Missing character: There is no v in font nullfont!
Missing character: There is no e in font nullfont!
Missing character: There is no ( in font nullfont!
LaTeX Font Info:    External font `cmex10' loaded for size
(Font)              <7> on input line 8.
LaTeX Font Info:    External font `cmex10' loaded for size
(Font)              <5> on input line 8.
! Undefined control sequence.
<recently read> \W 
                   
l.8 two massive ($\W
                    $ and $\Z$) gauge bosons by  UA1 and  UA2 collaborations...
The control sequence at the end of the top line
of your error message was never \def'ed. If you have
misspelled it (e.g., `\hobx'), type `I' and the correct
spelling (e.g., `I\hbox'). Otherwise just continue,
and I'll forget about whatever was undefined.

Missing character: There is no a in font nullfont!
Missing character: There is no n in font nullfont!
Missing character: There is no d in font nullfont!
! Undefined control sequence.
<recently read> \Z 
                   
l.8 two massive ($\W$ and $\Z
                             $) gauge bosons by  UA1 and  UA2 collaborations...
The control sequence at the end of the top line
of your error message was never \def'ed. If you have
misspelled it (e.g., `\hobx'), type `I' and the correct
spelling (e.g., `I\hbox'). Otherwise just continue,
and I'll forget about whatever was undefined.

Missing character: There is no ) in font nullfont!
Missing character: There is no g in font nullfont!
Missing character: There is no a in font nullfont!
Missing character: There is no u in font nullfont!
Missing character: There is no g in font nullfont!
Missing character: There is no e in font nullfont!
Missing character: There is no b in font nullfont!
Missing character: There is no o in font nullfont!
Missing character: There is no s in font nullfont!
Missing character: There is no o in font nullfont!
Missing character: There is no n in font nullfont!
Missing character: There is no s in font nullfont!
Missing character: There is no b in font nullfont!
Missing character: There is no y in font nullfont!
Missing character: There is no U in font nullfont!
Missing character: There is no A in font nullfont!
Missing character: There is no 1 in font nullfont!
Missing character: There is no a in font nullfont!
Missing character: There is no n in font nullfont!
Missing character: There is no d in font nullfont!
Missing character: There is no U in font nullfont!
Missing character: There is no A in font nullfont!
Missing character: There is no 2 in font nullfont!
Missing character: There is no c in font nullfont!
Missing character: There is no o in font nullfont!
Missing character: There is no l in font nullfont!
Missing character: There is no l in font nullfont!
Missing character: There is no a in font nullfont!
Missing character: There is no b in font nullfont!
Missing character: There is no o in font nullfont!
Missing character: There is no r in font nullfont!
Missing character: There is no a in font nullfont!
Missing character: There is no t in font nullfont!
Missing character: There is no i in font nullfont!
Missing character: There is no o in font nullfont!
Missing character: There is no n in font nullfont!
Missing character: There is no s in font nullfont!
Missing character: There is no i in font nullfont!
Missing character: There is no n in font nullfont!
Missing character: There is no 1 in font nullfont!
Missing character: There is no 9 in font nullfont!
Missing character: There is no 8 in font nullfont!
Missing character: There is no 1 in font nullfont!
Missing character: There is no . in font nullfont!
Missing character: There is no T in font nullfont!
Missing character: There is no h in font nullfont!
Missing character: There is no e in font nullfont!
Missing character: There is no s in font nullfont!
Missing character: There is no e in font nullfont!
Missing character: There is no b in font nullfont!
Missing character: There is no o in font nullfont!
Missing character: There is no s in font nullfont!
Missing character: There is no o in font nullfont!
Missing character: There is no n in font nullfont!
Missing character: There is no s in font nullfont!
Missing character: There is no h in font nullfont!
Missing character: There is no o in font nullfont!
Missing character: There is no u in font nullfont!
Missing character: There is no l in font nullfont!
Missing character: There is no d in font nullfont!
Missing character: There is no b in font nullfont!
Missing character: There is no e in font nullfont!
Missing character: There is no m in font nullfont!
Missing character: There is no a in font nullfont!
Missing character: There is no s in font nullfont!
Missing character: There is no s in font nullfont!
Missing character: There is no l in font nullfont!
Missing character: There is no e in font nullfont!
Missing character: There is no s in font nullfont!
Missing character: There is no s in font nullfont!
Missing character: There is no ( in font nullfont!
Missing character: There is no l in font nullfont!
Missing character: There is no i in font nullfont!
Missing character: There is no k in font nullfont!
Missing character: There is no e in font nullfont!
Missing character: There is no p in font nullfont!
Missing character: There is no h in font nullfont!
Missing character: There is no o in font nullfont!
Missing character: There is no t in font nullfont!
Missing character: There is no o in font nullfont!
Missing character: There is no n in font nullfont!
Missing character: There is no i in font nullfont!
Missing character: There is no n in font nullfont!
Missing character: There is no Q in font nullfont!
Missing character: There is no E in font nullfont!
Missing character: There is no D in font nullfont!
Missing character: There is no ) in font nullfont!
Missing character: There is no a in font nullfont!
Missing character: There is no c in font nullfont!
Missing character: There is no c in font nullfont!
Missing character: There is no o in font nullfont!
Missing character: There is no r in font nullfont!
Missing character: There is no d in font nullfont!
Missing character: There is no i in font nullfont!
Missing character: There is no n in font nullfont!
Missing character: There is no g in font nullfont!
Missing character: There is no t in font nullfont!
Missing character: There is no o in font nullfont!
Missing character: There is no G in font nullfont!
Missing character: There is no o in font nullfont!
Missing character: There is no l in font nullfont!
Missing character: There is no d in font nullfont!
Missing character: There is no s in font nullfont!
Missing character: There is no t in font nullfont!
Missing character: There is no o in font nullfont!
Missing character: There is no n in font nullfont!
Missing character: There is no e in font nullfont!
Missing character: There is no ' in font nullfont!
Missing character: There is no s in font nullfont!
Missing character: There is no t in font nullfont!
Missing character: There is no h in font nullfont!
Missing character: There is no e in font nullfont!
Missing character: There is no o in font nullfont!
Missing character: There is no r in font nullfont!
Missing character: There is no e in font nullfont!
Missing character: There is no m in font nullfont!
Missing character: There is no . in font nullfont!
Missing character: There is no T in font nullfont!
Missing character: There is no o in font nullfont!
Missing character: There is no o in font nullfont!
Missing character: There is no v in font nullfont!
Missing character: There is no e in font nullfont!
Missing character: There is no r in font nullfont!
Missing character: There is no c in font nullfont!
Missing character: There is no o in font nullfont!
Missing character: There is no m in font nullfont!
Missing character: There is no e in font nullfont!
Missing character: There is no t in font nullfont!
Missing character: There is no h in font nullfont!
Missing character: There is no i in font nullfont!
Missing character: There is no s in font nullfont!
Missing character: There is no i in font nullfont!
Missing character: There is no s in font nullfont!
Missing character: There is no s in font nullfont!
Missing character: There is no u in font nullfont!
Missing character: There is no e in font nullfont!
Missing character: There is no , in font nullfont!
Missing character: There is no s in font nullfont!
Missing character: There is no p in font nullfont!
Missing character: There is no o in font nullfont!
Missing character: There is no n in font nullfont!
Missing character: There is no t in font nullfont!
Missing character: There is no a in font nullfont!
Missing character: There is no n in font nullfont!
Missing character: There is no e in font nullfont!
Missing character: There is no o in font nullfont!
Missing character: There is no u in font nullfont!
Missing character: There is no s in font nullfont!
Missing character: There is no s in font nullfont!
Missing character: There is no y in font nullfont!
Missing character: There is no m in font nullfont!
Missing character: There is no m in font nullfont!
Missing character: There is no e in font nullfont!
Missing character: There is no t in font nullfont!
Missing character: There is no r in font nullfont!
Missing character: There is no y in font nullfont!
Missing character: There is no b in font nullfont!
Missing character: There is no r in font nullfont!
Missing character: There is no e in font nullfont!
Missing character: There is no a in font nullfont!
Missing character: There is no k in font nullfont!
Missing character: There is no i in font nullfont!
Missing character: There is no n in font nullfont!
Missing character: There is no g in font nullfont!
Missing character: There is no w in font nullfont!
Missing character: There is no a in font nullfont!
Missing character: There is no s in font nullfont!
Missing character: There is no i in font nullfont!
Missing character: There is no n in font nullfont!
Missing character: There is no t in font nullfont!
Missing character: There is no r in font nullfont!
Missing character: There is no o in font nullfont!
Missing character: There is no d in font nullfont!
Missing character: There is no u in font nullfont!
Missing character: There is no c in font nullfont!
Missing character: There is no e in font nullfont!
Missing character: There is no d in font nullfont!
Missing character: There is no t in font nullfont!
Missing character: There is no h in font nullfont!
Missing character: There is no a in font nullfont!
Missing character: There is no t in font nullfont!
Missing character: There is no g in font nullfont!
Missing character: There is no e in font nullfont!
Missing character: There is no n in font nullfont!
Missing character: There is no e in font nullfont!
Missing character: There is no r in font nullfont!
Missing character: There is no a in font nullfont!
Missing character: There is no t in font nullfont!
Missing character: There is no e in font nullfont!
Missing character: There is no s in font nullfont!
Missing character: There is no t in font nullfont!
Missing character: There is no h in font nullfont!
Missing character: There is no e in font nullfont!
Missing character: There is no m in font nullfont!
Missing character: There is no a in font nullfont!
Missing character: There is no s in font nullfont!
Missing character: There is no s in font nullfont!
Missing character: There is no e in font nullfont!
Missing character: There is no s in font nullfont!
Missing character: There is no o in font nullfont!
Missing character: There is no f in font nullfont!
Missing character: There is no t in font nullfont!
Missing character: There is no h in font nullfont!
Missing character: There is no e in font nullfont!
Missing character: There is no p in font nullfont!
Missing character: There is no a in font nullfont!
Missing character: There is no r in font nullfont!
Missing character: There is no t in font nullfont!
Missing character: There is no i in font nullfont!
Missing character: There is no c in font nullfont!
Missing character: There is no l in font nullfont!
Missing character: There is no e in font nullfont!
Missing character: There is no s in font nullfont!
Missing character: There is no b in font nullfont!
Missing character: There is no y in font nullfont!
Missing character: There is no t in font nullfont!
Missing character: There is no h in font nullfont!
Missing character: There is no e in font nullfont!
Missing character: There is no H in font nullfont!
Missing character: There is no i in font nullfont!
Missing character: There is no g in font nullfont!
Missing character: There is no g in font nullfont!
Missing character: There is no s in font nullfont!
Missing character: There is no m in font nullfont!
Missing character: There is no e in font nullfont!
Missing character: There is no c in font nullfont!
Missing character: There is no h in font nullfont!
Missing character: There is no a in font nullfont!
Missing character: There is no n in font nullfont!
Missing character: There is no i in font nullfont!
Missing character: There is no s in font nullfont!
Missing character: There is no m in font nullfont!
Missing character: There is no a in font nullfont!
Missing character: There is no n in font nullfont!
Missing character: There is no d in font nullfont!
Missing character: There is no s in font nullfont!
Missing character: There is no e in font nullfont!
Missing character: There is no p in font nullfont!
Missing character: There is no a in font nullfont!
Missing character: There is no r in font nullfont!
Missing character: There is no a in font nullfont!
Missing character: There is no t in font nullfont!
Missing character: There is no e in font nullfont!
Missing character: There is no s in font nullfont!
Missing character: There is no w in font nullfont!
Missing character: There is no e in font nullfont!
Missing character: There is no a in font nullfont!
Missing character: There is no k in font nullfont!
Missing character: There is no i in font nullfont!
Missing character: There is no n in font nullfont!
Missing character: There is no t in font nullfont!
Missing character: There is no e in font nullfont!
Missing character: There is no r in font nullfont!
Missing character: There is no a in font nullfont!
Missing character: There is no c in font nullfont!
Missing character: There is no t in font nullfont!
Missing character: There is no i in font nullfont!
Missing character: There is no o in font nullfont!
Missing character: There is no n in font nullfont!
Missing character: There is no f in font nullfont!
Missing character: There is no r in font nullfont!
Missing character: There is no o in font nullfont!
Missing character: There is no m in font nullfont!
Missing character: There is no e in font nullfont!
Missing character: There is no l in font nullfont!
Missing character: There is no e in font nullfont!
Missing character: There is no c in font nullfont!
Missing character: There is no t in font nullfont!
Missing character: There is no r in font nullfont!
Missing character: There is no o in font nullfont!
Missing character: There is no m in font nullfont!
Missing character: There is no a in font nullfont!
Missing character: There is no g in font nullfont!
Missing character: There is no n in font nullfont!
Missing character: There is no e in font nullfont!
Missing character: There is no t in font nullfont!
Missing character: There is no i in font nullfont!
Missing character: There is no c in font nullfont!
Missing character: There is no ( in font nullfont!
Missing character: There is no E in font nullfont!
Missing character: There is no M in font nullfont!
Missing character: There is no ) in font nullfont!
Missing character: There is no i in font nullfont!
Missing character: There is no n in font nullfont!
Missing character: There is no t in font nullfont!
Missing character: There is no e in font nullfont!
Missing character: There is no r in font nullfont!
Missing character: There is no a in font nullfont!
Missing character: There is no c in font nullfont!
Missing character: There is no t in font nullfont!
Missing character: There is no i in font nullfont!
Missing character: There is no o in font nullfont!
Missing character: There is no n in font nullfont!
Missing character: There is no [ in font nullfont!
\citation{Reference7}
! Undefined control sequence.
<write> ...: Citation `\@citeb ' on page \thepage 
                                                  \space undefined\on@line .
l.11 ...ence9,Reference10,Reference11,Reference12}
                                                  . A new scalar particle-Hi...
The control sequence at the end of the top line
of your error message was never \def'ed. If you have
misspelled it (e.g., `\hobx'), type `I' and the correct
spelling (e.g., `I\hbox'). Otherwise just continue,
and I'll forget about whatever was undefined.


LaTeX Warning: Citation `Reference7' on page  undefined on input line 11.

Missing character: There is no , in font nullfont!
\citation{Reference8}
! Undefined control sequence.
<write> ...: Citation `\@citeb ' on page \thepage 
                                                  \space undefined\on@line .
l.11 ...ence9,Reference10,Reference11,Reference12}
                                                  . A new scalar particle-Hi...
The control sequence at the end of the top line
of your error message was never \def'ed. If you have
misspelled it (e.g., `\hobx'), type `I' and the correct
spelling (e.g., `I\hbox'). Otherwise just continue,
and I'll forget about whatever was undefined.


LaTeX Warning: Citation `Reference8' on page  undefined on input line 11.

Missing character: There is no , in font nullfont!
\citation{Reference9}
! Undefined control sequence.
<write> ...: Citation `\@citeb ' on page \thepage 
                                                  \space undefined\on@line .
l.11 ...ence9,Reference10,Reference11,Reference12}
                                                  . A new scalar particle-Hi...
The control sequence at the end of the top line
of your error message was never \def'ed. If you have
misspelled it (e.g., `\hobx'), type `I' and the correct
spelling (e.g., `I\hbox'). Otherwise just continue,
and I'll forget about whatever was undefined.


LaTeX Warning: Citation `Reference9' on page  undefined on input line 11.

Missing character: There is no , in font nullfont!
\citation{Reference10}
! Undefined control sequence.
<write> ...: Citation `\@citeb ' on page \thepage 
                                                  \space undefined\on@line .
l.11 ...ence9,Reference10,Reference11,Reference12}
                                                  . A new scalar particle-Hi...
The control sequence at the end of the top line
of your error message was never \def'ed. If you have
misspelled it (e.g., `\hobx'), type `I' and the correct
spelling (e.g., `I\hbox'). Otherwise just continue,
and I'll forget about whatever was undefined.


LaTeX Warning: Citation `Reference10' on page  undefined on input line 11.

Missing character: There is no , in font nullfont!
\citation{Reference11}
! Undefined control sequence.
<write> ...: Citation `\@citeb ' on page \thepage 
                                                  \space undefined\on@line .
l.11 ...ence9,Reference10,Reference11,Reference12}
                                                  . A new scalar particle-Hi...
The control sequence at the end of the top line
of your error message was never \def'ed. If you have
misspelled it (e.g., `\hobx'), type `I' and the correct
spelling (e.g., `I\hbox'). Otherwise just continue,
and I'll forget about whatever was undefined.


LaTeX Warning: Citation `Reference11' on page  undefined on input line 11.

Missing character: There is no , in font nullfont!
\citation{Reference12}
! Undefined control sequence.
<write> ...: Citation `\@citeb ' on page \thepage 
                                                  \space undefined\on@line .
l.11 ...ence9,Reference10,Reference11,Reference12}
                                                  . A new scalar particle-Hi...
The control sequence at the end of the top line
of your error message was never \def'ed. If you have
misspelled it (e.g., `\hobx'), type `I' and the correct
spelling (e.g., `I\hbox'). Otherwise just continue,
and I'll forget about whatever was undefined.


LaTeX Warning: Citation `Reference12' on page  undefined on input line 11.

Missing character: There is no ] in font nullfont!
Missing character: There is no . in font nullfont!
Missing character: There is no A in font nullfont!
Missing character: There is no n in font nullfont!
Missing character: There is no e in font nullfont!
Missing character: There is no w in font nullfont!
Missing character: There is no s in font nullfont!
Missing character: There is no c in font nullfont!
Missing character: There is no a in font nullfont!
Missing character: There is no l in font nullfont!
Missing character: There is no a in font nullfont!
Missing character: There is no r in font nullfont!
Missing character: There is no p in font nullfont!
Missing character: There is no a in font nullfont!
Missing character: There is no r in font nullfont!
Missing character: There is no t in font nullfont!
Missing character: There is no i in font nullfont!
Missing character: There is no c in font nullfont!
Missing character: There is no l in font nullfont!
Missing character: There is no e in font nullfont!
Missing character: There is no - in font nullfont!
Missing character: There is no H in font nullfont!
Missing character: There is no i in font nullfont!
Missing character: There is no g in font nullfont!
Missing character: There is no g in font nullfont!
Missing character: There is no s in font nullfont!
Missing character: There is no b in font nullfont!
Missing character: There is no o in font nullfont!
Missing character: There is no s in font nullfont!
Missing character: There is no o in font nullfont!
Missing character: There is no n in font nullfont!
Missing character: There is no w in font nullfont!
Missing character: There is no a in font nullfont!
Missing character: There is no s in font nullfont!
Missing character: There is no i in font nullfont!
Missing character: There is no n in font nullfont!
Missing character: There is no t in font nullfont!
Missing character: There is no r in font nullfont!
Missing character: There is no o in font nullfont!
Missing character: There is no d in font nullfont!
Missing character: There is no u in font nullfont!
Missing character: There is no c in font nullfont!
Missing character: There is no e in font nullfont!
Missing character: There is no d in font nullfont!
Missing character: There is no b in font nullfont!
Missing character: There is no y in font nullfont!
Missing character: There is no t in font nullfont!
Missing character: There is no h in font nullfont!
Missing character: There is no e in font nullfont!
Missing character: There is no t in font nullfont!
Missing character: There is no h in font nullfont!
Missing character: There is no e in font nullfont!
Missing character: There is no o in font nullfont!
Missing character: There is no r in font nullfont!
Missing character: There is no y in font nullfont!
Missing character: There is no a in font nullfont!
Missing character: There is no s in font nullfont!
Missing character: There is no a in font nullfont!
Missing character: There is no l in font nullfont!
Missing character: There is no a in font nullfont!
Missing character: There is no s in font nullfont!
Missing character: There is no t in font nullfont!
Missing character: There is no m in font nullfont!
Missing character: There is no i in font nullfont!
Missing character: There is no s in font nullfont!
Missing character: There is no s in font nullfont!
Missing character: There is no i in font nullfont!
Missing character: There is no n in font nullfont!
Missing character: There is no g in font nullfont!
Missing character: There is no p in font nullfont!
Missing character: There is no a in font nullfont!
Missing character: There is no t in font nullfont!
Missing character: There is no c in font nullfont!
Missing character: There is no h in font nullfont!
Missing character: There is no o in font nullfont!
Missing character: There is no f in font nullfont!
Missing character: There is no t in font nullfont!
Missing character: There is no h in font nullfont!
Missing character: There is no e in font nullfont!
Missing character: There is no S in font nullfont!
Missing character: There is no M in font nullfont!
Missing character: There is no . in font nullfont!
Missing character: There is no T in font nullfont!
Missing character: There is no h in font nullfont!
Missing character: There is no i in font nullfont!
Missing character: There is no s in font nullfont!
Missing character: There is no t in font nullfont!
Missing character: There is no r in font nullfont!
Missing character: There is no i in font nullfont!
Missing character: There is no g in font nullfont!
Missing character: There is no g in font nullfont!
Missing character: There is no e in font nullfont!
Missing character: There is no r in font nullfont!
Missing character: There is no e in font nullfont!
Missing character: There is no d in font nullfont!
Missing character: There is no t in font nullfont!
Missing character: There is no h in font nullfont!
Missing character: There is no e in font nullfont!
Missing character: There is no s in font nullfont!
Missing character: There is no e in font nullfont!
Missing character: There is no a in font nullfont!
Missing character: There is no r in font nullfont!
Missing character: There is no c in font nullfont!
Missing character: There is no h in font nullfont!
Missing character: There is no f in font nullfont!
Missing character: There is no o in font nullfont!
Missing character: There is no r in font nullfont!
Missing character: There is no t in font nullfont!
Missing character: There is no h in font nullfont!
Missing character: There is no a in font nullfont!
Missing character: There is no t in font nullfont!
Missing character: There is no l in font nullfont!
Missing character: There is no a in font nullfont!
Missing character: There is no s in font nullfont!
Missing character: There is no t in font nullfont!
Missing character: There is no m in font nullfont!
Missing character: There is no i in font nullfont!
Missing character: There is no s in font nullfont!
Missing character: There is no s in font nullfont!
Missing character: There is no i in font nullfont!
Missing character: There is no n in font nullfont!
Missing character: There is no g in font nullfont!
Missing character: There is no p in font nullfont!
Missing character: There is no a in font nullfont!
Missing character: There is no t in font nullfont!
Missing character: There is no c in font nullfont!
Missing character: There is no h in font nullfont!
Missing character: There is no o in font nullfont!
Missing character: There is no f in font nullfont!
Missing character: There is no t in font nullfont!
Missing character: There is no h in font nullfont!
Missing character: There is no e in font nullfont!
Missing character: There is no S in font nullfont!
Missing character: There is no M in font nullfont!
Missing character: There is no w in font nullfont!
Missing character: There is no h in font nullfont!
Missing character: There is no i in font nullfont!
Missing character: There is no c in font nullfont!
Missing character: There is no h in font nullfont!
Missing character: There is no c in font nullfont!
Missing character: There is no o in font nullfont!
Missing character: There is no n in font nullfont!
Missing character: There is no t in font nullfont!
Missing character: There is no i in font nullfont!
Missing character: There is no n in font nullfont!
Missing character: There is no u in font nullfont!
Missing character: There is no e in font nullfont!
Missing character: There is no d in font nullfont!
Missing character: There is no f in font nullfont!
Missing character: There is no o in font nullfont!
Missing character: There is no r in font nullfont!
Missing character: There is no m in font nullfont!
Missing character: There is no a in font nullfont!
Missing character: There is no n in font nullfont!
Missing character: There is no y in font nullfont!
Missing character: There is no y in font nullfont!
Missing character: There is no e in font nullfont!
Missing character: There is no a in font nullfont!
Missing character: There is no r in font nullfont!
Missing character: There is no s in font nullfont!
Missing character: There is no . in font nullfont!
Missing character: There is no O in font nullfont!
Missing character: There is no n in font nullfont!
Missing character: There is no e in font nullfont!
Missing character: There is no o in font nullfont!
Missing character: There is no f in font nullfont!
Missing character: There is no t in font nullfont!
Missing character: There is no h in font nullfont!
Missing character: There is no e in font nullfont!
Missing character: There is no m in font nullfont!
Missing character: There is no a in font nullfont!
Missing character: There is no i in font nullfont!
Missing character: There is no n in font nullfont!
Missing character: There is no m in font nullfont!
Missing character: There is no o in font nullfont!
Missing character: There is no t in font nullfont!
Missing character: There is no i in font nullfont!
Missing character: There is no v in font nullfont!
Missing character: There is no a in font nullfont!
Missing character: There is no t in font nullfont!
Missing character: There is no i in font nullfont!
Missing character: There is no o in font nullfont!
Missing character: There is no n in font nullfont!
Missing character: There is no s in font nullfont!
Missing character: There is no o in font nullfont!
Missing character: There is no f in font nullfont!
Missing character: There is no t in font nullfont!
Missing character: There is no h in font nullfont!
Missing character: There is no e in font nullfont!
Missing character: There is no c in font nullfont!
Missing character: There is no o in font nullfont!
Missing character: There is no n in font nullfont!
Missing character: There is no s in font nullfont!
Missing character: There is no t in font nullfont!
Missing character: There is no r in font nullfont!
Missing character: There is no u in font nullfont!
Missing character: There is no c in font nullfont!
Missing character: There is no t in font nullfont!
Missing character: There is no i in font nullfont!
Missing character: There is no o in font nullfont!
Missing character: There is no n in font nullfont!
Missing character: There is no o in font nullfont!
Missing character: There is no f in font nullfont!
Missing character: There is no t in font nullfont!
Missing character: There is no h in font nullfont!
Missing character: There is no e in font nullfont!
Missing character: There is no L in font nullfont!
Missing character: There is no a in font nullfont!
Missing character: There is no r in font nullfont!
Missing character: There is no g in font nullfont!
Missing character: There is no e in font nullfont!
Missing character: There is no H in font nullfont!
Missing character: There is no a in font nullfont!
Missing character: There is no d in font nullfont!
Missing character: There is no r in font nullfont!
Missing character: There is no o in font nullfont!
Missing character: There is no n in font nullfont!
Missing character: There is no C in font nullfont!
Missing character: There is no o in font nullfont!
Missing character: There is no l in font nullfont!
Missing character: There is no l in font nullfont!
Missing character: There is no i in font nullfont!
Missing character: There is no d in font nullfont!
Missing character: There is no e in font nullfont!
Missing character: There is no r in font nullfont!
Missing character: There is no ( in font nullfont!
Missing character: There is no L in font nullfont!
Missing character: There is no H in font nullfont!
Missing character: There is no C in font nullfont!
Missing character: There is no ) in font nullfont!
Missing character: There is no a in font nullfont!
Missing character: There is no t in font nullfont!
Missing character: There is no C in font nullfont!
Missing character: There is no E in font nullfont!
Missing character: There is no R in font nullfont!
Missing character: There is no N in font nullfont!
Missing character: There is no w in font nullfont!
Missing character: There is no a in font nullfont!
Missing character: There is no s in font nullfont!
Missing character: There is no a in font nullfont!
Missing character: There is no l in font nullfont!
Missing character: There is no s in font nullfont!
Missing character: There is no o in font nullfont!
Missing character: There is no t in font nullfont!
Missing character: There is no o in font nullfont!
Missing character: There is no l in font nullfont!
Missing character: There is no o in font nullfont!
Missing character: There is no o in font nullfont!
Missing character: There is no k in font nullfont!
Missing character: There is no f in font nullfont!
Missing character: There is no o in font nullfont!
Missing character: There is no r in font nullfont!
Missing character: There is no t in font nullfont!
Missing character: There is no h in font nullfont!
Missing character: There is no i in font nullfont!
Missing character: There is no s in font nullfont!
Missing character: There is no n in font nullfont!
Missing character: There is no e in font nullfont!
Missing character: There is no w in font nullfont!
Missing character: There is no p in font nullfont!
Missing character: There is no a in font nullfont!
Missing character: There is no r in font nullfont!
Missing character: There is no t in font nullfont!
Missing character: There is no i in font nullfont!
Missing character: There is no c in font nullfont!
Missing character: There is no l in font nullfont!
Missing character: There is no e in font nullfont!
Missing character: There is no w in font nullfont!
Missing character: There is no i in font nullfont!
Missing character: There is no t in font nullfont!
Missing character: There is no h in font nullfont!
Missing character: There is no i in font nullfont!
Missing character: There is no n in font nullfont!
Missing character: There is no f in font nullfont!
Missing character: There is no u in font nullfont!
Missing character: There is no l in font nullfont!
Missing character: There is no l in font nullfont!
Missing character: There is no m in font nullfont!
Missing character: There is no a in font nullfont!
Missing character: There is no s in font nullfont!
Missing character: There is no s in font nullfont!
Missing character: There is no r in font nullfont!
Missing character: There is no a in font nullfont!
Missing character: There is no n in font nullfont!
Missing character: There is no g in font nullfont!
Missing character: There is no e in font nullfont!
Missing character: There is no a in font nullfont!
Missing character: There is no l in font nullfont!
Missing character: There is no l in font nullfont!
Missing character: There is no o in font nullfont!
Missing character: There is no w in font nullfont!
Missing character: There is no e in font nullfont!
Missing character: There is no d in font nullfont!
Missing character: There is no g in font nullfont!
Missing character: There is no i in font nullfont!
Missing character: There is no v in font nullfont!
Missing character: There is no e in font nullfont!
Missing character: There is no n in font nullfont!
Missing character: There is no u in font nullfont!
Missing character: There is no n in font nullfont!
Missing character: There is no i in font nullfont!
Missing character: There is no t in font nullfont!
Missing character: There is no a in font nullfont!
Missing character: There is no r in font nullfont!
Missing character: There is no y in font nullfont!
Missing character: There is no a in font nullfont!
Missing character: There is no n in font nullfont!
Missing character: There is no d in font nullfont!
Missing character: There is no a in font nullfont!
Missing character: There is no b in font nullfont!
Missing character: There is no o in font nullfont!
Missing character: There is no v in font nullfont!
Missing character: There is no e in font nullfont!
Missing character: There is no t in font nullfont!
Missing character: There is no h in font nullfont!
Missing character: There is no e in font nullfont!
Missing character: There is no L in font nullfont!
Missing character: There is no a in font nullfont!
Missing character: There is no r in font nullfont!
Missing character: There is no g in font nullfont!
Missing character: There is no e in font nullfont!
Missing character: There is no E in font nullfont!
Missing character: There is no l in font nullfont!
Missing character: There is no e in font nullfont!
Missing character: There is no c in font nullfont!
Missing character: There is no t in font nullfont!
Missing character: There is no r in font nullfont!
Missing character: There is no o in font nullfont!
Missing character: There is no n in font nullfont!
Missing character: There is no - in font nullfont!
Missing character: There is no P in font nullfont!
Missing character: There is no o in font nullfont!
Missing character: There is no s in font nullfont!
Missing character: There is no i in font nullfont!
Missing character: There is no t in font nullfont!
Missing character: There is no r in font nullfont!
Missing character: There is no o in font nullfont!
Missing character: There is no n in font nullfont!
Missing character: There is no ( in font nullfont!
Missing character: There is no L in font nullfont!
Missing character: There is no E in font nullfont!
Missing character: There is no P in font nullfont!
Missing character: There is no ) in font nullfont!
Missing character: There is no c in font nullfont!
Missing character: There is no o in font nullfont!
Missing character: There is no n in font nullfont!
Missing character: There is no s in font nullfont!
Missing character: There is no t in font nullfont!
Missing character: There is no r in font nullfont!
Missing character: There is no a in font nullfont!
Missing character: There is no i in font nullfont!
Missing character: There is no n in font nullfont!
Missing character: There is no t in font nullfont!
Missing character: There is no s in font nullfont!
Missing character: There is no , in font nullfont!
Missing character: There is no i in font nullfont!
Missing character: There is no . in font nullfont!
Missing character: There is no e in font nullfont!
Missing character: There is no f in font nullfont!
Missing character: There is no r in font nullfont!
Missing character: There is no o in font nullfont!
Missing character: There is no m in font nullfont!
Missing character: There is no 1 in font nullfont!
Missing character: There is no 1 in font nullfont!
Missing character: There is no 4 in font nullfont!
Missing character: There is no G in font nullfont!
Missing character: There is no e in font nullfont!
Missing character: There is no V in font nullfont!
Missing character: There is no t in font nullfont!
Missing character: There is no o in font nullfont!
Missing character: There is no 1 in font nullfont!
Missing character: There is no T in font nullfont!
Missing character: There is no e in font nullfont!
Missing character: There is no V in font nullfont!
Missing character: There is no . in font nullfont!
Missing character: There is no A in font nullfont!
Missing character: There is no f in font nullfont!
Missing character: There is no t in font nullfont!
Missing character: There is no e in font nullfont!
Missing character: There is no r in font nullfont!
Missing character: There is no a in font nullfont!
Missing character: There is no l in font nullfont!
Missing character: There is no o in font nullfont!
Missing character: There is no n in font nullfont!
Missing character: There is no g in font nullfont!
Missing character: There is no s in font nullfont!
Missing character: There is no e in font nullfont!
Missing character: There is no a in font nullfont!
Missing character: There is no r in font nullfont!
Missing character: There is no c in font nullfont!
Missing character: There is no h in font nullfont!
Missing character: There is no , in font nullfont!
Missing character: There is no t in font nullfont!
Missing character: There is no h in font nullfont!
Missing character: There is no e in font nullfont!
Missing character: There is no C in font nullfont!
Missing character: There is no M in font nullfont!
Missing character: There is no S in font nullfont!
Missing character: There is no a in font nullfont!
Missing character: There is no n in font nullfont!
Missing character: There is no d in font nullfont!
Missing character: There is no t in font nullfont!
Missing character: There is no h in font nullfont!
Missing character: There is no e in font nullfont!
Missing character: There is no A in font nullfont!
Missing character: There is no T in font nullfont!
Missing character: There is no L in font nullfont!
Missing character: There is no A in font nullfont!
Missing character: There is no S in font nullfont!
Missing character: There is no c in font nullfont!
Missing character: There is no o in font nullfont!
Missing character: There is no l in font nullfont!
Missing character: There is no l in font nullfont!
Missing character: There is no a in font nullfont!
Missing character: There is no b in font nullfont!
Missing character: There is no o in font nullfont!
Missing character: There is no r in font nullfont!
Missing character: There is no a in font nullfont!
Missing character: There is no t in font nullfont!
Missing character: There is no i in font nullfont!
Missing character: There is no o in font nullfont!
Missing character: There is no n in font nullfont!
Missing character: There is no s in font nullfont!
Missing character: There is no , in font nullfont!
Missing character: There is no t in font nullfont!
Missing character: There is no h in font nullfont!
Missing character: There is no e in font nullfont!
Missing character: There is no t in font nullfont!
Missing character: There is no w in font nullfont!
Missing character: There is no o in font nullfont!
Missing character: There is no g in font nullfont!
Missing character: There is no e in font nullfont!
Missing character: There is no n in font nullfont!
Missing character: There is no e in font nullfont!
Missing character: There is no r in font nullfont!
Missing character: There is no a in font nullfont!
Missing character: There is no l in font nullfont!
Missing character: There is no p in font nullfont!
Missing character: There is no u in font nullfont!
Missing character: There is no r in font nullfont!
Missing character: There is no p in font nullfont!
Missing character: There is no o in font nullfont!
Missing character: There is no s in font nullfont!
Missing character: There is no e in font nullfont!
Missing character: There is no e in font nullfont!
Missing character: There is no x in font nullfont!
Missing character: There is no p in font nullfont!
Missing character: There is no e in font nullfont!
Missing character: There is no r in font nullfont!
Missing character: There is no i in font nullfont!
Missing character: There is no m in font nullfont!
Missing character: There is no e in font nullfont!
Missing character: There is no n in font nullfont!
Missing character: There is no t in font nullfont!
Missing character: There is no s in font nullfont!
Missing character: There is no a in font nullfont!
Missing character: There is no t in font nullfont!
Missing character: There is no L in font nullfont!
Missing character: There is no H in font nullfont!
Missing character: There is no C in font nullfont!
Missing character: There is no , in font nullfont!
Missing character: There is no a in font nullfont!
Missing character: There is no n in font nullfont!
Missing character: There is no n in font nullfont!
Missing character: There is no o in font nullfont!
Missing character: There is no u in font nullfont!
Missing character: There is no n in font nullfont!
Missing character: There is no c in font nullfont!
Missing character: There is no e in font nullfont!
Missing character: There is no d in font nullfont!
Missing character: There is no t in font nullfont!
Missing character: There is no h in font nullfont!
Missing character: There is no e in font nullfont!
Missing character: There is no e in font nullfont!
Missing character: There is no x in font nullfont!
Missing character: There is no i in font nullfont!
Missing character: There is no s in font nullfont!
Missing character: There is no t in font nullfont!
Missing character: There is no e in font nullfont!
Missing character: There is no n in font nullfont!
Missing character: There is no c in font nullfont!
Missing character: There is no e in font nullfont!
Missing character: There is no o in font nullfont!
Missing character: There is no f in font nullfont!
Missing character: There is no t in font nullfont!
Missing character: There is no h in font nullfont!
Missing character: There is no e in font nullfont!
Missing character: There is no h in font nullfont!
Missing character: There is no e in font nullfont!
Missing character: There is no a in font nullfont!
Missing character: There is no v in font nullfont!
Missing character: There is no y in font nullfont!
Missing character: There is no s in font nullfont!
Missing character: There is no c in font nullfont!
Missing character: There is no a in font nullfont!
Missing character: There is no l in font nullfont!
Missing character: There is no a in font nullfont!
Missing character: There is no r in font nullfont!
Missing character: There is no b in font nullfont!
Missing character: There is no o in font nullfont!
Missing character: There is no s in font nullfont!
Missing character: There is no o in font nullfont!
Missing character: There is no n in font nullfont!
Missing character: There is no o in font nullfont!
Missing character: There is no n in font nullfont!
Missing character: There is no 4 in font nullfont!
Missing character: There is no J in font nullfont!
Missing character: There is no u in font nullfont!
Missing character: There is no l in font nullfont!
Missing character: There is no y in font nullfont!
Missing character: There is no 2 in font nullfont!
Missing character: There is no 0 in font nullfont!
Missing character: There is no 1 in font nullfont!
Missing character: There is no 2 in font nullfont!
Missing character: There is no [ in font nullfont!
\citation{Reference20}
! Undefined control sequence.
<write> ...: Citation `\@citeb ' on page \thepage 
                                                  \space undefined\on@line .
l.16 on 4 July 2012~\cite{Reference20,Reference21}
                                                  . Further tests to  measur...
The control sequence at the end of the top line
of your error message was never \def'ed. If you have
misspelled it (e.g., `\hobx'), type `I' and the correct
spelling (e.g., `I\hbox'). Otherwise just continue,
and I'll forget about whatever was undefined.


LaTeX Warning: Citation `Reference20' on page  undefined on input line 16.

Missing character: There is no , in font nullfont!
\citation{Reference21}
! Undefined control sequence.
<write> ...: Citation `\@citeb ' on page \thepage 
                                                  \space undefined\on@line .
l.16 on 4 July 2012~\cite{Reference20,Reference21}
                                                  . Further tests to  measur...
The control sequence at the end of the top line
of your error message was never \def'ed. If you have
misspelled it (e.g., `\hobx'), type `I' and the correct
spelling (e.g., `I\hbox'). Otherwise just continue,
and I'll forget about whatever was undefined.


LaTeX Warning: Citation `Reference21' on page  undefined on input line 16.

Missing character: There is no ] in font nullfont!
Missing character: There is no . in font nullfont!
Missing character: There is no F in font nullfont!
Missing character: There is no u in font nullfont!
Missing character: There is no r in font nullfont!
Missing character: There is no t in font nullfont!
Missing character: There is no h in font nullfont!
Missing character: There is no e in font nullfont!
Missing character: There is no r in font nullfont!
Missing character: There is no t in font nullfont!
Missing character: There is no e in font nullfont!
Missing character: There is no s in font nullfont!
Missing character: There is no t in font nullfont!
Missing character: There is no s in font nullfont!
Missing character: There is no t in font nullfont!
Missing character: There is no o in font nullfont!
Missing character: There is no m in font nullfont!
Missing character: There is no e in font nullfont!
Missing character: There is no a in font nullfont!
Missing character: There is no s in font nullfont!
Missing character: There is no u in font nullfont!
Missing character: There is no r in font nullfont!
Missing character: There is no e in font nullfont!
Missing character: There is no t in font nullfont!
Missing character: There is no h in font nullfont!
Missing character: There is no e in font nullfont!
Missing character: There is no p in font nullfont!
Missing character: There is no r in font nullfont!
Missing character: There is no o in font nullfont!
Missing character: There is no p in font nullfont!
Missing character: There is no e in font nullfont!
Missing character: There is no r in font nullfont!
Missing character: There is no t in font nullfont!
Missing character: There is no i in font nullfont!
Missing character: There is no e in font nullfont!
Missing character: There is no s in font nullfont!
Missing character: There is no o in font nullfont!
Missing character: There is no f in font nullfont!
Missing character: There is no t in font nullfont!
Missing character: There is no h in font nullfont!
Missing character: There is no i in font nullfont!
Missing character: There is no s in font nullfont!
Missing character: There is no s in font nullfont!
Missing character: There is no c in font nullfont!
Missing character: There is no a in font nullfont!
Missing character: There is no l in font nullfont!
Missing character: There is no a in font nullfont!
Missing character: There is no r in font nullfont!
Missing character: There is no b in font nullfont!
Missing character: There is no o in font nullfont!
Missing character: There is no s in font nullfont!
Missing character: There is no o in font nullfont!
Missing character: There is no n in font nullfont!
Missing character: There is no i in font nullfont!
Missing character: There is no m in font nullfont!
Missing character: There is no m in font nullfont!
Missing character: There is no e in font nullfont!
Missing character: There is no d in font nullfont!
Missing character: There is no i in font nullfont!
Missing character: There is no a in font nullfont!
Missing character: There is no t in font nullfont!
Missing character: There is no e in font nullfont!
Missing character: There is no l in font nullfont!
Missing character: There is no y in font nullfont!
Missing character: There is no s in font nullfont!
Missing character: There is no t in font nullfont!
Missing character: There is no a in font nullfont!
Missing character: There is no r in font nullfont!
Missing character: There is no t in font nullfont!
Missing character: There is no e in font nullfont!
Missing character: There is no d in font nullfont!
Missing character: There is no . in font nullfont!
Missing character: There is no T in font nullfont!
Missing character: There is no h in font nullfont!
Missing character: There is no e in font nullfont!
Missing character: There is no m in font nullfont!
Missing character: There is no a in font nullfont!
Missing character: There is no s in font nullfont!
Missing character: There is no s in font nullfont!
Missing character: There is no o in font nullfont!
Missing character: There is no f in font nullfont!
Missing character: There is no n in font nullfont!
Missing character: There is no e in font nullfont!
Missing character: There is no w in font nullfont!
Missing character: There is no l in font nullfont!
Missing character: There is no y in font nullfont!
Missing character: There is no d in font nullfont!
Missing character: There is no i in font nullfont!
Missing character: There is no s in font nullfont!
Missing character: There is no c in font nullfont!
Missing character: There is no o in font nullfont!
Missing character: There is no v in font nullfont!
Missing character: There is no e in font nullfont!
Missing character: There is no r in font nullfont!
Missing character: There is no e in font nullfont!
Missing character: There is no d in font nullfont!
Missing character: There is no p in font nullfont!
Missing character: There is no a in font nullfont!
Missing character: There is no r in font nullfont!
Missing character: There is no t in font nullfont!
Missing character: There is no i in font nullfont!
Missing character: There is no c in font nullfont!
Missing character: There is no l in font nullfont!
Missing character: There is no e in font nullfont!
Missing character: There is no , in font nullfont!
Missing character: There is no t in font nullfont!
Missing character: There is no h in font nullfont!
Missing character: There is no e in font nullfont!
Missing character: There is no o in font nullfont!
Missing character: There is no n in font nullfont!
Missing character: There is no l in font nullfont!
Missing character: There is no y in font nullfont!
Missing character: There is no f in font nullfont!
Missing character: There is no r in font nullfont!
Missing character: There is no e in font nullfont!
Missing character: There is no e in font nullfont!
Missing character: There is no p in font nullfont!
Missing character: There is no a in font nullfont!
Missing character: There is no r in font nullfont!
Missing character: There is no a in font nullfont!
Missing character: There is no m in font nullfont!
Missing character: There is no e in font nullfont!
Missing character: There is no t in font nullfont!
Missing character: There is no e in font nullfont!
Missing character: There is no r in font nullfont!
Missing character: There is no i in font nullfont!
Missing character: There is no n in font nullfont!
Missing character: There is no H in font nullfont!
Missing character: There is no i in font nullfont!
Missing character: There is no g in font nullfont!
Missing character: There is no g in font nullfont!
Missing character: There is no s in font nullfont!
Missing character: There is no s in font nullfont!
Missing character: There is no e in font nullfont!
Missing character: There is no c in font nullfont!
Missing character: There is no t in font nullfont!
Missing character: There is no o in font nullfont!
Missing character: There is no r in font nullfont!
Missing character: There is no , in font nullfont!
Missing character: There is no i in font nullfont!
Missing character: There is no s in font nullfont!
Missing character: There is no m in font nullfont!
Missing character: There is no e in font nullfont!
Missing character: There is no a in font nullfont!
Missing character: There is no s in font nullfont!
Missing character: There is no u in font nullfont!
Missing character: There is no r in font nullfont!
Missing character: There is no e in font nullfont!
Missing character: There is no d in font nullfont!
Missing character: There is no t in font nullfont!
Missing character: There is no o in font nullfont!
Missing character: There is no b in font nullfont!
Missing character: There is no e in font nullfont!
Missing character: There is no G in font nullfont!
Missing character: There is no e in font nullfont!
Missing character: There is no V in font nullfont!
Missing character: There is no [ in font nullfont!
\citation{Reference22}
! Undefined control sequence.
<write> ...: Citation `\@citeb ' on page \thepage 
                                                  \space undefined\on@line .
l.18 ...at.)\pm0.11(syst.)$~GeV~\cite{Reference22}
                                                  . The spin
The control sequence at the end of the top line
of your error message was never \def'ed. If you have
misspelled it (e.g., `\hobx'), type `I' and the correct
spelling (e.g., `I\hbox'). Otherwise just continue,
and I'll forget about whatever was undefined.


LaTeX Warning: Citation `Reference22' on page  undefined on input line 18.

Missing character: There is no ] in font nullfont!
Missing character: There is no . in font nullfont!
Missing character: There is no T in font nullfont!
Missing character: There is no h in font nullfont!
Missing character: There is no e in font nullfont!
Missing character: There is no s in font nullfont!
Missing character: There is no p in font nullfont!
Missing character: There is no i in font nullfont!
Missing character: There is no n in font nullfont!
Missing character: There is no a in font nullfont!
Missing character: There is no n in font nullfont!
Missing character: There is no d in font nullfont!
Missing character: There is no p in font nullfont!
Missing character: There is no a in font nullfont!
Missing character: There is no r in font nullfont!
Missing character: There is no i in font nullfont!
Missing character: There is no t in font nullfont!
Missing character: There is no y in font nullfont!
Missing character: There is no [ in font nullfont!
\citation{Reference21a}
! Undefined control sequence.
<write> ...: Citation `\@citeb ' on page \thepage 
                                                  \space undefined\on@line .
l.19 and parity~\cite{Reference21a}
                                    and couplings to other particles~\cite{R...
The control sequence at the end of the top line
of your error message was never \def'ed. If you have
misspelled it (e.g., `\hobx'), type `I' and the correct
spelling (e.g., `I\hbox'). Otherwise just continue,
and I'll forget about whatever was undefined.


LaTeX Warning: Citation `Reference21a' on page  undefined on input line 19.

Missing character: There is no ] in font nullfont!
Missing character: There is no a in font nullfont!
Missing character: There is no n in font nullfont!
Missing character: There is no d in font nullfont!
Missing character: There is no c in font nullfont!
Missing character: There is no o in font nullfont!
Missing character: There is no u in font nullfont!
Missing character: There is no p in font nullfont!
Missing character: There is no l in font nullfont!
Missing character: There is no i in font nullfont!
Missing character: There is no n in font nullfont!
Missing character: There is no g in font nullfont!
Missing character: There is no s in font nullfont!
Missing character: There is no t in font nullfont!
Missing character: There is no o in font nullfont!
Missing character: There is no o in font nullfont!
Missing character: There is no t in font nullfont!
Missing character: There is no h in font nullfont!
Missing character: There is no e in font nullfont!
Missing character: There is no r in font nullfont!
Missing character: There is no p in font nullfont!
Missing character: There is no a in font nullfont!
Missing character: There is no r in font nullfont!
Missing character: There is no t in font nullfont!
Missing character: There is no i in font nullfont!
Missing character: There is no c in font nullfont!
Missing character: There is no l in font nullfont!
Missing character: There is no e in font nullfont!
Missing character: There is no s in font nullfont!
Missing character: There is no [ in font nullfont!
\citation{Reference21b}
! Undefined control sequence.
<write> ...: Citation `\@citeb ' on page \thepage 
                                                  \space undefined\on@line .
l.19 ...particles~\cite{Reference21b,Reference21c}
                                                   have also been measured a...
The control sequence at the end of the top line
of your error message was never \def'ed. If you have
misspelled it (e.g., `\hobx'), type `I' and the correct
spelling (e.g., `I\hbox'). Otherwise just continue,
and I'll forget about whatever was undefined.


LaTeX Warning: Citation `Reference21b' on page  undefined on input line 19.

Missing character: There is no , in font nullfont!
\citation{Reference21c}
! Undefined control sequence.
<write> ...: Citation `\@citeb ' on page \thepage 
                                                  \space undefined\on@line .
l.19 ...particles~\cite{Reference21b,Reference21c}
                                                   have also been measured a...
The control sequence at the end of the top line
of your error message was never \def'ed. If you have
misspelled it (e.g., `\hobx'), type `I' and the correct
spelling (e.g., `I\hbox'). Otherwise just continue,
and I'll forget about whatever was undefined.


LaTeX Warning: Citation `Reference21c' on page  undefined on input line 19.

Missing character: There is no ] in font nullfont!
Missing character: There is no h in font nullfont!
Missing character: There is no a in font nullfont!
Missing character: There is no v in font nullfont!
Missing character: There is no e in font nullfont!
Missing character: There is no a in font nullfont!
Missing character: There is no l in font nullfont!
Missing character: There is no s in font nullfont!
Missing character: There is no o in font nullfont!
Missing character: There is no b in font nullfont!
Missing character: There is no e in font nullfont!
Missing character: There is no e in font nullfont!
Missing character: There is no n in font nullfont!
Missing character: There is no m in font nullfont!
Missing character: There is no e in font nullfont!
Missing character: There is no a in font nullfont!
Missing character: There is no s in font nullfont!
Missing character: There is no u in font nullfont!
Missing character: There is no r in font nullfont!
Missing character: There is no e in font nullfont!
Missing character: There is no d in font nullfont!
Missing character: There is no a in font nullfont!
Missing character: There is no n in font nullfont!
Missing character: There is no d in font nullfont!
Missing character: There is no f in font nullfont!
Missing character: There is no o in font nullfont!
Missing character: There is no u in font nullfont!
Missing character: There is no n in font nullfont!
Missing character: There is no d in font nullfont!
Missing character: There is no t in font nullfont!
Missing character: There is no o in font nullfont!
Missing character: There is no b in font nullfont!
Missing character: There is no e in font nullfont!
Missing character: There is no c in font nullfont!
Missing character: There is no o in font nullfont!
Missing character: There is no m in font nullfont!
Missing character: There is no p in font nullfont!
Missing character: There is no a in font nullfont!
Missing character: There is no t in font nullfont!
Missing character: There is no i in font nullfont!
Missing character: There is no b in font nullfont!
Missing character: There is no l in font nullfont!
Missing character: There is no e in font nullfont!
Missing character: There is no w in font nullfont!
Missing character: There is no i in font nullfont!
Missing character: There is no t in font nullfont!
Missing character: There is no h in font nullfont!
Missing character: There is no S in font nullfont!
Missing character: There is no M in font nullfont!
Missing character: There is no p in font nullfont!
Missing character: There is no r in font nullfont!
Missing character: There is no e in font nullfont!
Missing character: There is no d in font nullfont!
Missing character: There is no i in font nullfont!
Missing character: There is no c in font nullfont!
Missing character: There is no t in font nullfont!
Missing character: There is no i in font nullfont!
Missing character: There is no o in font nullfont!
Missing character: There is no n in font nullfont!
Missing character: There is no s in font nullfont!
Missing character: There is no . in font nullfont!
Missing character: There is no T in font nullfont!
Missing character: There is no h in font nullfont!
Missing character: There is no e in font nullfont!
Missing character: There is no r in font nullfont!
Missing character: There is no e in font nullfont!
Missing character: There is no f in font nullfont!
Missing character: There is no o in font nullfont!
Missing character: There is no r in font nullfont!
Missing character: There is no e in font nullfont!
Missing character: There is no , in font nullfont!
Missing character: There is no t in font nullfont!
Missing character: There is no h in font nullfont!
Missing character: There is no e in font nullfont!
Missing character: There is no n in font nullfont!
Missing character: There is no e in font nullfont!
Missing character: There is no w in font nullfont!
Missing character: There is no p in font nullfont!
Missing character: There is no a in font nullfont!
Missing character: There is no r in font nullfont!
Missing character: There is no t in font nullfont!
Missing character: There is no i in font nullfont!
Missing character: There is no c in font nullfont!
Missing character: There is no l in font nullfont!
Missing character: There is no e in font nullfont!
Missing character: There is no v in font nullfont!
Missing character: There is no e in font nullfont!
Missing character: There is no r in font nullfont!
Missing character: There is no y in font nullfont!
Missing character: There is no p in font nullfont!
Missing character: There is no r in font nullfont!
Missing character: There is no o in font nullfont!
Missing character: There is no b in font nullfont!
Missing character: There is no a in font nullfont!
Missing character: There is no b in font nullfont!
Missing character: There is no l in font nullfont!
Missing character: There is no e in font nullfont!
Missing character: There is no a in font nullfont!
Missing character: There is no p in font nullfont!
Missing character: There is no p in font nullfont!
Missing character: There is no e in font nullfont!
Missing character: There is no a in font nullfont!
Missing character: There is no r in font nullfont!
Missing character: There is no a in font nullfont!
Missing character: There is no p in font nullfont!
Missing character: There is no p in font nullfont!
Missing character: There is no e in font nullfont!
Missing character: There is no a in font nullfont!
Missing character: There is no r in font nullfont!
Missing character: There is no s in font nullfont!
Missing character: There is no a in font nullfont!
Missing character: There is no s in font nullfont!
Missing character: There is no t in font nullfont!
Missing character: There is no h in font nullfont!
Missing character: There is no e in font nullfont!
Missing character: There is no S in font nullfont!
Missing character: There is no M in font nullfont!
Missing character: There is no H in font nullfont!
Missing character: There is no i in font nullfont!
Missing character: There is no g in font nullfont!
Missing character: There is no g in font nullfont!
Missing character: There is no s in font nullfont!
Missing character: There is no b in font nullfont!
Missing character: There is no o in font nullfont!
Missing character: There is no s in font nullfont!
Missing character: There is no o in font nullfont!
Missing character: There is no n in font nullfont!
Missing character: There is no , in font nullfont!
Missing character: There is no a in font nullfont!
Missing character: There is no f in font nullfont!
Missing character: There is no f in font nullfont!
Missing character: There is no i in font nullfont!
Missing character: There is no l in font nullfont!
Missing character: There is no i in font nullfont!
Missing character: There is no a in font nullfont!
Missing character: There is no t in font nullfont!
Missing character: There is no e in font nullfont!
Missing character: There is no d in font nullfont!
Missing character: There is no w in font nullfont!
Missing character: There is no i in font nullfont!
Missing character: There is no t in font nullfont!
Missing character: There is no h in font nullfont!
Missing character: There is no E in font nullfont!
Missing character: There is no W in font nullfont!
Missing character: There is no K in font nullfont!
Missing character: There is no s in font nullfont!
Missing character: There is no p in font nullfont!
Missing character: There is no o in font nullfont!
Missing character: There is no n in font nullfont!
Missing character: There is no t in font nullfont!
Missing character: There is no a in font nullfont!
Missing character: There is no n in font nullfont!
Missing character: There is no e in font nullfont!
Missing character: There is no o in font nullfont!
Missing character: There is no u in font nullfont!
Missing character: There is no s in font nullfont!
Missing character: There is no s in font nullfont!
Missing character: There is no y in font nullfont!
Missing character: There is no m in font nullfont!
Missing character: There is no m in font nullfont!
Missing character: There is no e in font nullfont!
Missing character: There is no t in font nullfont!
Missing character: There is no r in font nullfont!
Missing character: There is no y in font nullfont!
Missing character: There is no b in font nullfont!
Missing character: There is no r in font nullfont!
Missing character: There is no e in font nullfont!
Missing character: There is no a in font nullfont!
Missing character: There is no k in font nullfont!
Missing character: There is no i in font nullfont!
Missing character: There is no n in font nullfont!
Missing character: There is no g in font nullfont!
Missing character: There is no . in font nullfont!
Missing character: There is no S in font nullfont!
Missing character: There is no M in font nullfont!
Missing character: There is no h in font nullfont!
Missing character: There is no a in font nullfont!
Missing character: There is no s in font nullfont!
Missing character: There is no p in font nullfont!
Missing character: There is no a in font nullfont!
Missing character: There is no s in font nullfont!
Missing character: There is no s in font nullfont!
Missing character: There is no e in font nullfont!
Missing character: There is no d in font nullfont!
Missing character: There is no e in font nullfont!
Missing character: There is no n in font nullfont!
Missing character: There is no o in font nullfont!
Missing character: There is no r in font nullfont!
Missing character: There is no m in font nullfont!
Missing character: There is no o in font nullfont!
Missing character: There is no u in font nullfont!
Missing character: There is no s in font nullfont!
Missing character: There is no e in font nullfont!
Missing character: There is no x in font nullfont!
Missing character: There is no p in font nullfont!
Missing character: There is no e in font nullfont!
Missing character: There is no r in font nullfont!
Missing character: There is no i in font nullfont!
Missing character: There is no m in font nullfont!
Missing character: There is no e in font nullfont!
Missing character: There is no n in font nullfont!
Missing character: There is no t in font nullfont!
Missing character: There is no a in font nullfont!
Missing character: There is no l in font nullfont!
Missing character: There is no t in font nullfont!
Missing character: There is no e in font nullfont!
Missing character: There is no s in font nullfont!
Missing character: There is no t in font nullfont!
Missing character: There is no s in font nullfont!
Missing character: There is no i in font nullfont!
Missing character: There is no n in font nullfont!
Missing character: There is no l in font nullfont!
Missing character: There is no a in font nullfont!
Missing character: There is no s in font nullfont!
Missing character: There is no t in font nullfont!
Missing character: There is no 5 in font nullfont!
Missing character: There is no 0 in font nullfont!
Missing character: There is no y in font nullfont!
Missing character: There is no e in font nullfont!
Missing character: There is no a in font nullfont!
Missing character: There is no r in font nullfont!
Missing character: There is no s in font nullfont!
Missing character: There is no a in font nullfont!
Missing character: There is no n in font nullfont!
Missing character: There is no d in font nullfont!
Missing character: There is no n in font nullfont!
Missing character: There is no o in font nullfont!
Missing character: There is no s in font nullfont!
Missing character: There is no i in font nullfont!
Missing character: There is no g in font nullfont!
Missing character: There is no n in font nullfont!
Missing character: There is no i in font nullfont!
Missing character: There is no f in font nullfont!
Missing character: There is no i in font nullfont!
Missing character: There is no c in font nullfont!
Missing character: There is no a in font nullfont!
Missing character: There is no n in font nullfont!
Missing character: There is no t in font nullfont!
Missing character: There is no d in font nullfont!
Missing character: There is no e in font nullfont!
Missing character: There is no v in font nullfont!
Missing character: There is no i in font nullfont!
Missing character: There is no a in font nullfont!
Missing character: There is no t in font nullfont!
Missing character: There is no i in font nullfont!
Missing character: There is no o in font nullfont!
Missing character: There is no n in font nullfont!
Missing character: There is no h in font nullfont!
Missing character: There is no a in font nullfont!
Missing character: There is no s in font nullfont!
Missing character: There is no b in font nullfont!
Missing character: There is no e in font nullfont!
Missing character: There is no e in font nullfont!
Missing character: There is no n in font nullfont!
Missing character: There is no s in font nullfont!
Missing character: There is no e in font nullfont!
Missing character: There is no e in font nullfont!
Missing character: There is no n in font nullfont!
Missing character: There is no y in font nullfont!
Missing character: There is no e in font nullfont!
Missing character: There is no t in font nullfont!
Missing character: There is no . in font nullfont!
Missing character: There is no T in font nullfont!
Missing character: There is no h in font nullfont!
Missing character: There is no e in font nullfont!
Missing character: There is no b in font nullfont!
Missing character: There is no i in font nullfont!
Missing character: There is no g in font nullfont!
Missing character: There is no g in font nullfont!
Missing character: There is no e in font nullfont!
Missing character: There is no s in font nullfont!
Missing character: There is no t in font nullfont!
Missing character: There is no a in font nullfont!
Missing character: There is no c in font nullfont!
Missing character: There is no h in font nullfont!
Missing character: There is no i in font nullfont!
Missing character: There is no e in font nullfont!
Missing character: There is no v in font nullfont!
Missing character: There is no e in font nullfont!
Missing character: There is no m in font nullfont!
Missing character: There is no e in font nullfont!
Missing character: There is no n in font nullfont!
Missing character: There is no t in font nullfont!
Missing character: There is no o in font nullfont!
Missing character: There is no f in font nullfont!
Missing character: There is no t in font nullfont!
Missing character: There is no h in font nullfont!
Missing character: There is no e in font nullfont!
Missing character: There is no S in font nullfont!
Missing character: There is no M in font nullfont!
Missing character: There is no i in font nullfont!
Missing character: There is no s in font nullfont!
Missing character: There is no t in font nullfont!
Missing character: There is no h in font nullfont!
Missing character: There is no e in font nullfont!
Missing character: There is no e in font nullfont!
Missing character: There is no x in font nullfont!
Missing character: There is no p in font nullfont!
Missing character: There is no e in font nullfont!
Missing character: There is no r in font nullfont!
Missing character: There is no i in font nullfont!
Missing character: There is no m in font nullfont!
Missing character: There is no e in font nullfont!
Missing character: There is no n in font nullfont!
Missing character: There is no t in font nullfont!
Missing character: There is no a in font nullfont!
Missing character: There is no l in font nullfont!
Missing character: There is no e in font nullfont!
Missing character: There is no v in font nullfont!
Missing character: There is no i in font nullfont!
Missing character: There is no d in font nullfont!
Missing character: There is no e in font nullfont!
Missing character: There is no n in font nullfont!
Missing character: There is no c in font nullfont!
Missing character: There is no e in font nullfont!
Missing character: There is no o in font nullfont!
Missing character: There is no f in font nullfont!
Missing character: There is no t in font nullfont!
Missing character: There is no h in font nullfont!
Missing character: There is no e in font nullfont!
Missing character: There is no H in font nullfont!
Missing character: There is no i in font nullfont!
Missing character: There is no g in font nullfont!
Missing character: There is no g in font nullfont!
Missing character: There is no s in font nullfont!
Missing character: There is no b in font nullfont!
Missing character: There is no o in font nullfont!
Missing character: There is no s in font nullfont!
Missing character: There is no o in font nullfont!
Missing character: There is no n in font nullfont!
Missing character: There is no . in font nullfont!
Missing character: There is no O in font nullfont!
Missing character: There is no t in font nullfont!
Missing character: There is no h in font nullfont!
Missing character: There is no e in font nullfont!
Missing character: There is no r in font nullfont!
Missing character: There is no s in font nullfont!
Missing character: There is no u in font nullfont!
Missing character: There is no c in font nullfont!
Missing character: There is no c in font nullfont!
Missing character: There is no e in font nullfont!
Missing character: There is no s in font nullfont!
Missing character: There is no s in font nullfont!
Missing character: There is no i in font nullfont!
Missing character: There is no n in font nullfont!
Missing character: There is no c in font nullfont!
Missing character: There is no l in font nullfont!
Missing character: There is no u in font nullfont!
Missing character: There is no d in font nullfont!
Missing character: There is no e in font nullfont!
Missing character: There is no s in font nullfont!
Missing character: There is no t in font nullfont!
Missing character: There is no h in font nullfont!
Missing character: There is no e in font nullfont!
Missing character: There is no p in font nullfont!
Missing character: There is no r in font nullfont!
Missing character: There is no e in font nullfont!
Missing character: There is no d in font nullfont!
Missing character: There is no i in font nullfont!
Missing character: There is no c in font nullfont!
Missing character: There is no t in font nullfont!
Missing character: There is no i in font nullfont!
Missing character: There is no o in font nullfont!
Missing character: There is no n in font nullfont!
Missing character: There is no s in font nullfont!
Missing character: There is no o in font nullfont!
Missing character: There is no f in font nullfont!
Missing character: There is no t in font nullfont!
Missing character: There is no h in font nullfont!
Missing character: There is no e in font nullfont!
! Undefined control sequence.
<recently read> \W 
                   
l.22 ...uccess includes the predictions of the $\W
                                                  $ and $\Z$ boson, the gluo...
The control sequence at the end of the top line
of your error message was never \def'ed. If you have
misspelled it (e.g., `\hobx'), type `I' and the correct
spelling (e.g., `I\hbox'). Otherwise just continue,
and I'll forget about whatever was undefined.

Missing character: There is no a in font nullfont!
Missing character: There is no n in font nullfont!
Missing character: There is no d in font nullfont!
! Undefined control sequence.
<recently read> \Z 
                   
l.22 ...cludes the predictions of the $\W$ and $\Z
                                                  $ boson, the gluon, top an...
The control sequence at the end of the top line
of your error message was never \def'ed. If you have
misspelled it (e.g., `\hobx'), type `I' and the correct
spelling (e.g., `I\hbox'). Otherwise just continue,
and I'll forget about whatever was undefined.

Missing character: There is no b in font nullfont!
Missing character: There is no o in font nullfont!
Missing character: There is no s in font nullfont!
Missing character: There is no o in font nullfont!
Missing character: There is no n in font nullfont!
Missing character: There is no , in font nullfont!
Missing character: There is no t in font nullfont!
Missing character: There is no h in font nullfont!
Missing character: There is no e in font nullfont!
Missing character: There is no g in font nullfont!
Missing character: There is no l in font nullfont!
Missing character: There is no u in font nullfont!
Missing character: There is no o in font nullfont!
Missing character: There is no n in font nullfont!
Missing character: There is no , in font nullfont!
Missing character: There is no t in font nullfont!
Missing character: There is no o in font nullfont!
Missing character: There is no p in font nullfont!
Missing character: There is no a in font nullfont!
Missing character: There is no n in font nullfont!
Missing character: There is no d in font nullfont!
Missing character: There is no c in font nullfont!
Missing character: There is no h in font nullfont!
Missing character: There is no a in font nullfont!
Missing character: There is no r in font nullfont!
Missing character: There is no m in font nullfont!
Missing character: There is no q in font nullfont!
Missing character: There is no u in font nullfont!
Missing character: There is no a in font nullfont!
Missing character: There is no r in font nullfont!
Missing character: There is no k in font nullfont!
Missing character: There is no b in font nullfont!
Missing character: There is no e in font nullfont!
Missing character: There is no f in font nullfont!
Missing character: There is no o in font nullfont!
Missing character: There is no r in font nullfont!
Missing character: There is no e in font nullfont!
Missing character: There is no t in font nullfont!
Missing character: There is no h in font nullfont!
Missing character: There is no e in font nullfont!
Missing character: There is no y in font nullfont!
Missing character: There is no h in font nullfont!
Missing character: There is no a in font nullfont!
Missing character: There is no v in font nullfont!
Missing character: There is no e in font nullfont!
Missing character: There is no b in font nullfont!
Missing character: There is no e in font nullfont!
Missing character: There is no e in font nullfont!
Missing character: There is no n in font nullfont!
Missing character: There is no v in font nullfont!
Missing character: There is no e in font nullfont!
Missing character: There is no r in font nullfont!
Missing character: There is no i in font nullfont!
Missing character: There is no f in font nullfont!
Missing character: There is no i in font nullfont!
Missing character: There is no e in font nullfont!
Missing character: There is no d in font nullfont!
Missing character: There is no e in font nullfont!
Missing character: There is no x in font nullfont!
Missing character: There is no p in font nullfont!
Missing character: There is no e in font nullfont!
Missing character: There is no r in font nullfont!
Missing character: There is no i in font nullfont!
Missing character: There is no m in font nullfont!
Missing character: There is no e in font nullfont!
Missing character: There is no n in font nullfont!
Missing character: There is no t in font nullfont!
Missing character: There is no a in font nullfont!
Missing character: There is no l in font nullfont!
Missing character: There is no l in font nullfont!
Missing character: There is no y in font nullfont!
Missing character: There is no . in font nullfont!
Missing character: There is no T in font nullfont!
Missing character: There is no h in font nullfont!
Missing character: There is no e in font nullfont!
Missing character: There is no r in font nullfont!
Missing character: There is no a in font nullfont!
Missing character: There is no t in font nullfont!
Missing character: There is no i in font nullfont!
Missing character: There is no o in font nullfont!
Missing character: There is no o in font nullfont!
Missing character: There is no f in font nullfont!
Missing character: There is no t in font nullfont!
Missing character: There is no h in font nullfont!
Missing character: There is no e in font nullfont!
Missing character: There is no m in font nullfont!
Missing character: There is no a in font nullfont!
Missing character: There is no s in font nullfont!
Missing character: There is no s in font nullfont!
Missing character: There is no e in font nullfont!
Missing character: There is no s in font nullfont!
Missing character: There is no o in font nullfont!
Missing character: There is no f in font nullfont!
! Undefined control sequence.
<recently read> \W 
                   
l.23 ...rimentally. The ratio of the masses of $\W
                                                  $ and $\Z$ bosons was also...
The control sequence at the end of the top line
of your error message was never \def'ed. If you have
misspelled it (e.g., `\hobx'), type `I' and the correct
spelling (e.g., `I\hbox'). Otherwise just continue,
and I'll forget about whatever was undefined.

Missing character: There is no a in font nullfont!
Missing character: There is no n in font nullfont!
Missing character: There is no d in font nullfont!
! Undefined control sequence.
<recently read> \Z 
                   
l.23 ...y. The ratio of the masses of $\W$ and $\Z
                                                  $ bosons was also found to...
The control sequence at the end of the top line
of your error message was never \def'ed. If you have
misspelled it (e.g., `\hobx'), type `I' and the correct
spelling (e.g., `I\hbox'). Otherwise just continue,
and I'll forget about whatever was undefined.

Missing character: There is no b in font nullfont!
Missing character: There is no o in font nullfont!
Missing character: There is no s in font nullfont!
Missing character: There is no o in font nullfont!
Missing character: There is no n in font nullfont!
Missing character: There is no s in font nullfont!
Missing character: There is no w in font nullfont!
Missing character: There is no a in font nullfont!
Missing character: There is no s in font nullfont!
Missing character: There is no a in font nullfont!
Missing character: There is no l in font nullfont!
Missing character: There is no s in font nullfont!
Missing character: There is no o in font nullfont!
Missing character: There is no f in font nullfont!
Missing character: There is no o in font nullfont!
Missing character: There is no u in font nullfont!
Missing character: There is no n in font nullfont!
Missing character: There is no d in font nullfont!
Missing character: There is no t in font nullfont!
Missing character: There is no o in font nullfont!
Missing character: There is no b in font nullfont!
Missing character: There is no e in font nullfont!
Missing character: There is no c in font nullfont!
Missing character: There is no o in font nullfont!
Missing character: There is no n in font nullfont!
Missing character: There is no s in font nullfont!
Missing character: There is no i in font nullfont!
Missing character: There is no s in font nullfont!
Missing character: There is no t in font nullfont!
Missing character: There is no e in font nullfont!
Missing character: There is no n in font nullfont!
Missing character: There is no t in font nullfont!
Missing character: There is no w in font nullfont!
Missing character: There is no i in font nullfont!
Missing character: There is no t in font nullfont!
Missing character: There is no h in font nullfont!
Missing character: There is no S in font nullfont!
Missing character: There is no M in font nullfont!
Missing character: There is no p in font nullfont!
Missing character: There is no r in font nullfont!
Missing character: There is no e in font nullfont!
Missing character: There is no d in font nullfont!
Missing character: There is no i in font nullfont!
Missing character: There is no c in font nullfont!
Missing character: There is no t in font nullfont!
Missing character: There is no i in font nullfont!
Missing character: There is no o in font nullfont!
Missing character: There is no n in font nullfont!
Missing character: There is no s in font nullfont!
Missing character: There is no . in font nullfont!

Overfull \hbox (20.0pt too wide) in paragraph at lines 1--24
[]
 []


Overfull \hbox (5.43053pt too wide) in paragraph at lines 1--24
[]
 []


Overfull \hbox (5.43053pt too wide) in paragraph at lines 1--24
[]
 []


Overfull \hbox (5.43053pt too wide) in paragraph at lines 1--24
[]
 []


Overfull \hbox (5.43053pt too wide) in paragraph at lines 1--24
[]
 []


Overfull \hbox (5.43053pt too wide) in paragraph at lines 1--24
[]
 []


Overfull \hbox (5.43053pt too wide) in paragraph at lines 1--24
[]
 []


Overfull \hbox (5.43053pt too wide) in paragraph at lines 1--24
[]
 []


Overfull \hbox (5.43053pt too wide) in paragraph at lines 1--24
[]
 []


Overfull \hbox (26.92038pt too wide) in paragraph at lines 1--24
\OML/cmm/m/it/10 m[] \OT1/cmr/m/n/10 =
 []


Overfull \hbox (35.55566pt too wide) in paragraph at lines 1--24
\OT1/cmr/m/n/10 125\OML/cmm/m/it/10 :\OT1/cmr/m/n/10 09 \OMS/cmsy/m/n/10 ^^F
 []


Overfull \hbox (53.30684pt too wide) in paragraph at lines 1--24
\OT1/cmr/m/n/10 0\OML/cmm/m/it/10 :\OT1/cmr/m/n/10 21(\OML/cmm/m/it/10 stat:\OT
1/cmr/m/n/10 ) \OMS/cmsy/m/n/10 ^^F
 []


Overfull \hbox (52.01166pt too wide) in paragraph at lines 1--24
\OT1/cmr/m/n/10 0\OML/cmm/m/it/10 :\OT1/cmr/m/n/10 11(\OML/cmm/m/it/10 syst:\OT
1/cmr/m/n/10 )$  []
 []


Overfull \hbox (5.43053pt too wide) in paragraph at lines 1--24
[]
 []


Overfull \hbox (5.43053pt too wide) in paragraph at lines 1--24
[]
 []


Overfull \hbox (5.43053pt too wide) in paragraph at lines 1--24
[]
 []


! LaTeX Error: Missing \begin{document}.

See the LaTeX manual or LaTeX Companion for explanation.
Type  H <return>  for immediate help.
 ...                                              
                                                  
l.25 A
      lthough SM has passed numerous experimental tests with great precision...

You're in trouble here.  Try typing  <return>  to proceed.
If that doesn't work, type  X <return>  to quit.

Missing character: There is no A in font nullfont!
Missing character: There is no l in font nullfont!
Missing character: There is no t in font nullfont!
Missing character: There is no h in font nullfont!
Missing character: There is no o in font nullfont!
Missing character: There is no u in font nullfont!
Missing character: There is no g in font nullfont!
Missing character: There is no h in font nullfont!
Missing character: There is no S in font nullfont!
Missing character: There is no M in font nullfont!
Missing character: There is no h in font nullfont!
Missing character: There is no a in font nullfont!
Missing character: There is no s in font nullfont!
Missing character: There is no p in font nullfont!
Missing character: There is no a in font nullfont!
Missing character: There is no s in font nullfont!
Missing character: There is no s in font nullfont!
Missing character: There is no e in font nullfont!
Missing character: There is no d in font nullfont!
Missing character: There is no n in font nullfont!
Missing character: There is no u in font nullfont!
Missing character: There is no m in font nullfont!
Missing character: There is no e in font nullfont!
Missing character: There is no r in font nullfont!
Missing character: There is no o in font nullfont!
Missing character: There is no u in font nullfont!
Missing character: There is no s in font nullfont!
Missing character: There is no e in font nullfont!
Missing character: There is no x in font nullfont!
Missing character: There is no p in font nullfont!
Missing character: There is no e in font nullfont!
Missing character: There is no r in font nullfont!
Missing character: There is no i in font nullfont!
Missing character: There is no m in font nullfont!
Missing character: There is no e in font nullfont!
Missing character: There is no n in font nullfont!
Missing character: There is no t in font nullfont!
Missing character: There is no a in font nullfont!
Missing character: There is no l in font nullfont!
Missing character: There is no t in font nullfont!
Missing character: There is no e in font nullfont!
Missing character: There is no s in font nullfont!
Missing character: There is no t in font nullfont!
Missing character: There is no s in font nullfont!
Missing character: There is no w in font nullfont!
Missing character: There is no i in font nullfont!
Missing character: There is no t in font nullfont!
Missing character: There is no h in font nullfont!
Missing character: There is no g in font nullfont!
Missing character: There is no r in font nullfont!
Missing character: There is no e in font nullfont!
Missing character: There is no a in font nullfont!
Missing character: There is no t in font nullfont!
Missing character: There is no p in font nullfont!
Missing character: There is no r in font nullfont!
Missing character: There is no e in font nullfont!
Missing character: There is no c in font nullfont!
Missing character: There is no i in font nullfont!
Missing character: There is no s in font nullfont!
Missing character: There is no i in font nullfont!
Missing character: There is no o in font nullfont!
Missing character: There is no n in font nullfont!
Missing character: There is no , in font nullfont!
Missing character: There is no i in font nullfont!
Missing character: There is no t in font nullfont!
Missing character: There is no i in font nullfont!
Missing character: There is no s in font nullfont!
Missing character: There is no n in font nullfont!
Missing character: There is no o in font nullfont!
Missing character: There is no t in font nullfont!
Missing character: There is no c in font nullfont!
Missing character: There is no o in font nullfont!
Missing character: There is no n in font nullfont!
Missing character: There is no s in font nullfont!
Missing character: There is no i in font nullfont!
Missing character: There is no d in font nullfont!
Missing character: There is no e in font nullfont!
Missing character: There is no r in font nullfont!
Missing character: There is no e in font nullfont!
Missing character: There is no d in font nullfont!
Missing character: There is no t in font nullfont!
Missing character: There is no o in font nullfont!
Missing character: There is no b in font nullfont!
Missing character: There is no e in font nullfont!
Missing character: There is no t in font nullfont!
Missing character: There is no h in font nullfont!
Missing character: There is no e in font nullfont!
Missing character: There is no o in font nullfont!
Missing character: There is no r in font nullfont!
Missing character: There is no y in font nullfont!
Missing character: There is no o in font nullfont!
Missing character: There is no f in font nullfont!
Missing character: There is no e in font nullfont!
Missing character: There is no v in font nullfont!
Missing character: There is no e in font nullfont!
Missing character: There is no r in font nullfont!
Missing character: There is no y in font nullfont!
Missing character: There is no t in font nullfont!
Missing character: There is no h in font nullfont!
Missing character: There is no i in font nullfont!
Missing character: There is no n in font nullfont!
Missing character: There is no g in font nullfont!
Missing character: There is no . in font nullfont!
Missing character: There is no T in font nullfont!
Missing character: There is no h in font nullfont!
Missing character: There is no e in font nullfont!
Missing character: There is no r in font nullfont!
Missing character: There is no e in font nullfont!
Missing character: There is no a in font nullfont!
Missing character: There is no r in font nullfont!
Missing character: There is no e in font nullfont!
Missing character: There is no m in font nullfont!
Missing character: There is no a in font nullfont!
Missing character: There is no n in font nullfont!
Missing character: There is no y in font nullfont!
Missing character: There is no p in font nullfont!
Missing character: There is no h in font nullfont!
Missing character: There is no e in font nullfont!
Missing character: There is no n in font nullfont!
Missing character: There is no o in font nullfont!
Missing character: There is no m in font nullfont!
Missing character: There is no e in font nullfont!
Missing character: There is no n in font nullfont!
Missing character: There is no o in font nullfont!
Missing character: There is no n in font nullfont!
Missing character: There is no s in font nullfont!
Missing character: There is no w in font nullfont!
Missing character: There is no h in font nullfont!
Missing character: There is no i in font nullfont!
Missing character: There is no c in font nullfont!
Missing character: There is no h in font nullfont!
Missing character: There is no a in font nullfont!
Missing character: There is no r in font nullfont!
Missing character: There is no e in font nullfont!
Missing character: There is no n in font nullfont!
Missing character: There is no o in font nullfont!
Missing character: There is no t in font nullfont!
Missing character: There is no e in font nullfont!
Missing character: There is no x in font nullfont!
Missing character: There is no p in font nullfont!
Missing character: There is no l in font nullfont!
Missing character: There is no a in font nullfont!
Missing character: There is no i in font nullfont!
Missing character: There is no n in font nullfont!
Missing character: There is no e in font nullfont!
Missing character: There is no d in font nullfont!
Missing character: There is no b in font nullfont!
Missing character: There is no y in font nullfont!
Missing character: There is no S in font nullfont!
Missing character: There is no M in font nullfont!
Missing character: There is no i in font nullfont!
Missing character: There is no . in font nullfont!
Missing character: There is no e in font nullfont!
Missing character: There is no H in font nullfont!
Missing character: There is no i in font nullfont!
Missing character: There is no e in font nullfont!
Missing character: There is no r in font nullfont!
Missing character: There is no a in font nullfont!
Missing character: There is no r in font nullfont!
Missing character: There is no c in font nullfont!
Missing character: There is no h in font nullfont!
Missing character: There is no y in font nullfont!
Missing character: There is no p in font nullfont!
Missing character: There is no r in font nullfont!
Missing character: There is no o in font nullfont!
Missing character: There is no b in font nullfont!
Missing character: There is no l in font nullfont!
Missing character: There is no e in font nullfont!
Missing character: There is no m in font nullfont!
Missing character: There is no , in font nullfont!
Missing character: There is no e in font nullfont!
Missing character: There is no x in font nullfont!
Missing character: There is no i in font nullfont!
Missing character: There is no s in font nullfont!
Missing character: There is no t in font nullfont!
Missing character: There is no e in font nullfont!
Missing character: There is no n in font nullfont!
Missing character: There is no c in font nullfont!
Missing character: There is no e in font nullfont!
Missing character: There is no o in font nullfont!
Missing character: There is no f in font nullfont!
Missing character: There is no d in font nullfont!
Missing character: There is no a in font nullfont!
Missing character: There is no r in font nullfont!
Missing character: There is no k in font nullfont!
Missing character: There is no m in font nullfont!
Missing character: There is no a in font nullfont!
Missing character: There is no t in font nullfont!
Missing character: There is no t in font nullfont!
Missing character: There is no e in font nullfont!
Missing character: There is no r in font nullfont!
Missing character: There is no a in font nullfont!
Missing character: There is no n in font nullfont!
Missing character: There is no d in font nullfont!
Missing character: There is no d in font nullfont!
Missing character: There is no a in font nullfont!
Missing character: There is no r in font nullfont!
Missing character: There is no k in font nullfont!
Missing character: There is no e in font nullfont!
Missing character: There is no n in font nullfont!
Missing character: There is no e in font nullfont!
Missing character: There is no r in font nullfont!
Missing character: There is no g in font nullfont!
Missing character: There is no y in font nullfont!
Missing character: There is no , in font nullfont!
Missing character: There is no n in font nullfont!
Missing character: There is no e in font nullfont!
Missing character: There is no u in font nullfont!
Missing character: There is no t in font nullfont!
Missing character: There is no r in font nullfont!
Missing character: There is no i in font nullfont!
Missing character: There is no n in font nullfont!
Missing character: There is no o in font nullfont!
Missing character: There is no s in font nullfont!
Missing character: There is no m in font nullfont!
Missing character: There is no a in font nullfont!
Missing character: There is no s in font nullfont!
Missing character: There is no s in font nullfont!
Missing character: There is no e in font nullfont!
Missing character: There is no s in font nullfont!
Missing character: There is no e in font nullfont!
Missing character: There is no t in font nullfont!
Missing character: There is no c in font nullfont!
Missing character: There is no . in font nullfont!
Missing character: There is no T in font nullfont!
Missing character: There is no h in font nullfont!
Missing character: There is no e in font nullfont!
Missing character: There is no r in font nullfont!
Missing character: There is no e in font nullfont!
Missing character: There is no a in font nullfont!
Missing character: There is no r in font nullfont!
Missing character: There is no e in font nullfont!
Missing character: There is no s in font nullfont!
Missing character: There is no e in font nullfont!
Missing character: There is no v in font nullfont!
Missing character: There is no e in font nullfont!
Missing character: There is no r in font nullfont!
Missing character: There is no a in font nullfont!
Missing character: There is no l in font nullfont!
Missing character: There is no t in font nullfont!
Missing character: There is no h in font nullfont!
Missing character: There is no e in font nullfont!
Missing character: There is no o in font nullfont!
Missing character: There is no r in font nullfont!
Missing character: There is no e in font nullfont!
Missing character: There is no t in font nullfont!
Missing character: There is no i in font nullfont!
Missing character: There is no c in font nullfont!
Missing character: There is no a in font nullfont!
Missing character: There is no l in font nullfont!
Missing character: There is no e in font nullfont!
Missing character: There is no x in font nullfont!
Missing character: There is no t in font nullfont!
Missing character: There is no e in font nullfont!
Missing character: There is no n in font nullfont!
Missing character: There is no s in font nullfont!
Missing character: There is no i in font nullfont!
Missing character: There is no o in font nullfont!
Missing character: There is no n in font nullfont!
Missing character: There is no p in font nullfont!
Missing character: There is no o in font nullfont!
Missing character: There is no s in font nullfont!
Missing character: There is no e in font nullfont!
Missing character: There is no d in font nullfont!
Missing character: There is no i in font nullfont!
Missing character: There is no n in font nullfont!
Missing character: There is no S in font nullfont!
Missing character: There is no M in font nullfont!
Missing character: There is no s in font nullfont!
Missing character: There is no u in font nullfont!
Missing character: There is no c in font nullfont!
Missing character: There is no h in font nullfont!
Missing character: There is no a in font nullfont!
Missing character: There is no s in font nullfont!
Missing character: There is no M in font nullfont!
Missing character: There is no i in font nullfont!
Missing character: There is no n in font nullfont!
Missing character: There is no i in font nullfont!
Missing character: There is no m in font nullfont!
Missing character: There is no a in font nullfont!
Missing character: There is no l in font nullfont!
Missing character: There is no S in font nullfont!
Missing character: There is no u in font nullfont!
Missing character: There is no p in font nullfont!
Missing character: There is no e in font nullfont!
Missing character: There is no r in font nullfont!
Missing character: There is no S in font nullfont!
Missing character: There is no y in font nullfont!
Missing character: There is no m in font nullfont!
Missing character: There is no m in font nullfont!
Missing character: There is no e in font nullfont!
Missing character: There is no t in font nullfont!
Missing character: There is no r in font nullfont!
Missing character: There is no i in font nullfont!
Missing character: There is no c in font nullfont!
Missing character: There is no a in font nullfont!
Missing character: There is no l in font nullfont!
Missing character: There is no M in font nullfont!
Missing character: There is no o in font nullfont!
Missing character: There is no d in font nullfont!
Missing character: There is no e in font nullfont!
Missing character: There is no l in font nullfont!
Missing character: There is no ( in font nullfont!
Missing character: There is no M in font nullfont!
Missing character: There is no S in font nullfont!
Missing character: There is no S in font nullfont!
Missing character: There is no M in font nullfont!
Missing character: There is no ) in font nullfont!
Missing character: There is no a in font nullfont!
Missing character: There is no n in font nullfont!
Missing character: There is no d in font nullfont!
Missing character: There is no N in font nullfont!
Missing character: There is no e in font nullfont!
Missing character: There is no x in font nullfont!
Missing character: There is no t in font nullfont!
Missing character: There is no - in font nullfont!
Missing character: There is no t in font nullfont!
Missing character: There is no o in font nullfont!
Missing character: There is no - in font nullfont!
Missing character: There is no M in font nullfont!
Missing character: There is no i in font nullfont!
Missing character: There is no n in font nullfont!
Missing character: There is no i in font nullfont!
Missing character: There is no m in font nullfont!
Missing character: There is no a in font nullfont!
Missing character: There is no l in font nullfont!
Missing character: There is no S in font nullfont!
Missing character: There is no u in font nullfont!
Missing character: There is no p in font nullfont!
Missing character: There is no e in font nullfont!
Missing character: There is no r in font nullfont!
Missing character: There is no S in font nullfont!
Missing character: There is no y in font nullfont!
Missing character: There is no m in font nullfont!
Missing character: There is no m in font nullfont!
Missing character: There is no e in font nullfont!
Missing character: There is no t in font nullfont!
Missing character: There is no r in font nullfont!
Missing character: There is no i in font nullfont!
Missing character: There is no c in font nullfont!
Missing character: There is no S in font nullfont!
Missing character: There is no t in font nullfont!
Missing character: There is no a in font nullfont!
Missing character: There is no n in font nullfont!
Missing character: There is no d in font nullfont!
Missing character: There is no a in font nullfont!
Missing character: There is no r in font nullfont!
Missing character: There is no d in font nullfont!
Missing character: There is no M in font nullfont!
Missing character: There is no o in font nullfont!
Missing character: There is no d in font nullfont!
Missing character: There is no e in font nullfont!
Missing character: There is no l in font nullfont!
Missing character: There is no ( in font nullfont!
Missing character: There is no N in font nullfont!
Missing character: There is no M in font nullfont!
Missing character: There is no S in font nullfont!
Missing character: There is no S in font nullfont!
Missing character: There is no M in font nullfont!
Missing character: There is no ) in font nullfont!
Missing character: There is no o in font nullfont!
Missing character: There is no r in font nullfont!
Missing character: There is no c in font nullfont!
Missing character: There is no o in font nullfont!
Missing character: There is no m in font nullfont!
Missing character: There is no p in font nullfont!
Missing character: There is no l in font nullfont!
Missing character: There is no e in font nullfont!
Missing character: There is no t in font nullfont!
Missing character: There is no e in font nullfont!
Missing character: There is no l in font nullfont!
Missing character: There is no y in font nullfont!
Missing character: There is no n in font nullfont!
Missing character: There is no e in font nullfont!
Missing character: There is no w in font nullfont!
Missing character: There is no t in font nullfont!
Missing character: There is no h in font nullfont!
Missing character: There is no e in font nullfont!
Missing character: There is no o in font nullfont!
Missing character: There is no r in font nullfont!
Missing character: There is no e in font nullfont!
Missing character: There is no t in font nullfont!
Missing character: There is no i in font nullfont!
Missing character: There is no c in font nullfont!
Missing character: There is no a in font nullfont!
Missing character: There is no l in font nullfont!
Missing character: There is no d in font nullfont!
Missing character: There is no e in font nullfont!
Missing character: There is no s in font nullfont!
Missing character: There is no c in font nullfont!
Missing character: There is no r in font nullfont!
Missing character: There is no i in font nullfont!
Missing character: There is no p in font nullfont!
Missing character: There is no t in font nullfont!
Missing character: There is no i in font nullfont!
Missing character: There is no o in font nullfont!
Missing character: There is no n in font nullfont!
Missing character: There is no , in font nullfont!
Missing character: There is no s in font nullfont!
Missing character: There is no u in font nullfont!
Missing character: There is no c in font nullfont!
Missing character: There is no h in font nullfont!
Missing character: There is no a in font nullfont!
Missing character: There is no s in font nullfont!
Missing character: There is no s in font nullfont!
Missing character: There is no t in font nullfont!
Missing character: There is no r in font nullfont!
Missing character: There is no i in font nullfont!
Missing character: There is no n in font nullfont!
Missing character: There is no g in font nullfont!
Missing character: There is no t in font nullfont!
Missing character: There is no h in font nullfont!
Missing character: There is no e in font nullfont!
Missing character: There is no o in font nullfont!
Missing character: There is no r in font nullfont!
Missing character: There is no y in font nullfont!
Missing character: There is no , in font nullfont!
Missing character: There is no e in font nullfont!
Missing character: There is no x in font nullfont!
Missing character: There is no t in font nullfont!
Missing character: There is no r in font nullfont!
Missing character: There is no a in font nullfont!
Missing character: There is no d in font nullfont!
Missing character: There is no i in font nullfont!
Missing character: There is no m in font nullfont!
Missing character: There is no e in font nullfont!
Missing character: There is no n in font nullfont!
Missing character: There is no s in font nullfont!
Missing character: There is no i in font nullfont!
Missing character: There is no o in font nullfont!
Missing character: There is no n in font nullfont!
Missing character: There is no s in font nullfont!
Missing character: There is no . in font nullfont!
Missing character: There is no M in font nullfont!
Missing character: There is no o in font nullfont!
Missing character: There is no r in font nullfont!
Missing character: There is no e in font nullfont!
Missing character: There is no p in font nullfont!
Missing character: There is no r in font nullfont!
Missing character: There is no e in font nullfont!
Missing character: There is no c in font nullfont!
Missing character: There is no i in font nullfont!
Missing character: There is no s in font nullfont!
Missing character: There is no e in font nullfont!
Missing character: There is no H in font nullfont!
Missing character: There is no i in font nullfont!
Missing character: There is no g in font nullfont!
Missing character: There is no g in font nullfont!
Missing character: There is no s in font nullfont!
Missing character: There is no b in font nullfont!
Missing character: There is no o in font nullfont!
Missing character: There is no s in font nullfont!
Missing character: There is no o in font nullfont!
Missing character: There is no n in font nullfont!
Missing character: There is no p in font nullfont!
Missing character: There is no r in font nullfont!
Missing character: There is no o in font nullfont!
Missing character: There is no p in font nullfont!
Missing character: There is no e in font nullfont!
Missing character: There is no r in font nullfont!
Missing character: There is no t in font nullfont!
Missing character: There is no i in font nullfont!
Missing character: There is no e in font nullfont!
Missing character: There is no s in font nullfont!
Missing character: There is no m in font nullfont!
Missing character: There is no e in font nullfont!
Missing character: There is no a in font nullfont!
Missing character: There is no s in font nullfont!
Missing character: There is no u in font nullfont!
Missing character: There is no r in font nullfont!
Missing character: There is no e in font nullfont!
Missing character: There is no m in font nullfont!
Missing character: There is no e in font nullfont!
Missing character: There is no n in font nullfont!
Missing character: There is no t in font nullfont!
Missing character: There is no s in font nullfont!
Missing character: There is no a in font nullfont!
Missing character: There is no r in font nullfont!
Missing character: There is no e in font nullfont!
Missing character: There is no n in font nullfont!
Missing character: There is no e in font nullfont!
Missing character: There is no e in font nullfont!
Missing character: There is no d in font nullfont!
Missing character: There is no e in font nullfont!
Missing character: There is no d in font nullfont!
Missing character: There is no t in font nullfont!
Missing character: There is no o in font nullfont!
Missing character: There is no c in font nullfont!
Missing character: There is no a in font nullfont!
Missing character: There is no p in font nullfont!
Missing character: There is no t in font nullfont!
Missing character: There is no u in font nullfont!
Missing character: There is no r in font nullfont!
Missing character: There is no e in font nullfont!
Missing character: There is no a in font nullfont!
Missing character: There is no n in font nullfont!
Missing character: There is no y in font nullfont!
Missing character: There is no p in font nullfont!
Missing character: There is no o in font nullfont!
Missing character: There is no s in font nullfont!
Missing character: There is no s in font nullfont!
Missing character: There is no i in font nullfont!
Missing character: There is no b in font nullfont!
Missing character: There is no l in font nullfont!
Missing character: There is no e in font nullfont!
Missing character: There is no d in font nullfont!
Missing character: There is no e in font nullfont!
Missing character: There is no v in font nullfont!
Missing character: There is no i in font nullfont!
Missing character: There is no a in font nullfont!
Missing character: There is no t in font nullfont!
Missing character: There is no i in font nullfont!
Missing character: There is no o in font nullfont!
Missing character: There is no n in font nullfont!
Missing character: There is no f in font nullfont!
Missing character: There is no r in font nullfont!
Missing character: There is no o in font nullfont!
Missing character: There is no m in font nullfont!
Missing character: There is no S in font nullfont!
Missing character: There is no M in font nullfont!
Missing character: There is no p in font nullfont!
Missing character: There is no r in font nullfont!
Missing character: There is no e in font nullfont!
Missing character: There is no d in font nullfont!
Missing character: There is no i in font nullfont!
Missing character: There is no c in font nullfont!
Missing character: There is no t in font nullfont!
Missing character: There is no i in font nullfont!
Missing character: There is no o in font nullfont!
Missing character: There is no n in font nullfont!
Missing character: There is no s in font nullfont!
Missing character: There is no w in font nullfont!
Missing character: There is no h in font nullfont!
Missing character: There is no i in font nullfont!
Missing character: There is no c in font nullfont!
Missing character: There is no h in font nullfont!
Missing character: There is no c in font nullfont!
Missing character: There is no a in font nullfont!
Missing character: There is no n in font nullfont!
Missing character: There is no b in font nullfont!
Missing character: There is no e in font nullfont!
Missing character: There is no a in font nullfont!
Missing character: There is no d in font nullfont!
Missing character: There is no o in font nullfont!
Missing character: There is no o in font nullfont!
Missing character: There is no r in font nullfont!
Missing character: There is no w in font nullfont!
Missing character: There is no a in font nullfont!
Missing character: There is no y in font nullfont!
Missing character: There is no t in font nullfont!
Missing character: There is no o in font nullfont!
Missing character: There is no n in font nullfont!
Missing character: There is no e in font nullfont!
Missing character: There is no w in font nullfont!
Missing character: There is no p in font nullfont!
Missing character: There is no h in font nullfont!
Missing character: There is no y in font nullfont!
Missing character: There is no s in font nullfont!
Missing character: There is no i in font nullfont!
Missing character: There is no c in font nullfont!
Missing character: There is no s in font nullfont!
Missing character: There is no . in font nullfont!

Overfull \hbox (20.0pt too wide) in paragraph at lines 25--30
[]
 []


! LaTeX Error: Missing \begin{document}.

See the LaTeX manual or LaTeX Companion for explanation.
Type  H <return>  for immediate help.
 ...                                              
                                                  
l.31 O
      ne of the important properties of the Higgs boson is its model indepen...

You're in trouble here.  Try typing  <return>  to proceed.
If that doesn't work, type  X <return>  to quit.

Missing character: There is no O in font nullfont!
Missing character: There is no n in font nullfont!
Missing character: There is no e in font nullfont!
Missing character: There is no o in font nullfont!
Missing character: There is no f in font nullfont!
Missing character: There is no t in font nullfont!
Missing character: There is no h in font nullfont!
Missing character: There is no e in font nullfont!
Missing character: There is no i in font nullfont!
Missing character: There is no m in font nullfont!
Missing character: There is no p in font nullfont!
Missing character: There is no o in font nullfont!
Missing character: There is no r in font nullfont!
Missing character: There is no t in font nullfont!
Missing character: There is no a in font nullfont!
Missing character: There is no n in font nullfont!
Missing character: There is no t in font nullfont!
Missing character: There is no p in font nullfont!
Missing character: There is no r in font nullfont!
Missing character: There is no o in font nullfont!
Missing character: There is no p in font nullfont!
Missing character: There is no e in font nullfont!
Missing character: There is no r in font nullfont!
Missing character: There is no t in font nullfont!
Missing character: There is no i in font nullfont!
Missing character: There is no e in font nullfont!
Missing character: There is no s in font nullfont!
Missing character: There is no o in font nullfont!
Missing character: There is no f in font nullfont!
Missing character: There is no t in font nullfont!
Missing character: There is no h in font nullfont!
Missing character: There is no e in font nullfont!
Missing character: There is no H in font nullfont!
Missing character: There is no i in font nullfont!
Missing character: There is no g in font nullfont!
Missing character: There is no g in font nullfont!
Missing character: There is no s in font nullfont!
Missing character: There is no b in font nullfont!
Missing character: There is no o in font nullfont!
Missing character: There is no s in font nullfont!
Missing character: There is no o in font nullfont!
Missing character: There is no n in font nullfont!
Missing character: There is no i in font nullfont!
Missing character: There is no s in font nullfont!
Missing character: There is no i in font nullfont!
Missing character: There is no t in font nullfont!
Missing character: There is no s in font nullfont!
Missing character: There is no m in font nullfont!
Missing character: There is no o in font nullfont!
Missing character: There is no d in font nullfont!
Missing character: There is no e in font nullfont!
Missing character: There is no l in font nullfont!
Missing character: There is no i in font nullfont!
Missing character: There is no n in font nullfont!
Missing character: There is no d in font nullfont!
Missing character: There is no e in font nullfont!
Missing character: There is no p in font nullfont!
Missing character: There is no e in font nullfont!
Missing character: There is no n in font nullfont!
Missing character: There is no d in font nullfont!
Missing character: There is no e in font nullfont!
Missing character: There is no n in font nullfont!
Missing character: There is no t in font nullfont!
Missing character: There is no p in font nullfont!
Missing character: There is no r in font nullfont!
Missing character: There is no o in font nullfont!
Missing character: There is no d in font nullfont!
Missing character: There is no u in font nullfont!
Missing character: There is no c in font nullfont!
Missing character: There is no t in font nullfont!
Missing character: There is no i in font nullfont!
Missing character: There is no o in font nullfont!
Missing character: There is no n in font nullfont!
Missing character: There is no c in font nullfont!
Missing character: There is no r in font nullfont!
Missing character: There is no o in font nullfont!
Missing character: There is no s in font nullfont!
Missing character: There is no s in font nullfont!
Missing character: There is no s in font nullfont!
Missing character: There is no e in font nullfont!
Missing character: There is no c in font nullfont!
Missing character: There is no t in font nullfont!
Missing character: There is no i in font nullfont!
Missing character: There is no o in font nullfont!
Missing character: There is no n in font nullfont!
Missing character: There is no f in font nullfont!
Missing character: There is no o in font nullfont!
Missing character: There is no r in font nullfont!
Missing character: There is no a in font nullfont!
Missing character: There is no p in font nullfont!
Missing character: There is no a in font nullfont!
Missing character: There is no r in font nullfont!
Missing character: There is no t in font nullfont!
Missing character: There is no i in font nullfont!
Missing character: There is no c in font nullfont!
Missing character: There is no u in font nullfont!
Missing character: There is no l in font nullfont!
Missing character: There is no a in font nullfont!
Missing character: There is no r in font nullfont!
Missing character: There is no p in font nullfont!
Missing character: There is no r in font nullfont!
Missing character: There is no o in font nullfont!
Missing character: There is no c in font nullfont!
Missing character: There is no e in font nullfont!
Missing character: There is no s in font nullfont!
Missing character: There is no s in font nullfont!
Missing character: There is no , in font nullfont!
Missing character: There is no w in font nullfont!
Missing character: There is no h in font nullfont!
Missing character: There is no e in font nullfont!
Missing character: There is no r in font nullfont!
Missing character: There is no e in font nullfont!
Missing character: There is no t in font nullfont!
Missing character: There is no h in font nullfont!
Missing character: There is no e in font nullfont!
Missing character: There is no c in font nullfont!
Missing character: There is no r in font nullfont!
Missing character: There is no o in font nullfont!
Missing character: There is no s in font nullfont!
Missing character: There is no s in font nullfont!
Missing character: There is no s in font nullfont!
Missing character: There is no e in font nullfont!
Missing character: There is no c in font nullfont!
Missing character: There is no t in font nullfont!
Missing character: There is no i in font nullfont!
Missing character: There is no o in font nullfont!
Missing character: There is no n in font nullfont!
Missing character: There is no i in font nullfont!
Missing character: There is no l in font nullfont!
Missing character: There is no l in font nullfont!
Missing character: There is no u in font nullfont!
Missing character: There is no s in font nullfont!
Missing character: There is no t in font nullfont!
Missing character: There is no r in font nullfont!
Missing character: There is no a in font nullfont!
Missing character: There is no t in font nullfont!
Missing character: There is no e in font nullfont!
Missing character: There is no s in font nullfont!
Missing character: There is no t in font nullfont!
Missing character: There is no h in font nullfont!
Missing character: There is no e in font nullfont!
Missing character: There is no p in font nullfont!
Missing character: There is no o in font nullfont!
Missing character: There is no s in font nullfont!
Missing character: There is no s in font nullfont!
Missing character: There is no i in font nullfont!
Missing character: There is no b in font nullfont!
Missing character: There is no i in font nullfont!
Missing character: There is no l in font nullfont!
Missing character: There is no i in font nullfont!
Missing character: There is no t in font nullfont!
Missing character: There is no y in font nullfont!
Missing character: There is no o in font nullfont!
Missing character: There is no f in font nullfont!
Missing character: There is no t in font nullfont!
Missing character: There is no h in font nullfont!
Missing character: There is no e in font nullfont!
Missing character: There is no o in font nullfont!
Missing character: There is no c in font nullfont!
Missing character: There is no c in font nullfont!
Missing character: There is no u in font nullfont!
Missing character: There is no r in font nullfont!
Missing character: There is no r in font nullfont!
Missing character: There is no e in font nullfont!
Missing character: There is no n in font nullfont!
Missing character: There is no c in font nullfont!
Missing character: There is no e in font nullfont!
Missing character: There is no o in font nullfont!
Missing character: There is no f in font nullfont!
Missing character: There is no t in font nullfont!
Missing character: There is no h in font nullfont!
Missing character: There is no a in font nullfont!
Missing character: There is no t in font nullfont!
Missing character: There is no p in font nullfont!
Missing character: There is no r in font nullfont!
Missing character: There is no o in font nullfont!
Missing character: There is no c in font nullfont!
Missing character: There is no e in font nullfont!
Missing character: There is no s in font nullfont!
Missing character: There is no s in font nullfont!
Missing character: There is no . in font nullfont!
Missing character: There is no I in font nullfont!
Missing character: There is no n in font nullfont!
Missing character: There is no t in font nullfont!
Missing character: There is no h in font nullfont!
Missing character: There is no i in font nullfont!
Missing character: There is no s in font nullfont!
Missing character: There is no d in font nullfont!
Missing character: There is no i in font nullfont!
Missing character: There is no s in font nullfont!
Missing character: There is no s in font nullfont!
Missing character: There is no e in font nullfont!
Missing character: There is no r in font nullfont!
Missing character: There is no t in font nullfont!
Missing character: There is no a in font nullfont!
Missing character: There is no t in font nullfont!
Missing character: There is no i in font nullfont!
Missing character: There is no o in font nullfont!
Missing character: There is no n in font nullfont!
Missing character: There is no , in font nullfont!
Missing character: There is no m in font nullfont!
Missing character: There is no e in font nullfont!
Missing character: There is no a in font nullfont!
Missing character: There is no s in font nullfont!
Missing character: There is no u in font nullfont!
Missing character: There is no r in font nullfont!
Missing character: There is no e in font nullfont!
Missing character: There is no m in font nullfont!
Missing character: There is no e in font nullfont!
Missing character: There is no n in font nullfont!
Missing character: There is no t in font nullfont!
Missing character: There is no s in font nullfont!
Missing character: There is no o in font nullfont!
Missing character: There is no f in font nullfont!
Missing character: There is no t in font nullfont!
Missing character: There is no h in font nullfont!
Missing character: There is no e in font nullfont!
Missing character: There is no i in font nullfont!
Missing character: There is no n in font nullfont!
Missing character: There is no t in font nullfont!
Missing character: There is no e in font nullfont!
Missing character: There is no g in font nullfont!
Missing character: There is no r in font nullfont!
Missing character: There is no a in font nullfont!
Missing character: There is no t in font nullfont!
Missing character: There is no e in font nullfont!
Missing character: There is no d in font nullfont!
Missing character: There is no a in font nullfont!
Missing character: There is no n in font nullfont!
Missing character: There is no d in font nullfont!
Missing character: There is no d in font nullfont!
Missing character: There is no i in font nullfont!
Missing character: There is no f in font nullfont!
Missing character: There is no f in font nullfont!
Missing character: There is no e in font nullfont!
Missing character: There is no r in font nullfont!
Missing character: There is no e in font nullfont!
Missing character: There is no n in font nullfont!
Missing character: There is no t in font nullfont!
Missing character: There is no i in font nullfont!
Missing character: There is no a in font nullfont!
Missing character: There is no l in font nullfont!
Missing character: There is no f in font nullfont!
Missing character: There is no i in font nullfont!
Missing character: There is no d in font nullfont!
Missing character: There is no u in font nullfont!
Missing character: There is no c in font nullfont!
Missing character: There is no i in font nullfont!
Missing character: There is no a in font nullfont!
Missing character: There is no l in font nullfont!
Missing character: There is no c in font nullfont!
Missing character: There is no r in font nullfont!
Missing character: There is no o in font nullfont!
Missing character: There is no s in font nullfont!
Missing character: There is no s in font nullfont!
Missing character: There is no s in font nullfont!
Missing character: There is no e in font nullfont!
Missing character: There is no c in font nullfont!
Missing character: There is no t in font nullfont!
Missing character: There is no i in font nullfont!
Missing character: There is no o in font nullfont!
Missing character: There is no n in font nullfont!
Missing character: There is no s in font nullfont!
Missing character: There is no f in font nullfont!
Missing character: There is no o in font nullfont!
Missing character: There is no r in font nullfont!
Missing character: There is no t in font nullfont!
Missing character: There is no h in font nullfont!
Missing character: There is no e in font nullfont!
Missing character: There is no H in font nullfont!
Missing character: There is no i in font nullfont!
Missing character: There is no g in font nullfont!
Missing character: There is no g in font nullfont!
Missing character: There is no s in font nullfont!
Missing character: There is no b in font nullfont!
Missing character: There is no o in font nullfont!
Missing character: There is no s in font nullfont!
Missing character: There is no o in font nullfont!
Missing character: There is no n in font nullfont!
Missing character: There is no p in font nullfont!
Missing character: There is no r in font nullfont!
Missing character: There is no o in font nullfont!
Missing character: There is no d in font nullfont!
Missing character: There is no u in font nullfont!
Missing character: There is no c in font nullfont!
Missing character: There is no t in font nullfont!
Missing character: There is no i in font nullfont!
Missing character: There is no o in font nullfont!
Missing character: There is no n in font nullfont!
Missing character: There is no i in font nullfont!
Missing character: There is no n in font nullfont!
Missing character: There is no t in font nullfont!
Missing character: There is no h in font nullfont!
Missing character: There is no e in font nullfont!
Missing character: There is no d in font nullfont!
Missing character: There is no e in font nullfont!
Missing character: There is no c in font nullfont!
Missing character: There is no a in font nullfont!
Missing character: There is no y in font nullfont!
Missing character: There is no c in font nullfont!
Missing character: There is no h in font nullfont!
Missing character: There is no a in font nullfont!
Missing character: There is no n in font nullfont!
Missing character: There is no n in font nullfont!
Missing character: There is no e in font nullfont!
Missing character: There is no l in font nullfont!
Missing character: There is no ( in font nullfont!
Missing character: There is no ) in font nullfont!
Missing character: There is no i in font nullfont!
Missing character: There is no n in font nullfont!
Missing character: There is no p in font nullfont!
Missing character: There is no r in font nullfont!
Missing character: There is no o in font nullfont!
Missing character: There is no t in font nullfont!
Missing character: There is no o in font nullfont!
Missing character: There is no n in font nullfont!
Missing character: There is no - in font nullfont!
Missing character: There is no p in font nullfont!
Missing character: There is no r in font nullfont!
Missing character: There is no o in font nullfont!
Missing character: There is no t in font nullfont!
Missing character: There is no o in font nullfont!
Missing character: There is no n in font nullfont!
Missing character: There is no c in font nullfont!
Missing character: There is no o in font nullfont!
Missing character: There is no l in font nullfont!
Missing character: There is no l in font nullfont!
Missing character: There is no i in font nullfont!
Missing character: There is no s in font nullfont!
Missing character: There is no i in font nullfont!
Missing character: There is no o in font nullfont!
Missing character: There is no n in font nullfont!
Missing character: There is no s in font nullfont!
Missing character: There is no a in font nullfont!
Missing character: There is no t in font nullfont!
Missing character: There is no T in font nullfont!
Missing character: There is no e in font nullfont!
Missing character: There is no V in font nullfont!
Missing character: There is no a in font nullfont!
Missing character: There is no r in font nullfont!
Missing character: There is no e in font nullfont!
Missing character: There is no p in font nullfont!
Missing character: There is no r in font nullfont!
Missing character: There is no e in font nullfont!
Missing character: There is no s in font nullfont!
Missing character: There is no e in font nullfont!
Missing character: There is no n in font nullfont!
Missing character: There is no t in font nullfont!
Missing character: There is no e in font nullfont!
Missing character: There is no d in font nullfont!
Missing character: There is no . in font nullfont!
Missing character: There is no T in font nullfont!
Missing character: There is no h in font nullfont!
Missing character: There is no e in font nullfont!
Missing character: There is no s in font nullfont!
Missing character: There is no e in font nullfont!
Missing character: There is no m in font nullfont!
Missing character: There is no e in font nullfont!
Missing character: There is no a in font nullfont!
Missing character: There is no s in font nullfont!
Missing character: There is no u in font nullfont!
Missing character: There is no r in font nullfont!
Missing character: There is no e in font nullfont!
Missing character: There is no m in font nullfont!
Missing character: There is no e in font nullfont!
Missing character: There is no n in font nullfont!
Missing character: There is no t in font nullfont!
Missing character: There is no s in font nullfont!
Missing character: There is no p in font nullfont!
Missing character: There is no r in font nullfont!
Missing character: There is no o in font nullfont!
Missing character: There is no v in font nullfont!
Missing character: There is no i in font nullfont!
Missing character: There is no d in font nullfont!
Missing character: There is no e in font nullfont!
Missing character: There is no a in font nullfont!
Missing character: There is no d in font nullfont!
Missing character: There is no i in font nullfont!
Missing character: There is no r in font nullfont!
Missing character: There is no e in font nullfont!
Missing character: There is no c in font nullfont!
Missing character: There is no t in font nullfont!
Missing character: There is no t in font nullfont!
Missing character: There is no e in font nullfont!
Missing character: There is no s in font nullfont!
Missing character: There is no t in font nullfont!
Missing character: There is no o in font nullfont!
Missing character: There is no f in font nullfont!
Missing character: There is no p in font nullfont!
Missing character: There is no e in font nullfont!
Missing character: There is no r in font nullfont!
Missing character: There is no t in font nullfont!
Missing character: There is no u in font nullfont!
Missing character: There is no r in font nullfont!
Missing character: There is no b in font nullfont!
Missing character: There is no a in font nullfont!
Missing character: There is no t in font nullfont!
Missing character: There is no i in font nullfont!
Missing character: There is no v in font nullfont!
Missing character: There is no e in font nullfont!
Missing character: There is no Q in font nullfont!
Missing character: There is no C in font nullfont!
Missing character: There is no D in font nullfont!
Missing character: There is no c in font nullfont!
Missing character: There is no a in font nullfont!
Missing character: There is no l in font nullfont!
Missing character: There is no c in font nullfont!
Missing character: There is no u in font nullfont!
Missing character: There is no l in font nullfont!
Missing character: There is no a in font nullfont!
Missing character: There is no t in font nullfont!
Missing character: There is no i in font nullfont!
Missing character: There is no o in font nullfont!
Missing character: There is no n in font nullfont!
Missing character: There is no s in font nullfont!
Missing character: There is no i in font nullfont!
Missing character: There is no n in font nullfont!
Missing character: There is no t in font nullfont!
Missing character: There is no h in font nullfont!
Missing character: There is no e in font nullfont!
Missing character: There is no H in font nullfont!
Missing character: There is no i in font nullfont!
Missing character: There is no g in font nullfont!
Missing character: There is no g in font nullfont!
Missing character: There is no s in font nullfont!
Missing character: There is no s in font nullfont!
Missing character: There is no e in font nullfont!
Missing character: There is no c in font nullfont!
Missing character: There is no t in font nullfont!
Missing character: There is no o in font nullfont!
Missing character: There is no r in font nullfont!
Missing character: There is no o in font nullfont!
Missing character: There is no f in font nullfont!
Missing character: There is no S in font nullfont!
Missing character: There is no t in font nullfont!
Missing character: There is no a in font nullfont!
Missing character: There is no n in font nullfont!
Missing character: There is no d in font nullfont!
Missing character: There is no a in font nullfont!
Missing character: There is no r in font nullfont!
Missing character: There is no d in font nullfont!
Missing character: There is no M in font nullfont!
Missing character: There is no o in font nullfont!
Missing character: There is no d in font nullfont!
Missing character: There is no e in font nullfont!
Missing character: There is no l in font nullfont!
Missing character: There is no a in font nullfont!
Missing character: There is no t in font nullfont!
Missing character: There is no t in font nullfont!
Missing character: There is no h in font nullfont!
Missing character: There is no e in font nullfont!
Missing character: There is no T in font nullfont!
Missing character: There is no e in font nullfont!
Missing character: There is no V in font nullfont!
Missing character: There is no e in font nullfont!
Missing character: There is no n in font nullfont!
Missing character: There is no e in font nullfont!
Missing character: There is no r in font nullfont!
Missing character: There is no g in font nullfont!
Missing character: There is no y in font nullfont!
Missing character: There is no s in font nullfont!
Missing character: There is no c in font nullfont!
Missing character: There is no a in font nullfont!
Missing character: There is no l in font nullfont!
Missing character: There is no e in font nullfont!
Missing character: There is no . in font nullfont!
Missing character: There is no A in font nullfont!
Missing character: There is no n in font nullfont!
Missing character: There is no y in font nullfont!
Missing character: There is no d in font nullfont!
Missing character: There is no e in font nullfont!
Missing character: There is no v in font nullfont!
Missing character: There is no i in font nullfont!
Missing character: There is no a in font nullfont!
Missing character: There is no t in font nullfont!
Missing character: There is no i in font nullfont!
Missing character: There is no o in font nullfont!
Missing character: There is no n in font nullfont!
Missing character: There is no o in font nullfont!
Missing character: There is no f in font nullfont!
Missing character: There is no t in font nullfont!
Missing character: There is no h in font nullfont!
Missing character: There is no e in font nullfont!
Missing character: There is no i in font nullfont!
Missing character: There is no n in font nullfont!
Missing character: There is no t in font nullfont!
Missing character: There is no e in font nullfont!
Missing character: There is no g in font nullfont!
Missing character: There is no r in font nullfont!
Missing character: There is no a in font nullfont!
Missing character: There is no t in font nullfont!
Missing character: There is no e in font nullfont!
Missing character: There is no d in font nullfont!
Missing character: There is no o in font nullfont!
Missing character: There is no r in font nullfont!
Missing character: There is no t in font nullfont!
Missing character: There is no h in font nullfont!
Missing character: There is no e in font nullfont!
Missing character: There is no d in font nullfont!
Missing character: There is no i in font nullfont!
Missing character: There is no f in font nullfont!
Missing character: There is no f in font nullfont!
Missing character: There is no e in font nullfont!
Missing character: There is no r in font nullfont!
Missing character: There is no e in font nullfont!
Missing character: There is no n in font nullfont!
Missing character: There is no t in font nullfont!
Missing character: There is no i in font nullfont!
Missing character: There is no a in font nullfont!
Missing character: There is no l in font nullfont!
Missing character: There is no c in font nullfont!
Missing character: There is no r in font nullfont!
Missing character: There is no o in font nullfont!
Missing character: There is no s in font nullfont!
Missing character: There is no s in font nullfont!
Missing character: There is no s in font nullfont!
Missing character: There is no e in font nullfont!
Missing character: There is no c in font nullfont!
Missing character: There is no t in font nullfont!
Missing character: There is no i in font nullfont!
Missing character: There is no o in font nullfont!
Missing character: There is no n in font nullfont!
Missing character: There is no s in font nullfont!
Missing character: There is no f in font nullfont!
Missing character: There is no r in font nullfont!
Missing character: There is no o in font nullfont!
Missing character: There is no m in font nullfont!
Missing character: There is no S in font nullfont!
Missing character: There is no M in font nullfont!
Missing character: There is no e in font nullfont!
Missing character: There is no x in font nullfont!
Missing character: There is no p in font nullfont!
Missing character: There is no e in font nullfont!
Missing character: There is no c in font nullfont!
Missing character: There is no t in font nullfont!
Missing character: There is no a in font nullfont!
Missing character: There is no t in font nullfont!
Missing character: There is no i in font nullfont!
Missing character: There is no o in font nullfont!
Missing character: There is no n in font nullfont!
Missing character: There is no s in font nullfont!
Missing character: There is no w in font nullfont!
Missing character: There is no o in font nullfont!
Missing character: There is no u in font nullfont!
Missing character: There is no l in font nullfont!
Missing character: There is no d in font nullfont!
Missing character: There is no p in font nullfont!
Missing character: There is no r in font nullfont!
Missing character: There is no o in font nullfont!
Missing character: There is no v in font nullfont!
Missing character: There is no i in font nullfont!
Missing character: There is no d in font nullfont!
Missing character: There is no e in font nullfont!
Missing character: There is no a in font nullfont!
Missing character: There is no d in font nullfont!
Missing character: There is no i in font nullfont!
Missing character: There is no r in font nullfont!
Missing character: There is no e in font nullfont!
Missing character: There is no c in font nullfont!
Missing character: There is no t in font nullfont!
Missing character: There is no h in font nullfont!
Missing character: There is no i in font nullfont!
Missing character: There is no n in font nullfont!
Missing character: There is no t in font nullfont!
Missing character: There is no t in font nullfont!
Missing character: There is no o in font nullfont!
Missing character: There is no B in font nullfont!
Missing character: There is no S in font nullfont!
Missing character: There is no M in font nullfont!
Missing character: There is no c in font nullfont!
Missing character: There is no o in font nullfont!
Missing character: There is no n in font nullfont!
Missing character: There is no t in font nullfont!
Missing character: There is no r in font nullfont!
Missing character: There is no i in font nullfont!
Missing character: There is no b in font nullfont!
Missing character: There is no u in font nullfont!
Missing character: There is no t in font nullfont!
Missing character: There is no i in font nullfont!
Missing character: There is no o in font nullfont!
Missing character: There is no n in font nullfont!
Missing character: There is no s in font nullfont!
Missing character: There is no . in font nullfont!
Missing character: There is no N in font nullfont!
Missing character: There is no e in font nullfont!
Missing character: There is no a in font nullfont!
Missing character: There is no r in font nullfont!
Missing character: There is no l in font nullfont!
Missing character: There is no y in font nullfont!
Missing character: There is no s in font nullfont!
Missing character: There is no i in font nullfont!
Missing character: There is no m in font nullfont!
Missing character: There is no i in font nullfont!
Missing character: There is no l in font nullfont!
Missing character: There is no a in font nullfont!
Missing character: There is no r in font nullfont!
Missing character: There is no m in font nullfont!
Missing character: There is no e in font nullfont!
Missing character: There is no a in font nullfont!
Missing character: There is no s in font nullfont!
Missing character: There is no u in font nullfont!
Missing character: There is no r in font nullfont!
Missing character: There is no e in font nullfont!
Missing character: There is no m in font nullfont!
Missing character: There is no e in font nullfont!
Missing character: There is no n in font nullfont!
Missing character: There is no t in font nullfont!
Missing character: There is no s in font nullfont!
Missing character: There is no h in font nullfont!
Missing character: There is no a in font nullfont!
Missing character: There is no v in font nullfont!
Missing character: There is no e in font nullfont!
Missing character: There is no a in font nullfont!
Missing character: There is no l in font nullfont!
Missing character: There is no r in font nullfont!
Missing character: There is no e in font nullfont!
Missing character: There is no a in font nullfont!
Missing character: There is no d in font nullfont!
Missing character: There is no y in font nullfont!
Missing character: There is no b in font nullfont!
Missing character: There is no e in font nullfont!
Missing character: There is no e in font nullfont!
Missing character: There is no n in font nullfont!
Missing character: There is no r in font nullfont!
Missing character: There is no e in font nullfont!
Missing character: There is no p in font nullfont!
Missing character: There is no o in font nullfont!
Missing character: There is no r in font nullfont!
Missing character: There is no t in font nullfont!
Missing character: There is no e in font nullfont!
Missing character: There is no d in font nullfont!
Missing character: There is no b in font nullfont!
Missing character: There is no y in font nullfont!
Missing character: There is no t in font nullfont!
Missing character: There is no h in font nullfont!
Missing character: There is no e in font nullfont!
Missing character: There is no A in font nullfont!
Missing character: There is no T in font nullfont!
Missing character: There is no L in font nullfont!
Missing character: There is no A in font nullfont!
Missing character: There is no S in font nullfont!
Missing character: There is no e in font nullfont!
Missing character: There is no x in font nullfont!
Missing character: There is no p in font nullfont!
Missing character: There is no e in font nullfont!
Missing character: There is no r in font nullfont!
Missing character: There is no i in font nullfont!
Missing character: There is no m in font nullfont!
Missing character: There is no e in font nullfont!
Missing character: There is no n in font nullfont!
Missing character: There is no t in font nullfont!
Missing character: There is no i in font nullfont!
Missing character: There is no n in font nullfont!
Missing character: There is no [ in font nullfont!
\citation{ATLAS:Hgg_8TeV}
! Undefined control sequence.
<write> ...: Citation `\@citeb ' on page \thepage 
                                                  \space undefined\on@line .
l.36 ...\cite{ATLAS:Hgg_8TeV,ATLAS:Hgg_8TeV_13TeV}
                                                  ,
The control sequence at the end of the top line
of your error message was never \def'ed. If you have
misspelled it (e.g., `\hobx'), type `I' and the correct
spelling (e.g., `I\hbox'). Otherwise just continue,
and I'll forget about whatever was undefined.


LaTeX Warning: Citation `ATLAS:Hgg_8TeV' on page  undefined on input line 36.

Missing character: There is no , in font nullfont!
\citation{ATLAS:Hgg_8TeV_13TeV}
! Undefined control sequence.
<write> ...: Citation `\@citeb ' on page \thepage 
                                                  \space undefined\on@line .
l.36 ...\cite{ATLAS:Hgg_8TeV,ATLAS:Hgg_8TeV_13TeV}
                                                  ,
The control sequence at the end of the top line
of your error message was never \def'ed. If you have
misspelled it (e.g., `\hobx'), type `I' and the correct
spelling (e.g., `I\hbox'). Otherwise just continue,
and I'll forget about whatever was undefined.


LaTeX Warning: Citation `ATLAS:Hgg_8TeV_13TeV' on page  undefined on input line
 36.

Missing character: There is no ] in font nullfont!
Missing character: There is no , in font nullfont!
Missing character: There is no [ in font nullfont!
\citation{ATLAS:H4l_8TeV}
! Undefined control sequence.
<write> ...: Citation `\@citeb ' on page \thepage 
                                                  \space undefined\on@line .
l.37 ...\cite{ATLAS:H4l_8TeV,ATLAS:H4l_8TeV_13TeV}
                                                   decay  channels, combinat...
The control sequence at the end of the top line
of your error message was never \def'ed. If you have
misspelled it (e.g., `\hobx'), type `I' and the correct
spelling (e.g., `I\hbox'). Otherwise just continue,
and I'll forget about whatever was undefined.


LaTeX Warning: Citation `ATLAS:H4l_8TeV' on page  undefined on input line 37.

Missing character: There is no , in font nullfont!
\citation{ATLAS:H4l_8TeV_13TeV}
! Undefined control sequence.
<write> ...: Citation `\@citeb ' on page \thepage 
                                                  \space undefined\on@line .
l.37 ...\cite{ATLAS:H4l_8TeV,ATLAS:H4l_8TeV_13TeV}
                                                   decay  channels, combinat...
The control sequence at the end of the top line
of your error message was never \def'ed. If you have
misspelled it (e.g., `\hobx'), type `I' and the correct
spelling (e.g., `I\hbox'). Otherwise just continue,
and I'll forget about whatever was undefined.


LaTeX Warning: Citation `ATLAS:H4l_8TeV_13TeV' on page  undefined on input line
 37.

Missing character: There is no ] in font nullfont!
Missing character: There is no d in font nullfont!
Missing character: There is no e in font nullfont!
Missing character: There is no c in font nullfont!
Missing character: There is no a in font nullfont!
Missing character: There is no y in font nullfont!
Missing character: There is no c in font nullfont!
Missing character: There is no h in font nullfont!
Missing character: There is no a in font nullfont!
Missing character: There is no n in font nullfont!
Missing character: There is no n in font nullfont!
Missing character: There is no e in font nullfont!
Missing character: There is no l in font nullfont!
Missing character: There is no s in font nullfont!
Missing character: There is no , in font nullfont!
Missing character: There is no c in font nullfont!
Missing character: There is no o in font nullfont!
Missing character: There is no m in font nullfont!
Missing character: There is no b in font nullfont!
Missing character: There is no i in font nullfont!
Missing character: There is no n in font nullfont!
Missing character: There is no a in font nullfont!
Missing character: There is no t in font nullfont!
Missing character: There is no i in font nullfont!
Missing character: There is no o in font nullfont!
Missing character: There is no n in font nullfont!
Missing character: There is no o in font nullfont!
Missing character: There is no f in font nullfont!
Missing character: There is no b in font nullfont!
Missing character: There is no o in font nullfont!
Missing character: There is no t in font nullfont!
Missing character: There is no h in font nullfont!
Missing character: There is no c in font nullfont!
Missing character: There is no h in font nullfont!
Missing character: There is no a in font nullfont!
Missing character: There is no n in font nullfont!
Missing character: There is no n in font nullfont!
Missing character: There is no e in font nullfont!
Missing character: There is no l in font nullfont!
Missing character: There is no s in font nullfont!
Missing character: There is no [ in font nullfont!
\citation{ATLAS:H4l_Hgg_8TeV}
! Undefined control sequence.
<write> ...: Citation `\@citeb ' on page \thepage 
                                                  \space undefined\on@line .
l.38 ...LAS:H4l_Hgg_8TeV,ATLAS:H4l_Hgg_8TeV_13TeV}
                                                   and by the CMS experiment...
The control sequence at the end of the top line
of your error message was never \def'ed. If you have
misspelled it (e.g., `\hobx'), type `I' and the correct
spelling (e.g., `I\hbox'). Otherwise just continue,
and I'll forget about whatever was undefined.


LaTeX Warning: Citation `ATLAS:H4l_Hgg_8TeV' on page  undefined on input line 3
8.

Missing character: There is no , in font nullfont!
\citation{ATLAS:H4l_Hgg_8TeV_13TeV}
! Undefined control sequence.
<write> ...: Citation `\@citeb ' on page \thepage 
                                                  \space undefined\on@line .
l.38 ...LAS:H4l_Hgg_8TeV,ATLAS:H4l_Hgg_8TeV_13TeV}
                                                   and by the CMS experiment...
The control sequence at the end of the top line
of your error message was never \def'ed. If you have
misspelled it (e.g., `\hobx'), type `I' and the correct
spelling (e.g., `I\hbox'). Otherwise just continue,
and I'll forget about whatever was undefined.


LaTeX Warning: Citation `ATLAS:H4l_Hgg_8TeV_13TeV' on page  undefined on input 
line 38.

Missing character: There is no ] in font nullfont!
Missing character: There is no a in font nullfont!
Missing character: There is no n in font nullfont!
Missing character: There is no d in font nullfont!
Missing character: There is no b in font nullfont!
Missing character: There is no y in font nullfont!
Missing character: There is no t in font nullfont!
Missing character: There is no h in font nullfont!
Missing character: There is no e in font nullfont!
Missing character: There is no C in font nullfont!
Missing character: There is no M in font nullfont!
Missing character: There is no S in font nullfont!
Missing character: There is no e in font nullfont!
Missing character: There is no x in font nullfont!
Missing character: There is no p in font nullfont!
Missing character: There is no e in font nullfont!
Missing character: There is no r in font nullfont!
Missing character: There is no i in font nullfont!
Missing character: There is no m in font nullfont!
Missing character: There is no e in font nullfont!
Missing character: There is no n in font nullfont!
Missing character: There is no t in font nullfont!
Missing character: There is no i in font nullfont!
Missing character: There is no n in font nullfont!
Missing character: There is no d in font nullfont!
Missing character: There is no e in font nullfont!
Missing character: There is no c in font nullfont!
Missing character: There is no a in font nullfont!
Missing character: There is no y in font nullfont!
Missing character: There is no c in font nullfont!
Missing character: There is no h in font nullfont!
Missing character: There is no a in font nullfont!
Missing character: There is no n in font nullfont!
Missing character: There is no n in font nullfont!
Missing character: There is no e in font nullfont!
Missing character: There is no l in font nullfont!
Missing character: There is no [ in font nullfont!
\citation{CMS:Hgg_8TeV}
! Undefined control sequence.
<write> ...: Citation `\@citeb ' on page \thepage 
                                                  \space undefined\on@line .
l.39 channel~\cite{CMS:Hgg_8TeV}
                                .
The control sequence at the end of the top line
of your error message was never \def'ed. If you have
misspelled it (e.g., `\hobx'), type `I' and the correct
spelling (e.g., `I\hbox'). Otherwise just continue,
and I'll forget about whatever was undefined.


LaTeX Warning: Citation `CMS:Hgg_8TeV' on page  undefined on input line 39.

Missing character: There is no ] in font nullfont!
Missing character: There is no . in font nullfont!

Overfull \hbox (20.0pt too wide) in paragraph at lines 31--40
[]
 []


Overfull \hbox (21.9027pt too wide) in paragraph at lines 31--40
\OML/cmm/m/it/10 H \OMS/cmsy/m/n/10 !
 []


Overfull \hbox (9.1667pt too wide) in paragraph at lines 31--40
\OT1/cmr/m/n/10 4\OML/cmm/m/it/10 `$
 []


Overfull \hbox (14.7222pt too wide) in paragraph at lines 31--40
\OML/cmm/m/it/10 ` \OT1/cmr/m/n/10 =
 []


Overfull \hbox (15.12616pt too wide) in paragraph at lines 31--40
\OML/cmm/m/it/10 e; ^^V$
 []


Overfull \hbox (23.57637pt too wide) in paragraph at lines 31--40
[] \OT1/cmr/m/n/10 =
 []


Overfull \hbox (50.79158pt too wide) in paragraph at lines 31--40
\OT1/cmr/m/n/10 7\OML/cmm/m/it/10 ; \OT1/cmr/m/n/10 8\OML/cmm/m/it/10 ; \OT1/cm
r/m/n/10 13$                                                           $\OML/cm
m/m/it/10 H \OMS/cmsy/m/n/10 !
 []


Overfull \hbox (16.89622pt too wide) in paragraph at lines 31--40
\OML/cmm/m/it/10 ^^M^^M$ []
 []


Overfull \hbox (5.43053pt too wide) in paragraph at lines 31--40
[]
 []


Overfull \hbox (21.9027pt too wide) in paragraph at lines 31--40
\OML/cmm/m/it/10 H \OMS/cmsy/m/n/10 !
 []


Overfull \hbox (14.59723pt too wide) in paragraph at lines 31--40
\OT1/cmr/m/n/10 4\OML/cmm/m/it/10 `$ []
 []


Overfull \hbox (5.43053pt too wide) in paragraph at lines 31--40
[]
 []


Overfull \hbox (5.43053pt too wide) in paragraph at lines 31--40
[]
 []


Overfull \hbox (5.43053pt too wide) in paragraph at lines 31--40
[]
 []


Overfull \hbox (21.9027pt too wide) in paragraph at lines 31--40
\OML/cmm/m/it/10 H \OMS/cmsy/m/n/10 !
 []


Overfull \hbox (11.4657pt too wide) in paragraph at lines 31--40
\OML/cmm/m/it/10 ^^M^^M$
 []


Overfull \hbox (5.43053pt too wide) in paragraph at lines 31--40
[] 
 []


! LaTeX Error: Missing \begin{document}.

See the LaTeX manual or LaTeX Companion for explanation.
Type  H <return>  for immediate help.
 ...                                              
                                                  
l.41 T
      he Higgs cross section measurement helps to probe the structure, natur...

You're in trouble here.  Try typing  <return>  to proceed.
If that doesn't work, type  X <return>  to quit.

Missing character: There is no T in font nullfont!
Missing character: There is no h in font nullfont!
Missing character: There is no e in font nullfont!
Missing character: There is no H in font nullfont!
Missing character: There is no i in font nullfont!
Missing character: There is no g in font nullfont!
Missing character: There is no g in font nullfont!
Missing character: There is no s in font nullfont!
Missing character: There is no c in font nullfont!
Missing character: There is no r in font nullfont!
Missing character: There is no o in font nullfont!
Missing character: There is no s in font nullfont!
Missing character: There is no s in font nullfont!
Missing character: There is no s in font nullfont!
Missing character: There is no e in font nullfont!
Missing character: There is no c in font nullfont!
Missing character: There is no t in font nullfont!
Missing character: There is no i in font nullfont!
Missing character: There is no o in font nullfont!
Missing character: There is no n in font nullfont!
Missing character: There is no m in font nullfont!
Missing character: There is no e in font nullfont!
Missing character: There is no a in font nullfont!
Missing character: There is no s in font nullfont!
Missing character: There is no u in font nullfont!
Missing character: There is no r in font nullfont!
Missing character: There is no e in font nullfont!
Missing character: There is no m in font nullfont!
Missing character: There is no e in font nullfont!
Missing character: There is no n in font nullfont!
Missing character: There is no t in font nullfont!
Missing character: There is no h in font nullfont!
Missing character: There is no e in font nullfont!
Missing character: There is no l in font nullfont!
Missing character: There is no p in font nullfont!
Missing character: There is no s in font nullfont!
Missing character: There is no t in font nullfont!
Missing character: There is no o in font nullfont!
Missing character: There is no p in font nullfont!
Missing character: There is no r in font nullfont!
Missing character: There is no o in font nullfont!
Missing character: There is no b in font nullfont!
Missing character: There is no e in font nullfont!
Missing character: There is no t in font nullfont!
Missing character: There is no h in font nullfont!
Missing character: There is no e in font nullfont!
Missing character: There is no s in font nullfont!
Missing character: There is no t in font nullfont!
Missing character: There is no r in font nullfont!
Missing character: There is no u in font nullfont!
Missing character: There is no c in font nullfont!
Missing character: There is no t in font nullfont!
Missing character: There is no u in font nullfont!
Missing character: There is no r in font nullfont!
Missing character: There is no e in font nullfont!
Missing character: There is no , in font nullfont!
Missing character: There is no n in font nullfont!
Missing character: There is no a in font nullfont!
Missing character: There is no t in font nullfont!
Missing character: There is no u in font nullfont!
Missing character: There is no r in font nullfont!
Missing character: There is no e in font nullfont!
Missing character: There is no o in font nullfont!
Missing character: There is no f in font nullfont!
Missing character: There is no t in font nullfont!
Missing character: There is no h in font nullfont!
Missing character: There is no e in font nullfont!
Missing character: There is no i in font nullfont!
Missing character: There is no n in font nullfont!
Missing character: There is no t in font nullfont!
Missing character: There is no e in font nullfont!
Missing character: There is no r in font nullfont!
Missing character: There is no a in font nullfont!
Missing character: There is no c in font nullfont!
Missing character: There is no t in font nullfont!
Missing character: There is no i in font nullfont!
Missing character: There is no o in font nullfont!
Missing character: There is no n in font nullfont!
Missing character: There is no o in font nullfont!
Missing character: There is no f in font nullfont!
Missing character: There is no H in font nullfont!
Missing character: There is no i in font nullfont!
Missing character: There is no g in font nullfont!
Missing character: There is no g in font nullfont!
Missing character: There is no s in font nullfont!
Missing character: There is no b in font nullfont!
Missing character: There is no o in font nullfont!
Missing character: There is no s in font nullfont!
Missing character: There is no o in font nullfont!
Missing character: There is no n in font nullfont!
Missing character: There is no w in font nullfont!
Missing character: There is no i in font nullfont!
Missing character: There is no t in font nullfont!
Missing character: There is no h in font nullfont!
Missing character: There is no d in font nullfont!
Missing character: There is no e in font nullfont!
Missing character: There is no c in font nullfont!
Missing character: There is no a in font nullfont!
Missing character: There is no y in font nullfont!
Missing character: There is no i in font nullfont!
Missing character: There is no n in font nullfont!
Missing character: There is no g in font nullfont!
Missing character: There is no p in font nullfont!
Missing character: There is no a in font nullfont!
Missing character: There is no r in font nullfont!
Missing character: There is no t in font nullfont!
Missing character: There is no i in font nullfont!
Missing character: There is no c in font nullfont!
Missing character: There is no l in font nullfont!
Missing character: There is no e in font nullfont!
Missing character: There is no s in font nullfont!
Missing character: There is no . in font nullfont!
Missing character: There is no D in font nullfont!
Missing character: There is no i in font nullfont!
Missing character: There is no f in font nullfont!
Missing character: There is no f in font nullfont!
Missing character: There is no e in font nullfont!
Missing character: There is no r in font nullfont!
Missing character: There is no e in font nullfont!
Missing character: There is no n in font nullfont!
Missing character: There is no t in font nullfont!
Missing character: There is no i in font nullfont!
Missing character: There is no a in font nullfont!
Missing character: There is no l in font nullfont!
Missing character: There is no f in font nullfont!
Missing character: There is no i in font nullfont!
Missing character: There is no d in font nullfont!
Missing character: There is no u in font nullfont!
Missing character: There is no c in font nullfont!
Missing character: There is no i in font nullfont!
Missing character: There is no a in font nullfont!
Missing character: There is no l in font nullfont!
Missing character: There is no c in font nullfont!
Missing character: There is no r in font nullfont!
Missing character: There is no o in font nullfont!
Missing character: There is no s in font nullfont!
Missing character: There is no s in font nullfont!
Missing character: There is no s in font nullfont!
Missing character: There is no e in font nullfont!
Missing character: There is no c in font nullfont!
Missing character: There is no t in font nullfont!
Missing character: There is no i in font nullfont!
Missing character: There is no o in font nullfont!
Missing character: There is no n in font nullfont!
Missing character: There is no s in font nullfont!
Missing character: There is no a in font nullfont!
Missing character: There is no r in font nullfont!
Missing character: There is no e in font nullfont!
Missing character: There is no p in font nullfont!
Missing character: There is no r in font nullfont!
Missing character: There is no o in font nullfont!
Missing character: There is no d in font nullfont!
Missing character: There is no u in font nullfont!
Missing character: There is no c in font nullfont!
Missing character: There is no e in font nullfont!
Missing character: There is no d in font nullfont!
Missing character: There is no u in font nullfont!
Missing character: There is no s in font nullfont!
Missing character: There is no i in font nullfont!
Missing character: There is no n in font nullfont!
Missing character: There is no g in font nullfont!
Missing character: There is no t in font nullfont!
Missing character: There is no h in font nullfont!
Missing character: There is no e in font nullfont!
Missing character: There is no 8 in font nullfont!
! Undefined control sequence.
l.42 sections are produced using the  8~\TeV
                                            ~data as a function several kine...
The control sequence at the end of the top line
of your error message was never \def'ed. If you have
misspelled it (e.g., `\hobx'), type `I' and the correct
spelling (e.g., `I\hbox'). Otherwise just continue,
and I'll forget about whatever was undefined.

Missing character: There is no d in font nullfont!
Missing character: There is no a in font nullfont!
Missing character: There is no t in font nullfont!
Missing character: There is no a in font nullfont!
Missing character: There is no a in font nullfont!
Missing character: There is no s in font nullfont!
Missing character: There is no a in font nullfont!
Missing character: There is no f in font nullfont!
Missing character: There is no u in font nullfont!
Missing character: There is no n in font nullfont!
Missing character: There is no c in font nullfont!
Missing character: There is no t in font nullfont!
Missing character: There is no i in font nullfont!
Missing character: There is no o in font nullfont!
Missing character: There is no n in font nullfont!
Missing character: There is no s in font nullfont!
Missing character: There is no e in font nullfont!
Missing character: There is no v in font nullfont!
Missing character: There is no e in font nullfont!
Missing character: There is no r in font nullfont!
Missing character: There is no a in font nullfont!
Missing character: There is no l in font nullfont!
Missing character: There is no k in font nullfont!
Missing character: There is no i in font nullfont!
Missing character: There is no n in font nullfont!
Missing character: There is no e in font nullfont!
Missing character: There is no m in font nullfont!
Missing character: There is no a in font nullfont!
Missing character: There is no t in font nullfont!
Missing character: There is no i in font nullfont!
Missing character: There is no c in font nullfont!
Missing character: There is no o in font nullfont!
Missing character: There is no b in font nullfont!
Missing character: There is no s in font nullfont!
Missing character: There is no e in font nullfont!
Missing character: There is no r in font nullfont!
Missing character: There is no v in font nullfont!
Missing character: There is no a in font nullfont!
Missing character: There is no b in font nullfont!
Missing character: There is no l in font nullfont!
Missing character: There is no e in font nullfont!
Missing character: There is no s in font nullfont!
Missing character: There is no w in font nullfont!
Missing character: There is no h in font nullfont!
Missing character: There is no i in font nullfont!
Missing character: There is no c in font nullfont!
Missing character: There is no h in font nullfont!
Missing character: There is no a in font nullfont!
Missing character: There is no r in font nullfont!
Missing character: There is no e in font nullfont!
Missing character: There is no s in font nullfont!
Missing character: There is no e in font nullfont!
Missing character: There is no n in font nullfont!
Missing character: There is no s in font nullfont!
Missing character: There is no i in font nullfont!
Missing character: There is no t in font nullfont!
Missing character: There is no i in font nullfont!
Missing character: There is no v in font nullfont!
Missing character: There is no e in font nullfont!
Missing character: There is no t in font nullfont!
Missing character: There is no o in font nullfont!
Missing character: There is no t in font nullfont!
Missing character: There is no h in font nullfont!
Missing character: There is no e in font nullfont!
Missing character: There is no H in font nullfont!
Missing character: There is no i in font nullfont!
Missing character: There is no g in font nullfont!
Missing character: There is no g in font nullfont!
Missing character: There is no s in font nullfont!
Missing character: There is no - in font nullfont!
Missing character: There is no b in font nullfont!
Missing character: There is no o in font nullfont!
Missing character: There is no s in font nullfont!
Missing character: There is no o in font nullfont!
Missing character: There is no n in font nullfont!
Missing character: There is no p in font nullfont!
Missing character: There is no r in font nullfont!
Missing character: There is no o in font nullfont!
Missing character: There is no d in font nullfont!
Missing character: There is no u in font nullfont!
Missing character: There is no c in font nullfont!
Missing character: There is no t in font nullfont!
Missing character: There is no i in font nullfont!
Missing character: There is no o in font nullfont!
Missing character: There is no n in font nullfont!
Missing character: There is no m in font nullfont!
Missing character: There is no e in font nullfont!
Missing character: There is no c in font nullfont!
Missing character: There is no h in font nullfont!
Missing character: There is no a in font nullfont!
Missing character: There is no n in font nullfont!
Missing character: There is no i in font nullfont!
Missing character: There is no s in font nullfont!
Missing character: There is no m in font nullfont!
Missing character: There is no s in font nullfont!
Missing character: There is no : in font nullfont!
Missing character: There is no r in font nullfont!
Missing character: There is no a in font nullfont!
Missing character: There is no p in font nullfont!
Missing character: There is no i in font nullfont!
Missing character: There is no d in font nullfont!
Missing character: There is no i in font nullfont!
Missing character: There is no t in font nullfont!
Missing character: There is no y in font nullfont!
Missing character: There is no a in font nullfont!
Missing character: There is no n in font nullfont!
Missing character: There is no d in font nullfont!
Missing character: There is no t in font nullfont!
Missing character: There is no r in font nullfont!
Missing character: There is no a in font nullfont!
Missing character: There is no n in font nullfont!
Missing character: There is no s in font nullfont!
Missing character: There is no v in font nullfont!
Missing character: There is no e in font nullfont!
Missing character: There is no r in font nullfont!
Missing character: There is no s in font nullfont!
Missing character: There is no e in font nullfont!
Missing character: There is no m in font nullfont!
Missing character: There is no o in font nullfont!
Missing character: There is no m in font nullfont!
Missing character: There is no e in font nullfont!
Missing character: There is no n in font nullfont!
Missing character: There is no t in font nullfont!
Missing character: There is no u in font nullfont!
Missing character: There is no m in font nullfont!
Missing character: There is no o in font nullfont!
Missing character: There is no f in font nullfont!
Missing character: There is no t in font nullfont!
Missing character: There is no h in font nullfont!
Missing character: There is no e in font nullfont!
Missing character: There is no f in font nullfont!
Missing character: There is no o in font nullfont!
Missing character: There is no u in font nullfont!
Missing character: There is no r in font nullfont!
Missing character: There is no - in font nullfont!
Missing character: There is no l in font nullfont!
Missing character: There is no e in font nullfont!
Missing character: There is no p in font nullfont!
Missing character: There is no t in font nullfont!
Missing character: There is no o in font nullfont!
Missing character: There is no n in font nullfont!
Missing character: There is no s in font nullfont!
Missing character: There is no y in font nullfont!
Missing character: There is no s in font nullfont!
Missing character: There is no t in font nullfont!
Missing character: There is no e in font nullfont!
Missing character: There is no m in font nullfont!
Missing character: There is no , in font nullfont!
Missing character: There is no a in font nullfont!
Missing character: There is no s in font nullfont!
Missing character: There is no s in font nullfont!
Missing character: There is no o in font nullfont!
Missing character: There is no c in font nullfont!
Missing character: There is no i in font nullfont!
Missing character: There is no a in font nullfont!
Missing character: There is no t in font nullfont!
Missing character: There is no e in font nullfont!
Missing character: There is no d in font nullfont!
Missing character: There is no j in font nullfont!
Missing character: There is no e in font nullfont!
Missing character: There is no t in font nullfont!
Missing character: There is no m in font nullfont!
Missing character: There is no u in font nullfont!
Missing character: There is no l in font nullfont!
Missing character: There is no t in font nullfont!
Missing character: There is no i in font nullfont!
Missing character: There is no p in font nullfont!
Missing character: There is no l in font nullfont!
Missing character: There is no i in font nullfont!
Missing character: There is no c in font nullfont!
Missing character: There is no i in font nullfont!
Missing character: There is no t in font nullfont!
Missing character: There is no y in font nullfont!
Missing character: There is no , in font nullfont!
Missing character: There is no t in font nullfont!
Missing character: There is no r in font nullfont!
Missing character: There is no a in font nullfont!
Missing character: There is no n in font nullfont!
Missing character: There is no s in font nullfont!
Missing character: There is no v in font nullfont!
Missing character: There is no e in font nullfont!
Missing character: There is no r in font nullfont!
Missing character: There is no s in font nullfont!
Missing character: There is no e in font nullfont!
Missing character: There is no m in font nullfont!
Missing character: There is no o in font nullfont!
Missing character: There is no m in font nullfont!
Missing character: There is no e in font nullfont!
Missing character: There is no n in font nullfont!
Missing character: There is no t in font nullfont!
Missing character: There is no u in font nullfont!
Missing character: There is no m in font nullfont!
Missing character: There is no o in font nullfont!
Missing character: There is no f in font nullfont!
Missing character: There is no t in font nullfont!
Missing character: There is no h in font nullfont!
Missing character: There is no e in font nullfont!
Missing character: There is no l in font nullfont!
Missing character: There is no e in font nullfont!
Missing character: There is no a in font nullfont!
Missing character: There is no d in font nullfont!
Missing character: There is no i in font nullfont!
Missing character: There is no n in font nullfont!
Missing character: There is no g in font nullfont!
Missing character: There is no j in font nullfont!
Missing character: There is no e in font nullfont!
Missing character: There is no t in font nullfont!
Missing character: There is no a in font nullfont!
Missing character: There is no n in font nullfont!
Missing character: There is no d in font nullfont!
Missing character: There is no s in font nullfont!
Missing character: There is no e in font nullfont!
Missing character: There is no p in font nullfont!
Missing character: There is no a in font nullfont!
Missing character: There is no r in font nullfont!
Missing character: There is no a in font nullfont!
Missing character: There is no t in font nullfont!
Missing character: There is no i in font nullfont!
Missing character: There is no o in font nullfont!
Missing character: There is no n in font nullfont!
Missing character: There is no b in font nullfont!
Missing character: There is no e in font nullfont!
Missing character: There is no t in font nullfont!
Missing character: There is no w in font nullfont!
Missing character: There is no e in font nullfont!
Missing character: There is no e in font nullfont!
Missing character: There is no n in font nullfont!
Missing character: There is no t in font nullfont!
Missing character: There is no h in font nullfont!
Missing character: There is no e in font nullfont!
Missing character: There is no l in font nullfont!
Missing character: There is no e in font nullfont!
Missing character: There is no a in font nullfont!
Missing character: There is no d in font nullfont!
Missing character: There is no i in font nullfont!
Missing character: There is no n in font nullfont!
Missing character: There is no g in font nullfont!
Missing character: There is no j in font nullfont!
Missing character: There is no e in font nullfont!
Missing character: There is no t in font nullfont!
Missing character: There is no a in font nullfont!
Missing character: There is no n in font nullfont!
Missing character: There is no d in font nullfont!
Missing character: There is no t in font nullfont!
Missing character: There is no h in font nullfont!
Missing character: There is no e in font nullfont!
Missing character: There is no H in font nullfont!
Missing character: There is no i in font nullfont!
Missing character: There is no g in font nullfont!
Missing character: There is no g in font nullfont!
Missing character: There is no s in font nullfont!
Missing character: There is no b in font nullfont!
Missing character: There is no o in font nullfont!
Missing character: There is no s in font nullfont!
Missing character: There is no o in font nullfont!
Missing character: There is no n in font nullfont!
Missing character: There is no c in font nullfont!
Missing character: There is no a in font nullfont!
Missing character: There is no n in font nullfont!
Missing character: There is no d in font nullfont!
Missing character: There is no i in font nullfont!
Missing character: There is no d in font nullfont!
Missing character: There is no a in font nullfont!
Missing character: There is no t in font nullfont!
Missing character: There is no e in font nullfont!
Missing character: There is no . in font nullfont!
Missing character: There is no T in font nullfont!
Missing character: There is no h in font nullfont!
Missing character: There is no e in font nullfont!
Missing character: There is no s in font nullfont!
Missing character: There is no e in font nullfont!
Missing character: There is no d in font nullfont!
Missing character: There is no i in font nullfont!
Missing character: There is no f in font nullfont!
Missing character: There is no f in font nullfont!
Missing character: There is no e in font nullfont!
Missing character: There is no r in font nullfont!
Missing character: There is no e in font nullfont!
Missing character: There is no n in font nullfont!
Missing character: There is no t in font nullfont!
Missing character: There is no i in font nullfont!
Missing character: There is no a in font nullfont!
Missing character: There is no l in font nullfont!
Missing character: There is no d in font nullfont!
Missing character: There is no i in font nullfont!
Missing character: There is no s in font nullfont!
Missing character: There is no t in font nullfont!
Missing character: There is no r in font nullfont!
Missing character: There is no i in font nullfont!
Missing character: There is no b in font nullfont!
Missing character: There is no u in font nullfont!
Missing character: There is no t in font nullfont!
Missing character: There is no i in font nullfont!
Missing character: There is no o in font nullfont!
Missing character: There is no n in font nullfont!
Missing character: There is no s in font nullfont!
Missing character: There is no a in font nullfont!
Missing character: There is no r in font nullfont!
Missing character: There is no e in font nullfont!
Missing character: There is no s in font nullfont!
Missing character: There is no e in font nullfont!
Missing character: There is no n in font nullfont!
Missing character: There is no s in font nullfont!
Missing character: There is no i in font nullfont!
Missing character: There is no t in font nullfont!
Missing character: There is no i in font nullfont!
Missing character: There is no v in font nullfont!
Missing character: There is no e in font nullfont!
Missing character: There is no t in font nullfont!
Missing character: There is no o in font nullfont!
Missing character: There is no g in font nullfont!
Missing character: There is no l in font nullfont!
Missing character: There is no u in font nullfont!
Missing character: There is no o in font nullfont!
Missing character: There is no n in font nullfont!
Missing character: There is no f in font nullfont!
Missing character: There is no u in font nullfont!
Missing character: There is no s in font nullfont!
Missing character: There is no i in font nullfont!
Missing character: There is no o in font nullfont!
Missing character: There is no n in font nullfont!
Missing character: There is no p in font nullfont!
Missing character: There is no r in font nullfont!
Missing character: There is no o in font nullfont!
Missing character: There is no d in font nullfont!
Missing character: There is no u in font nullfont!
Missing character: There is no c in font nullfont!
Missing character: There is no t in font nullfont!
Missing character: There is no i in font nullfont!
Missing character: There is no o in font nullfont!
Missing character: There is no n in font nullfont!
Missing character: There is no m in font nullfont!
Missing character: There is no e in font nullfont!
Missing character: There is no c in font nullfont!
Missing character: There is no h in font nullfont!
Missing character: There is no a in font nullfont!
Missing character: There is no n in font nullfont!
Missing character: There is no i in font nullfont!
Missing character: There is no s in font nullfont!
Missing character: There is no m in font nullfont!
Missing character: There is no , in font nullfont!
Missing character: There is no P in font nullfont!
Missing character: There is no D in font nullfont!
Missing character: There is no F in font nullfont!
Missing character: There is no s in font nullfont!
Missing character: There is no o in font nullfont!
Missing character: There is no f in font nullfont!
Missing character: There is no c in font nullfont!
Missing character: There is no o in font nullfont!
Missing character: There is no l in font nullfont!
Missing character: There is no l in font nullfont!
Missing character: There is no i in font nullfont!
Missing character: There is no d in font nullfont!
Missing character: There is no i in font nullfont!
Missing character: There is no n in font nullfont!
Missing character: There is no g in font nullfont!
Missing character: There is no p in font nullfont!
Missing character: There is no r in font nullfont!
Missing character: There is no o in font nullfont!
Missing character: There is no t in font nullfont!
Missing character: There is no o in font nullfont!
Missing character: There is no n in font nullfont!
Missing character: There is no s in font nullfont!
Missing character: There is no , in font nullfont!
Missing character: There is no t in font nullfont!
Missing character: There is no h in font nullfont!
Missing character: There is no e in font nullfont!
Missing character: There is no o in font nullfont!
Missing character: There is no r in font nullfont!
Missing character: There is no e in font nullfont!
Missing character: There is no t in font nullfont!
Missing character: There is no i in font nullfont!
Missing character: There is no c in font nullfont!
Missing character: There is no a in font nullfont!
Missing character: There is no l in font nullfont!
Missing character: There is no m in font nullfont!
Missing character: There is no o in font nullfont!
Missing character: There is no d in font nullfont!
Missing character: There is no e in font nullfont!
Missing character: There is no l in font nullfont!
Missing character: There is no i in font nullfont!
Missing character: There is no n in font nullfont!
Missing character: There is no g in font nullfont!
Missing character: There is no o in font nullfont!
Missing character: There is no f in font nullfont!
Missing character: There is no h in font nullfont!
Missing character: There is no a in font nullfont!
Missing character: There is no r in font nullfont!
Missing character: There is no d in font nullfont!
Missing character: There is no q in font nullfont!
Missing character: There is no u in font nullfont!
Missing character: There is no a in font nullfont!
Missing character: There is no r in font nullfont!
Missing character: There is no k in font nullfont!
Missing character: There is no s in font nullfont!
Missing character: There is no r in font nullfont!
Missing character: There is no a in font nullfont!
Missing character: There is no d in font nullfont!
Missing character: There is no i in font nullfont!
Missing character: There is no a in font nullfont!
Missing character: There is no t in font nullfont!
Missing character: There is no i in font nullfont!
Missing character: There is no o in font nullfont!
Missing character: There is no n in font nullfont!
Missing character: There is no s in font nullfont!
Missing character: There is no a in font nullfont!
Missing character: There is no n in font nullfont!
Missing character: There is no d in font nullfont!
Missing character: There is no r in font nullfont!
Missing character: There is no e in font nullfont!
Missing character: There is no l in font nullfont!
Missing character: There is no a in font nullfont!
Missing character: There is no t in font nullfont!
Missing character: There is no i in font nullfont!
Missing character: There is no v in font nullfont!
Missing character: There is no e in font nullfont!
Missing character: There is no c in font nullfont!
Missing character: There is no o in font nullfont!
Missing character: There is no n in font nullfont!
Missing character: There is no t in font nullfont!
Missing character: There is no r in font nullfont!
Missing character: There is no i in font nullfont!
Missing character: There is no b in font nullfont!
Missing character: There is no u in font nullfont!
Missing character: There is no t in font nullfont!
Missing character: There is no i in font nullfont!
Missing character: There is no o in font nullfont!
Missing character: There is no n in font nullfont!
Missing character: There is no s in font nullfont!
Missing character: There is no o in font nullfont!
Missing character: There is no f in font nullfont!
Missing character: There is no d in font nullfont!
Missing character: There is no i in font nullfont!
Missing character: There is no f in font nullfont!
Missing character: There is no f in font nullfont!
Missing character: There is no e in font nullfont!
Missing character: There is no r in font nullfont!
Missing character: There is no e in font nullfont!
Missing character: There is no n in font nullfont!
Missing character: There is no t in font nullfont!
Missing character: There is no H in font nullfont!
Missing character: There is no i in font nullfont!
Missing character: There is no g in font nullfont!
Missing character: There is no g in font nullfont!
Missing character: There is no s in font nullfont!
Missing character: There is no b in font nullfont!
Missing character: There is no o in font nullfont!
Missing character: There is no s in font nullfont!
Missing character: There is no o in font nullfont!
Missing character: There is no n in font nullfont!
Missing character: There is no p in font nullfont!
Missing character: There is no r in font nullfont!
Missing character: There is no o in font nullfont!
Missing character: There is no d in font nullfont!
Missing character: There is no u in font nullfont!
Missing character: There is no c in font nullfont!
Missing character: There is no t in font nullfont!
Missing character: There is no i in font nullfont!
Missing character: There is no o in font nullfont!
Missing character: There is no n in font nullfont!
Missing character: There is no m in font nullfont!
Missing character: There is no e in font nullfont!
Missing character: There is no c in font nullfont!
Missing character: There is no h in font nullfont!
Missing character: There is no a in font nullfont!
Missing character: There is no n in font nullfont!
Missing character: There is no i in font nullfont!
Missing character: There is no s in font nullfont!
Missing character: There is no m in font nullfont!
Missing character: There is no s in font nullfont!
Missing character: There is no . in font nullfont!
Missing character: There is no T in font nullfont!
Missing character: There is no h in font nullfont!
Missing character: There is no e in font nullfont!
Missing character: There is no r in font nullfont!
Missing character: There is no e in font nullfont!
Missing character: There is no s in font nullfont!
Missing character: There is no u in font nullfont!
Missing character: There is no l in font nullfont!
Missing character: There is no t in font nullfont!
Missing character: There is no s in font nullfont!
Missing character: There is no a in font nullfont!
Missing character: There is no r in font nullfont!
Missing character: There is no e in font nullfont!
Missing character: There is no a in font nullfont!
Missing character: There is no l in font nullfont!
Missing character: There is no s in font nullfont!
Missing character: There is no o in font nullfont!
Missing character: There is no p in font nullfont!
Missing character: There is no r in font nullfont!
Missing character: There is no o in font nullfont!
Missing character: There is no d in font nullfont!
Missing character: There is no u in font nullfont!
Missing character: There is no c in font nullfont!
Missing character: There is no e in font nullfont!
Missing character: There is no d in font nullfont!
Missing character: There is no f in font nullfont!
Missing character: There is no o in font nullfont!
Missing character: There is no r in font nullfont!
Missing character: There is no k in font nullfont!
Missing character: There is no i in font nullfont!
Missing character: There is no n in font nullfont!
Missing character: There is no e in font nullfont!
Missing character: There is no m in font nullfont!
Missing character: There is no a in font nullfont!
Missing character: There is no t in font nullfont!
Missing character: There is no i in font nullfont!
Missing character: There is no c in font nullfont!
Missing character: There is no o in font nullfont!
Missing character: There is no b in font nullfont!
Missing character: There is no s in font nullfont!
Missing character: There is no e in font nullfont!
Missing character: There is no r in font nullfont!
Missing character: There is no v in font nullfont!
Missing character: There is no a in font nullfont!
Missing character: There is no b in font nullfont!
Missing character: There is no l in font nullfont!
Missing character: There is no e in font nullfont!
Missing character: There is no s in font nullfont!
Missing character: There is no w in font nullfont!
Missing character: There is no h in font nullfont!
Missing character: There is no i in font nullfont!
Missing character: There is no c in font nullfont!
Missing character: There is no h in font nullfont!
Missing character: There is no a in font nullfont!
Missing character: There is no r in font nullfont!
Missing character: There is no e in font nullfont!
Missing character: There is no s in font nullfont!
Missing character: There is no e in font nullfont!
Missing character: There is no n in font nullfont!
Missing character: There is no s in font nullfont!
Missing character: There is no i in font nullfont!
Missing character: There is no t in font nullfont!
Missing character: There is no i in font nullfont!
Missing character: There is no v in font nullfont!
Missing character: There is no e in font nullfont!
Missing character: There is no t in font nullfont!
Missing character: There is no o in font nullfont!
Missing character: There is no t in font nullfont!
Missing character: There is no h in font nullfont!
Missing character: There is no e in font nullfont!
Missing character: There is no H in font nullfont!
Missing character: There is no i in font nullfont!
Missing character: There is no g in font nullfont!
Missing character: There is no g in font nullfont!
Missing character: There is no s in font nullfont!
Missing character: There is no b in font nullfont!
Missing character: There is no o in font nullfont!
Missing character: There is no s in font nullfont!
Missing character: There is no o in font nullfont!
Missing character: There is no n in font nullfont!
Missing character: There is no d in font nullfont!
Missing character: There is no e in font nullfont!
Missing character: There is no c in font nullfont!
Missing character: There is no a in font nullfont!
Missing character: There is no y in font nullfont!
Missing character: There is no m in font nullfont!
Missing character: There is no e in font nullfont!
Missing character: There is no c in font nullfont!
Missing character: There is no h in font nullfont!
Missing character: There is no a in font nullfont!
Missing character: There is no n in font nullfont!
Missing character: There is no i in font nullfont!
Missing character: There is no s in font nullfont!
Missing character: There is no m in font nullfont!
Missing character: There is no s in font nullfont!
Missing character: There is no : in font nullfont!
Missing character: There is no t in font nullfont!
Missing character: There is no h in font nullfont!
Missing character: There is no e in font nullfont!
Missing character: There is no i in font nullfont!
Missing character: There is no n in font nullfont!
Missing character: There is no v in font nullfont!
Missing character: There is no a in font nullfont!
Missing character: There is no r in font nullfont!
Missing character: There is no i in font nullfont!
Missing character: There is no a in font nullfont!
Missing character: There is no n in font nullfont!
Missing character: There is no t in font nullfont!
Missing character: There is no m in font nullfont!
Missing character: There is no a in font nullfont!
Missing character: There is no s in font nullfont!
Missing character: There is no s in font nullfont!
Missing character: There is no e in font nullfont!
Missing character: There is no s in font nullfont!
Missing character: There is no o in font nullfont!
Missing character: There is no f in font nullfont!
Missing character: There is no t in font nullfont!
Missing character: There is no h in font nullfont!
Missing character: There is no e in font nullfont!
Missing character: There is no t in font nullfont!
Missing character: There is no w in font nullfont!
Missing character: There is no o in font nullfont!
Missing character: There is no l in font nullfont!
Missing character: There is no e in font nullfont!
Missing character: There is no p in font nullfont!
Missing character: There is no t in font nullfont!
Missing character: There is no o in font nullfont!
Missing character: There is no n in font nullfont!
Missing character: There is no p in font nullfont!
Missing character: There is no a in font nullfont!
Missing character: There is no i in font nullfont!
Missing character: There is no r in font nullfont!
Missing character: There is no s in font nullfont!
Missing character: There is no a in font nullfont!
Missing character: There is no n in font nullfont!
Missing character: There is no d in font nullfont!
Missing character: There is no f in font nullfont!
Missing character: There is no i in font nullfont!
Missing character: There is no v in font nullfont!
Missing character: There is no e in font nullfont!
Missing character: There is no h in font nullfont!
Missing character: There is no e in font nullfont!
Missing character: There is no l in font nullfont!
Missing character: There is no i in font nullfont!
Missing character: There is no c in font nullfont!
Missing character: There is no i in font nullfont!
Missing character: There is no t in font nullfont!
Missing character: There is no y in font nullfont!
Missing character: There is no a in font nullfont!
Missing character: There is no n in font nullfont!
Missing character: There is no g in font nullfont!
Missing character: There is no l in font nullfont!
Missing character: There is no e in font nullfont!
Missing character: There is no s in font nullfont!
Missing character: There is no f in font nullfont!
Missing character: There is no o in font nullfont!
Missing character: There is no r in font nullfont!
Missing character: There is no m in font nullfont!
Missing character: There is no e in font nullfont!
Missing character: There is no d in font nullfont!
Missing character: There is no b in font nullfont!
Missing character: There is no y in font nullfont!
Missing character: There is no t in font nullfont!
Missing character: There is no h in font nullfont!
Missing character: There is no e in font nullfont!
Missing character: There is no l in font nullfont!
Missing character: There is no e in font nullfont!
Missing character: There is no p in font nullfont!
Missing character: There is no t in font nullfont!
Missing character: There is no o in font nullfont!
Missing character: There is no n in font nullfont!
Missing character: There is no s in font nullfont!
Missing character: There is no i in font nullfont!
Missing character: There is no n in font nullfont!
Missing character: There is no t in font nullfont!
Missing character: There is no h in font nullfont!
Missing character: There is no e in font nullfont!
Missing character: There is no C in font nullfont!
Missing character: There is no o in font nullfont!
Missing character: There is no l in font nullfont!
Missing character: There is no l in font nullfont!
Missing character: There is no i in font nullfont!
Missing character: There is no n in font nullfont!
Missing character: There is no s in font nullfont!
Missing character: There is no - in font nullfont!
Missing character: There is no S in font nullfont!
Missing character: There is no o in font nullfont!
Missing character: There is no p in font nullfont!
Missing character: There is no e in font nullfont!
Missing character: There is no r in font nullfont!
Missing character: There is no f in font nullfont!
Missing character: There is no r in font nullfont!
Missing character: There is no a in font nullfont!
Missing character: There is no m in font nullfont!
Missing character: There is no e in font nullfont!
Missing character: There is no [ in font nullfont!
\citation{Reference40}
! Undefined control sequence.
<write> ...: Citation `\@citeb ' on page \thepage 
                                                  \space undefined\on@line .
l.47 ...the Collins-Soper frame~\cite{Reference40}
                                                  .
The control sequence at the end of the top line
of your error message was never \def'ed. If you have
misspelled it (e.g., `\hobx'), type `I' and the correct
spelling (e.g., `I\hbox'). Otherwise just continue,
and I'll forget about whatever was undefined.


LaTeX Warning: Citation `Reference40' on page  undefined on input line 47.

Missing character: There is no ] in font nullfont!
Missing character: There is no . in font nullfont!

Overfull \hbox (20.0pt too wide) in paragraph at lines 41--48
[]
 []


Overfull \hbox (5.43053pt too wide) in paragraph at lines 41--48
[] 
 []


! LaTeX Error: Missing \begin{document}.

See the LaTeX manual or LaTeX Companion for explanation.
Type  H <return>  for immediate help.
 ...                                              
                                                  
l.49 \par T
           he fragmentation of the dissertation is  systematized as follows....

You're in trouble here.  Try typing  <return>  to proceed.
If that doesn't work, type  X <return>  to quit.

Missing character: There is no T in font nullfont!
Missing character: There is no h in font nullfont!
Missing character: There is no e in font nullfont!
Missing character: There is no f in font nullfont!
Missing character: There is no r in font nullfont!
Missing character: There is no a in font nullfont!
Missing character: There is no g in font nullfont!
Missing character: There is no m in font nullfont!
Missing character: There is no e in font nullfont!
Missing character: There is no n in font nullfont!
Missing character: There is no t in font nullfont!
Missing character: There is no a in font nullfont!
Missing character: There is no t in font nullfont!
Missing character: There is no i in font nullfont!
Missing character: There is no o in font nullfont!
Missing character: There is no n in font nullfont!
Missing character: There is no o in font nullfont!
Missing character: There is no f in font nullfont!
Missing character: There is no t in font nullfont!
Missing character: There is no h in font nullfont!
Missing character: There is no e in font nullfont!
Missing character: There is no d in font nullfont!
Missing character: There is no i in font nullfont!
Missing character: There is no s in font nullfont!
Missing character: There is no s in font nullfont!
Missing character: There is no e in font nullfont!
Missing character: There is no r in font nullfont!
Missing character: There is no t in font nullfont!
Missing character: There is no a in font nullfont!
Missing character: There is no t in font nullfont!
Missing character: There is no i in font nullfont!
Missing character: There is no o in font nullfont!
Missing character: There is no n in font nullfont!
Missing character: There is no i in font nullfont!
Missing character: There is no s in font nullfont!
Missing character: There is no s in font nullfont!
Missing character: There is no y in font nullfont!
Missing character: There is no s in font nullfont!
Missing character: There is no t in font nullfont!
Missing character: There is no e in font nullfont!
Missing character: There is no m in font nullfont!
Missing character: There is no a in font nullfont!
Missing character: There is no t in font nullfont!
Missing character: There is no i in font nullfont!
Missing character: There is no z in font nullfont!
Missing character: There is no e in font nullfont!
Missing character: There is no d in font nullfont!
Missing character: There is no a in font nullfont!
Missing character: There is no s in font nullfont!
Missing character: There is no f in font nullfont!
Missing character: There is no o in font nullfont!
Missing character: There is no l in font nullfont!
Missing character: There is no l in font nullfont!
Missing character: There is no o in font nullfont!
Missing character: There is no w in font nullfont!
Missing character: There is no s in font nullfont!
Missing character: There is no . in font nullfont!
Missing character: There is no A in font nullfont!
Missing character: There is no n in font nullfont!
Missing character: There is no o in font nullfont!
Missing character: There is no v in font nullfont!
Missing character: There is no e in font nullfont!
Missing character: There is no r in font nullfont!
Missing character: There is no v in font nullfont!
Missing character: There is no i in font nullfont!
Missing character: There is no e in font nullfont!
Missing character: There is no w in font nullfont!
Missing character: There is no o in font nullfont!
Missing character: There is no f in font nullfont!
Missing character: There is no t in font nullfont!
Missing character: There is no h in font nullfont!
Missing character: There is no e in font nullfont!
Missing character: There is no S in font nullfont!
Missing character: There is no M in font nullfont!
Missing character: There is no , in font nullfont!
Missing character: There is no H in font nullfont!
Missing character: There is no i in font nullfont!
Missing character: There is no g in font nullfont!
Missing character: There is no g in font nullfont!
Missing character: There is no s in font nullfont!
Missing character: There is no b in font nullfont!
Missing character: There is no o in font nullfont!
Missing character: There is no s in font nullfont!
Missing character: There is no o in font nullfont!
Missing character: There is no n in font nullfont!
Missing character: There is no p in font nullfont!
Missing character: There is no r in font nullfont!
Missing character: There is no o in font nullfont!
Missing character: There is no d in font nullfont!
Missing character: There is no u in font nullfont!
Missing character: There is no c in font nullfont!
Missing character: There is no t in font nullfont!
Missing character: There is no i in font nullfont!
Missing character: There is no o in font nullfont!
Missing character: There is no n in font nullfont!
Missing character: There is no a in font nullfont!
Missing character: There is no n in font nullfont!
Missing character: There is no d in font nullfont!
Missing character: There is no d in font nullfont!
Missing character: There is no e in font nullfont!
Missing character: There is no c in font nullfont!
Missing character: There is no a in font nullfont!
Missing character: There is no y in font nullfont!
Missing character: There is no s in font nullfont!
Missing character: There is no a in font nullfont!
Missing character: There is no r in font nullfont!
Missing character: There is no e in font nullfont!
Missing character: There is no d in font nullfont!
Missing character: There is no e in font nullfont!
Missing character: There is no s in font nullfont!
Missing character: There is no c in font nullfont!
Missing character: There is no r in font nullfont!
Missing character: There is no i in font nullfont!
Missing character: There is no b in font nullfont!
Missing character: There is no e in font nullfont!
Missing character: There is no d in font nullfont!
Missing character: There is no i in font nullfont!
Missing character: There is no n in font nullfont!
Missing character: There is no C in font nullfont!
Missing character: There is no h in font nullfont!
Missing character: There is no a in font nullfont!
Missing character: There is no p in font nullfont!
Missing character: There is no t in font nullfont!
Missing character: There is no e in font nullfont!
Missing character: There is no r in font nullfont!
! Undefined control sequence.
<write> ... Reference `Chapter1' on page \thepage 
                                                  \space undefined\on@line .
l.50 \ref{Chapter1}
                   . The
The control sequence at the end of the top line
of your error message was never \def'ed. If you have
misspelled it (e.g., `\hobx'), type `I' and the correct
spelling (e.g., `I\hbox'). Otherwise just continue,
and I'll forget about whatever was undefined.


LaTeX Warning: Reference `Chapter1' on page  undefined on input line 50.

Missing character: There is no . in font nullfont!
Missing character: There is no T in font nullfont!
Missing character: There is no h in font nullfont!
Missing character: There is no e in font nullfont!
Missing character: There is no o in font nullfont!
Missing character: There is no v in font nullfont!
Missing character: There is no e in font nullfont!
Missing character: There is no r in font nullfont!
Missing character: There is no v in font nullfont!
Missing character: There is no i in font nullfont!
Missing character: There is no e in font nullfont!
Missing character: There is no w in font nullfont!
Missing character: There is no o in font nullfont!
Missing character: There is no f in font nullfont!
Missing character: There is no L in font nullfont!
Missing character: There is no H in font nullfont!
Missing character: There is no C in font nullfont!
Missing character: There is no a in font nullfont!
Missing character: There is no n in font nullfont!
Missing character: There is no d in font nullfont!
Missing character: There is no C in font nullfont!
Missing character: There is no M in font nullfont!
Missing character: There is no S in font nullfont!
Missing character: There is no d in font nullfont!
Missing character: There is no e in font nullfont!
Missing character: There is no t in font nullfont!
Missing character: There is no e in font nullfont!
Missing character: There is no c in font nullfont!
Missing character: There is no t in font nullfont!
Missing character: There is no o in font nullfont!
Missing character: There is no r in font nullfont!
Missing character: There is no a in font nullfont!
Missing character: There is no r in font nullfont!
Missing character: There is no e in font nullfont!
Missing character: There is no p in font nullfont!
Missing character: There is no r in font nullfont!
Missing character: There is no e in font nullfont!
Missing character: There is no s in font nullfont!
Missing character: There is no e in font nullfont!
Missing character: There is no n in font nullfont!
Missing character: There is no t in font nullfont!
Missing character: There is no e in font nullfont!
Missing character: There is no d in font nullfont!
Missing character: There is no i in font nullfont!
Missing character: There is no n in font nullfont!
Missing character: There is no C in font nullfont!
Missing character: There is no h in font nullfont!
Missing character: There is no a in font nullfont!
Missing character: There is no p in font nullfont!
Missing character: There is no t in font nullfont!
Missing character: There is no e in font nullfont!
Missing character: There is no r in font nullfont!
! Undefined control sequence.
<write> ... Reference `Chapter2' on page \thepage 
                                                  \space undefined\on@line .
l.51 ...or are presented in Chapter \ref{Chapter2}
                                                  . The calibrations and rec...
The control sequence at the end of the top line
of your error message was never \def'ed. If you have
misspelled it (e.g., `\hobx'), type `I' and the correct
spelling (e.g., `I\hbox'). Otherwise just continue,
and I'll forget about whatever was undefined.


LaTeX Warning: Reference `Chapter2' on page  undefined on input line 51.

Missing character: There is no . in font nullfont!
Missing character: There is no T in font nullfont!
Missing character: There is no h in font nullfont!
Missing character: There is no e in font nullfont!
Missing character: There is no c in font nullfont!
Missing character: There is no a in font nullfont!
Missing character: There is no l in font nullfont!
Missing character: There is no i in font nullfont!
Missing character: There is no b in font nullfont!
Missing character: There is no r in font nullfont!
Missing character: There is no a in font nullfont!
Missing character: There is no t in font nullfont!
Missing character: There is no i in font nullfont!
Missing character: There is no o in font nullfont!
Missing character: There is no n in font nullfont!
Missing character: There is no s in font nullfont!
Missing character: There is no a in font nullfont!
Missing character: There is no n in font nullfont!
Missing character: There is no d in font nullfont!
Missing character: There is no r in font nullfont!
Missing character: There is no e in font nullfont!
Missing character: There is no c in font nullfont!
Missing character: There is no o in font nullfont!
Missing character: There is no n in font nullfont!
Missing character: There is no s in font nullfont!
Missing character: There is no t in font nullfont!
Missing character: There is no r in font nullfont!
Missing character: There is no u in font nullfont!
Missing character: There is no c in font nullfont!
Missing character: There is no t in font nullfont!
Missing character: There is no i in font nullfont!
Missing character: There is no o in font nullfont!
Missing character: There is no n in font nullfont!
Missing character: There is no s in font nullfont!
Missing character: There is no o in font nullfont!
Missing character: There is no f in font nullfont!
Missing character: There is no t in font nullfont!
Missing character: There is no h in font nullfont!
Missing character: There is no e in font nullfont!
Missing character: There is no p in font nullfont!
Missing character: There is no h in font nullfont!
Missing character: There is no y in font nullfont!
Missing character: There is no s in font nullfont!
Missing character: There is no i in font nullfont!
Missing character: There is no c in font nullfont!
Missing character: There is no s in font nullfont!
Missing character: There is no o in font nullfont!
Missing character: There is no b in font nullfont!
Missing character: There is no j in font nullfont!
Missing character: There is no e in font nullfont!
Missing character: There is no c in font nullfont!
Missing character: There is no t in font nullfont!
Missing character: There is no s in font nullfont!
Missing character: There is no i in font nullfont!
Missing character: There is no n in font nullfont!
Missing character: There is no t in font nullfont!
Missing character: There is no h in font nullfont!
Missing character: There is no e in font nullfont!
Missing character: There is no C in font nullfont!
Missing character: There is no M in font nullfont!
Missing character: There is no S in font nullfont!
Missing character: There is no d in font nullfont!
Missing character: There is no e in font nullfont!
Missing character: There is no t in font nullfont!
Missing character: There is no e in font nullfont!
Missing character: There is no c in font nullfont!
Missing character: There is no t in font nullfont!
Missing character: There is no o in font nullfont!
Missing character: There is no r in font nullfont!
Missing character: There is no a in font nullfont!
Missing character: There is no r in font nullfont!
Missing character: There is no e in font nullfont!
Missing character: There is no d in font nullfont!
Missing character: There is no e in font nullfont!
Missing character: There is no s in font nullfont!
Missing character: There is no c in font nullfont!
Missing character: There is no r in font nullfont!
Missing character: There is no i in font nullfont!
Missing character: There is no b in font nullfont!
Missing character: There is no e in font nullfont!
Missing character: There is no d in font nullfont!
Missing character: There is no i in font nullfont!
Missing character: There is no n in font nullfont!
Missing character: There is no C in font nullfont!
Missing character: There is no h in font nullfont!
Missing character: There is no a in font nullfont!
Missing character: There is no p in font nullfont!
Missing character: There is no t in font nullfont!
Missing character: There is no e in font nullfont!
Missing character: There is no r in font nullfont!
! Undefined control sequence.
<write> ...nce `chapter_objects' on page \thepage 
                                                  \space undefined\on@line .
l.52 described in Chapter \ref{chapter_objects}
                                               .
The control sequence at the end of the top line
of your error message was never \def'ed. If you have
misspelled it (e.g., `\hobx'), type `I' and the correct
spelling (e.g., `I\hbox'). Otherwise just continue,
and I'll forget about whatever was undefined.


LaTeX Warning: Reference `chapter_objects' on page  undefined on input line 52.


Missing character: There is no . in font nullfont!
Missing character: There is no C in font nullfont!
Missing character: There is no h in font nullfont!
Missing character: There is no a in font nullfont!
Missing character: There is no p in font nullfont!
Missing character: There is no t in font nullfont!
Missing character: There is no e in font nullfont!
Missing character: There is no r in font nullfont!
! Undefined control sequence.
<write> ... Reference `Chapter4' on page \thepage 
                                                  \space undefined\on@line .
l.53 Chapter \ref{Chapter4}
                            presents the measurements of differential and in...
The control sequence at the end of the top line
of your error message was never \def'ed. If you have
misspelled it (e.g., `\hobx'), type `I' and the correct
spelling (e.g., `I\hbox'). Otherwise just continue,
and I'll forget about whatever was undefined.


LaTeX Warning: Reference `Chapter4' on page  undefined on input line 53.

Missing character: There is no p in font nullfont!
Missing character: There is no r in font nullfont!
Missing character: There is no e in font nullfont!
Missing character: There is no s in font nullfont!
Missing character: There is no e in font nullfont!
Missing character: There is no n in font nullfont!
Missing character: There is no t in font nullfont!
Missing character: There is no s in font nullfont!
Missing character: There is no t in font nullfont!
Missing character: There is no h in font nullfont!
Missing character: There is no e in font nullfont!
Missing character: There is no m in font nullfont!
Missing character: There is no e in font nullfont!
Missing character: There is no a in font nullfont!
Missing character: There is no s in font nullfont!
Missing character: There is no u in font nullfont!
Missing character: There is no r in font nullfont!
Missing character: There is no e in font nullfont!
Missing character: There is no m in font nullfont!
Missing character: There is no e in font nullfont!
Missing character: There is no n in font nullfont!
Missing character: There is no t in font nullfont!
Missing character: There is no s in font nullfont!
Missing character: There is no o in font nullfont!
Missing character: There is no f in font nullfont!
Missing character: There is no d in font nullfont!
Missing character: There is no i in font nullfont!
Missing character: There is no f in font nullfont!
Missing character: There is no f in font nullfont!
Missing character: There is no e in font nullfont!
Missing character: There is no r in font nullfont!
Missing character: There is no e in font nullfont!
Missing character: There is no n in font nullfont!
Missing character: There is no t in font nullfont!
Missing character: There is no i in font nullfont!
Missing character: There is no a in font nullfont!
Missing character: There is no l in font nullfont!
Missing character: There is no a in font nullfont!
Missing character: There is no n in font nullfont!
Missing character: There is no d in font nullfont!
Missing character: There is no i in font nullfont!
Missing character: There is no n in font nullfont!
Missing character: There is no t in font nullfont!
Missing character: There is no e in font nullfont!
Missing character: There is no g in font nullfont!
Missing character: There is no r in font nullfont!
Missing character: There is no a in font nullfont!
Missing character: There is no t in font nullfont!
Missing character: There is no e in font nullfont!
Missing character: There is no d in font nullfont!
Missing character: There is no f in font nullfont!
Missing character: There is no i in font nullfont!
Missing character: There is no d in font nullfont!
Missing character: There is no u in font nullfont!
Missing character: There is no c in font nullfont!
Missing character: There is no i in font nullfont!
Missing character: There is no a in font nullfont!
Missing character: There is no l in font nullfont!
Missing character: There is no c in font nullfont!
Missing character: There is no r in font nullfont!
Missing character: There is no o in font nullfont!
Missing character: There is no s in font nullfont!
Missing character: There is no s in font nullfont!
Missing character: There is no s in font nullfont!
Missing character: There is no e in font nullfont!
Missing character: There is no c in font nullfont!
Missing character: There is no t in font nullfont!
Missing character: There is no i in font nullfont!
Missing character: There is no o in font nullfont!
Missing character: There is no n in font nullfont!
Missing character: There is no s in font nullfont!
Missing character: There is no f in font nullfont!
Missing character: There is no o in font nullfont!
Missing character: There is no r in font nullfont!
Missing character: There is no H in font nullfont!
Missing character: There is no i in font nullfont!
Missing character: There is no g in font nullfont!
Missing character: There is no g in font nullfont!
Missing character: There is no s in font nullfont!
Missing character: There is no b in font nullfont!
Missing character: There is no o in font nullfont!
Missing character: There is no s in font nullfont!
Missing character: There is no o in font nullfont!
Missing character: There is no n in font nullfont!
Missing character: There is no p in font nullfont!
Missing character: There is no r in font nullfont!
Missing character: There is no o in font nullfont!
Missing character: There is no d in font nullfont!
Missing character: There is no u in font nullfont!
Missing character: There is no c in font nullfont!
Missing character: There is no t in font nullfont!
Missing character: There is no i in font nullfont!
Missing character: There is no o in font nullfont!
Missing character: There is no n in font nullfont!
Missing character: There is no a in font nullfont!
Missing character: There is no t in font nullfont!
Missing character: There is no T in font nullfont!
Missing character: There is no e in font nullfont!
Missing character: There is no V in font nullfont!
Missing character: There is no . in font nullfont!
Missing character: There is no C in font nullfont!
Missing character: There is no h in font nullfont!
Missing character: There is no a in font nullfont!
Missing character: There is no p in font nullfont!
Missing character: There is no t in font nullfont!
Missing character: There is no e in font nullfont!
Missing character: There is no r in font nullfont!
! Undefined control sequence.
<write> ... Reference `Chapter5' on page \thepage 
                                                  \space undefined\on@line .
l.54 Chapter \ref{Chapter5}
                            presents the measurements of differential and in...
The control sequence at the end of the top line
of your error message was never \def'ed. If you have
misspelled it (e.g., `\hobx'), type `I' and the correct
spelling (e.g., `I\hbox'). Otherwise just continue,
and I'll forget about whatever was undefined.


LaTeX Warning: Reference `Chapter5' on page  undefined on input line 54.

Missing character: There is no p in font nullfont!
Missing character: There is no r in font nullfont!
Missing character: There is no e in font nullfont!
Missing character: There is no s in font nullfont!
Missing character: There is no e in font nullfont!
Missing character: There is no n in font nullfont!
Missing character: There is no t in font nullfont!
Missing character: There is no s in font nullfont!
Missing character: There is no t in font nullfont!
Missing character: There is no h in font nullfont!
Missing character: There is no e in font nullfont!
Missing character: There is no m in font nullfont!
Missing character: There is no e in font nullfont!
Missing character: There is no a in font nullfont!
Missing character: There is no s in font nullfont!
Missing character: There is no u in font nullfont!
Missing character: There is no r in font nullfont!
Missing character: There is no e in font nullfont!
Missing character: There is no m in font nullfont!
Missing character: There is no e in font nullfont!
Missing character: There is no n in font nullfont!
Missing character: There is no t in font nullfont!
Missing character: There is no s in font nullfont!
Missing character: There is no o in font nullfont!
Missing character: There is no f in font nullfont!
Missing character: There is no d in font nullfont!
Missing character: There is no i in font nullfont!
Missing character: There is no f in font nullfont!
Missing character: There is no f in font nullfont!
Missing character: There is no e in font nullfont!
Missing character: There is no r in font nullfont!
Missing character: There is no e in font nullfont!
Missing character: There is no n in font nullfont!
Missing character: There is no t in font nullfont!
Missing character: There is no i in font nullfont!
Missing character: There is no a in font nullfont!
Missing character: There is no l in font nullfont!
Missing character: There is no a in font nullfont!
Missing character: There is no n in font nullfont!
Missing character: There is no d in font nullfont!
Missing character: There is no i in font nullfont!
Missing character: There is no n in font nullfont!
Missing character: There is no t in font nullfont!
Missing character: There is no e in font nullfont!
Missing character: There is no g in font nullfont!
Missing character: There is no r in font nullfont!
Missing character: There is no a in font nullfont!
Missing character: There is no t in font nullfont!
Missing character: There is no e in font nullfont!
Missing character: There is no d in font nullfont!
Missing character: There is no f in font nullfont!
Missing character: There is no i in font nullfont!
Missing character: There is no d in font nullfont!
Missing character: There is no u in font nullfont!
Missing character: There is no c in font nullfont!
Missing character: There is no i in font nullfont!
Missing character: There is no a in font nullfont!
Missing character: There is no l in font nullfont!
Missing character: There is no c in font nullfont!
Missing character: There is no r in font nullfont!
Missing character: There is no o in font nullfont!
Missing character: There is no s in font nullfont!
Missing character: There is no s in font nullfont!
Missing character: There is no s in font nullfont!
Missing character: There is no e in font nullfont!
Missing character: There is no c in font nullfont!
Missing character: There is no t in font nullfont!
Missing character: There is no i in font nullfont!
Missing character: There is no o in font nullfont!
Missing character: There is no n in font nullfont!
Missing character: There is no s in font nullfont!
Missing character: There is no f in font nullfont!
Missing character: There is no o in font nullfont!
Missing character: There is no r in font nullfont!
Missing character: There is no Z in font nullfont!
Missing character: There is no b in font nullfont!
Missing character: There is no o in font nullfont!
Missing character: There is no s in font nullfont!
Missing character: There is no o in font nullfont!
Missing character: There is no n in font nullfont!
Missing character: There is no p in font nullfont!
Missing character: There is no r in font nullfont!
Missing character: There is no o in font nullfont!
Missing character: There is no d in font nullfont!
Missing character: There is no u in font nullfont!
Missing character: There is no c in font nullfont!
Missing character: There is no t in font nullfont!
Missing character: There is no i in font nullfont!
Missing character: There is no o in font nullfont!
Missing character: There is no n in font nullfont!
Missing character: There is no a in font nullfont!
Missing character: There is no t in font nullfont!
Missing character: There is no T in font nullfont!
Missing character: There is no e in font nullfont!
Missing character: There is no V in font nullfont!
Missing character: There is no . in font nullfont!
Missing character: There is no C in font nullfont!
Missing character: There is no h in font nullfont!
Missing character: There is no a in font nullfont!
Missing character: There is no p in font nullfont!
Missing character: There is no t in font nullfont!
Missing character: There is no e in font nullfont!
Missing character: There is no r in font nullfont!
! Undefined control sequence.
<write> ... Reference `Chapter6' on page \thepage 
                                                  \space undefined\on@line .
l.55 Chapter \ref{Chapter6}
                            presents the integrated measurement of integrate...
The control sequence at the end of the top line
of your error message was never \def'ed. If you have
misspelled it (e.g., `\hobx'), type `I' and the correct
spelling (e.g., `I\hbox'). Otherwise just continue,
and I'll forget about whatever was undefined.


LaTeX Warning: Reference `Chapter6' on page  undefined on input line 55.

Missing character: There is no p in font nullfont!
Missing character: There is no r in font nullfont!
Missing character: There is no e in font nullfont!
Missing character: There is no s in font nullfont!
Missing character: There is no e in font nullfont!
Missing character: There is no n in font nullfont!
Missing character: There is no t in font nullfont!
Missing character: There is no s in font nullfont!
Missing character: There is no t in font nullfont!
Missing character: There is no h in font nullfont!
Missing character: There is no e in font nullfont!
Missing character: There is no i in font nullfont!
Missing character: There is no n in font nullfont!
Missing character: There is no t in font nullfont!
Missing character: There is no e in font nullfont!
Missing character: There is no g in font nullfont!
Missing character: There is no r in font nullfont!
Missing character: There is no a in font nullfont!
Missing character: There is no t in font nullfont!
Missing character: There is no e in font nullfont!
Missing character: There is no d in font nullfont!
Missing character: There is no m in font nullfont!
Missing character: There is no e in font nullfont!
Missing character: There is no a in font nullfont!
Missing character: There is no s in font nullfont!
Missing character: There is no u in font nullfont!
Missing character: There is no r in font nullfont!
Missing character: There is no e in font nullfont!
Missing character: There is no m in font nullfont!
Missing character: There is no e in font nullfont!
Missing character: There is no n in font nullfont!
Missing character: There is no t in font nullfont!
Missing character: There is no o in font nullfont!
Missing character: There is no f in font nullfont!
Missing character: There is no i in font nullfont!
Missing character: There is no n in font nullfont!
Missing character: There is no t in font nullfont!
Missing character: There is no e in font nullfont!
Missing character: There is no g in font nullfont!
Missing character: There is no r in font nullfont!
Missing character: There is no a in font nullfont!
Missing character: There is no t in font nullfont!
Missing character: There is no e in font nullfont!
Missing character: There is no d in font nullfont!
Missing character: There is no f in font nullfont!
Missing character: There is no i in font nullfont!
Missing character: There is no d in font nullfont!
Missing character: There is no u in font nullfont!
Missing character: There is no c in font nullfont!
Missing character: There is no i in font nullfont!
Missing character: There is no a in font nullfont!
Missing character: There is no l in font nullfont!
Missing character: There is no c in font nullfont!
Missing character: There is no r in font nullfont!
Missing character: There is no o in font nullfont!
Missing character: There is no s in font nullfont!
Missing character: There is no s in font nullfont!
Missing character: There is no s in font nullfont!
Missing character: There is no e in font nullfont!
Missing character: There is no c in font nullfont!
Missing character: There is no t in font nullfont!
Missing character: There is no i in font nullfont!
Missing character: There is no o in font nullfont!
Missing character: There is no n in font nullfont!
Missing character: There is no s in font nullfont!
Missing character: There is no f in font nullfont!
Missing character: There is no o in font nullfont!
Missing character: There is no r in font nullfont!
Missing character: There is no H in font nullfont!
Missing character: There is no i in font nullfont!
Missing character: There is no g in font nullfont!
Missing character: There is no g in font nullfont!
Missing character: There is no s in font nullfont!
Missing character: There is no b in font nullfont!
Missing character: There is no o in font nullfont!
Missing character: There is no s in font nullfont!
Missing character: There is no o in font nullfont!
Missing character: There is no n in font nullfont!
Missing character: There is no p in font nullfont!
Missing character: There is no r in font nullfont!
Missing character: There is no o in font nullfont!
Missing character: There is no d in font nullfont!
Missing character: There is no u in font nullfont!
Missing character: There is no c in font nullfont!
Missing character: There is no t in font nullfont!
Missing character: There is no i in font nullfont!
Missing character: There is no o in font nullfont!
Missing character: There is no n in font nullfont!
Missing character: There is no a in font nullfont!
Missing character: There is no t in font nullfont!
Missing character: There is no T in font nullfont!
Missing character: There is no e in font nullfont!
Missing character: There is no V in font nullfont!
Missing character: There is no a in font nullfont!
Missing character: There is no n in font nullfont!
Missing character: There is no d in font nullfont!
Missing character: There is no H in font nullfont!
Missing character: There is no i in font nullfont!
Missing character: There is no g in font nullfont!
Missing character: There is no g in font nullfont!
Missing character: There is no s in font nullfont!
Missing character: There is no b in font nullfont!
Missing character: There is no o in font nullfont!
Missing character: There is no s in font nullfont!
Missing character: There is no o in font nullfont!
Missing character: There is no n in font nullfont!
Missing character: There is no p in font nullfont!
Missing character: There is no r in font nullfont!
Missing character: There is no o in font nullfont!
Missing character: There is no d in font nullfont!
Missing character: There is no u in font nullfont!
Missing character: There is no c in font nullfont!
Missing character: There is no t in font nullfont!
Missing character: There is no i in font nullfont!
Missing character: There is no o in font nullfont!
Missing character: There is no n in font nullfont!
Missing character: There is no c in font nullfont!
Missing character: There is no r in font nullfont!
Missing character: There is no o in font nullfont!
Missing character: There is no s in font nullfont!
Missing character: There is no s in font nullfont!
Missing character: There is no s in font nullfont!
Missing character: There is no e in font nullfont!
Missing character: There is no c in font nullfont!
Missing character: There is no t in font nullfont!
Missing character: There is no i in font nullfont!
Missing character: There is no o in font nullfont!
Missing character: There is no n in font nullfont!
Missing character: There is no s in font nullfont!
Missing character: There is no a in font nullfont!
Missing character: There is no s in font nullfont!
Missing character: There is no a in font nullfont!
Missing character: There is no f in font nullfont!
Missing character: There is no u in font nullfont!
Missing character: There is no n in font nullfont!
Missing character: There is no c in font nullfont!
Missing character: There is no t in font nullfont!
Missing character: There is no i in font nullfont!
Missing character: There is no o in font nullfont!
Missing character: There is no n in font nullfont!
Missing character: There is no o in font nullfont!
Missing character: There is no f in font nullfont!
Missing character: There is no . in font nullfont!
Missing character: There is no F in font nullfont!
Missing character: There is no i in font nullfont!
Missing character: There is no n in font nullfont!
Missing character: There is no a in font nullfont!
Missing character: There is no l in font nullfont!
Missing character: There is no l in font nullfont!
Missing character: There is no y in font nullfont!
Missing character: There is no , in font nullfont!
Missing character: There is no t in font nullfont!
Missing character: There is no h in font nullfont!
Missing character: There is no e in font nullfont!
Missing character: There is no c in font nullfont!
Missing character: There is no o in font nullfont!
Missing character: There is no n in font nullfont!
Missing character: There is no c in font nullfont!
Missing character: There is no l in font nullfont!
Missing character: There is no u in font nullfont!
Missing character: There is no s in font nullfont!
Missing character: There is no i in font nullfont!
Missing character: There is no o in font nullfont!
Missing character: There is no n in font nullfont!
Missing character: There is no s in font nullfont!
Missing character: There is no a in font nullfont!
Missing character: There is no n in font nullfont!
Missing character: There is no d in font nullfont!
Missing character: There is no o in font nullfont!
Missing character: There is no u in font nullfont!
Missing character: There is no t in font nullfont!
Missing character: There is no l in font nullfont!
Missing character: There is no o in font nullfont!
Missing character: There is no o in font nullfont!
Missing character: There is no k in font nullfont!
Missing character: There is no o in font nullfont!
Missing character: There is no f in font nullfont!
Missing character: There is no t in font nullfont!
Missing character: There is no h in font nullfont!
Missing character: There is no e in font nullfont!
Missing character: There is no d in font nullfont!
Missing character: There is no i in font nullfont!
Missing character: There is no s in font nullfont!
Missing character: There is no s in font nullfont!
Missing character: There is no e in font nullfont!
Missing character: There is no r in font nullfont!
Missing character: There is no t in font nullfont!
Missing character: There is no a in font nullfont!
Missing character: There is no t in font nullfont!
Missing character: There is no i in font nullfont!
Missing character: There is no o in font nullfont!
Missing character: There is no n in font nullfont!
Missing character: There is no a in font nullfont!
Missing character: There is no r in font nullfont!
Missing character: There is no e in font nullfont!
Missing character: There is no s in font nullfont!
Missing character: There is no u in font nullfont!
Missing character: There is no m in font nullfont!
Missing character: There is no m in font nullfont!
Missing character: There is no a in font nullfont!
Missing character: There is no r in font nullfont!
Missing character: There is no i in font nullfont!
Missing character: There is no z in font nullfont!
Missing character: There is no e in font nullfont!
Missing character: There is no d in font nullfont!
Missing character: There is no i in font nullfont!
Missing character: There is no n in font nullfont!
Missing character: There is no C in font nullfont!
Missing character: There is no h in font nullfont!
Missing character: There is no a in font nullfont!
Missing character: There is no p in font nullfont!
Missing character: There is no t in font nullfont!
Missing character: There is no e in font nullfont!
Missing character: There is no r in font nullfont!
Missing character: There is no s in font nullfont!
! Undefined control sequence.
<write> ... Reference `Chapter7' on page \thepage 
                                                  \space undefined\on@line .
l.57 ... are summarized in Chapters \ref{Chapter7}
                                                   and \ref{Chapter8}.
The control sequence at the end of the top line
of your error message was never \def'ed. If you have
misspelled it (e.g., `\hobx'), type `I' and the correct
spelling (e.g., `I\hbox'). Otherwise just continue,
and I'll forget about whatever was undefined.


LaTeX Warning: Reference `Chapter7' on page  undefined on input line 57.

Missing character: There is no a in font nullfont!
Missing character: There is no n in font nullfont!
Missing character: There is no d in font nullfont!
! Undefined control sequence.
<write> ... Reference `Chapter8' on page \thepage 
                                                  \space undefined\on@line .
l.57 ...Chapters \ref{Chapter7} and \ref{Chapter8}
                                                  .
The control sequence at the end of the top line
of your error message was never \def'ed. If you have
misspelled it (e.g., `\hobx'), type `I' and the correct
spelling (e.g., `I\hbox'). Otherwise just continue,
and I'll forget about whatever was undefined.


LaTeX Warning: Reference `Chapter8' on page  undefined on input line 57.

Missing character: There is no . in font nullfont!
)
! Emergency stop.
<*> introduction.tex
                    
*** (job aborted, no legal \end found)

 
Here is how much of TeX's memory you used:
 38 strings out of 493414
 598 string characters out of 6143091
 53224 words of memory out of 5000000
 3586 multiletter control sequences out of 15000+600000
 3948 words of font info for 15 fonts, out of 8000000 for 9000
 902 hyphenation exceptions out of 8191
 18i,2n,25p,203b,92s stack positions out of 5000i,500n,10000p,200000b,80000s
!  ==> Fatal error occurred, no output PDF file produced!
